dni,asesor,area,sede,fecha_ingreso,estado_trabajador,anio,mes,periodo,aprobacion_inmediata_pct,horas_conexion_acumulado,horas_conexion_pct,tmo_minutos,nps_pct,calidad_pct,tipificacion_crm_pct,nota_examen,atendidas,reg_crm,nc_aprobacion,nc_horas_conexion,nc_tmo,nc_nps,nc_calidad,nc_tipificacion,alerta_aprobacion,alerta_horas_conexion,alerta_tmo,alerta_nps,alerta_calidad,alerta_tipificacion,score_final,semaforo_actual,tmo_original_bronze,semaforo_mes_siguiente,score_mes_siguiente,periodo_siguiente
40107223,María Rodríguez Morales,Gestión de Reportes,Los Olivos,2021-08-03,Cesado,2024,01,2024-01,45.0,164.42277777777778,79.39722222222223,6.0595,76.94,77.4,86.94444444444444,14.0,18222.0,15854.0,0.0,0.0,0.0,150.0,37.0,69.44,Crítico,Crítico,Crítico,Adecuado,Crítico,Crítico,53.69,Rojo,6.87,Rojo,69.06,2024-02
40107223,María Rodríguez Morales,Gestión de Reportes,Los Olivos,2021-08-03,Cesado,2024,02,2024-02,55.0,155.91555555555556,81.31166666666667,5.8525,72.34,82.85714285714286,85.9375,14.928571428571429,14498.0,12332.0,150.0,0.0,14.75,116.4,64.29,59.38,Adecuado,Crítico,Crítico,Adecuado,Crítico,Crítico,69.06,Rojo,6.67,Ámbar,71.91,2024-03
40107223,María Rodríguez Morales,Gestión de Reportes,Los Olivos,2021-08-03,Cesado,2024,03,2024-03,50.0,169.7323076923077,81.96076923076923,5.847222222222222,77.88,79.72222222222223,89.2,14.5,13653.0,12130.0,100.0,0.0,15.28,150.0,48.61,92.0,Adecuado,Crítico,Crítico,Adecuado,Crítico,Por mejorar,71.91,Ámbar,6.94,Rojo,65.96,2024-04
40107223,María Rodríguez Morales,Gestión de Reportes,Los Olivos,2021-08-03,Cesado,2024,04,2024-04,45.0,157.76333333333332,79.11095238095238,5.749333333333333,75.59,81.3157894736842,89.57894736842105,14.68421052631579,18993.0,17017.0,0.0,0.0,25.07,148.9,56.58,95.79,Crítico,Crítico,Crítico,Adecuado,Crítico,Por mejorar,65.96,Rojo,6.98,Rojo,24.11,2024-05
40107223,María Rodríguez Morales,Gestión de Reportes,Los Olivos,2021-08-03,Cesado,2024,05,2024-05,45.0,171.3035294117647,82.71941176470588,5.888823529411765,61.94,81.47058823529412,84.44444444444444,15.058823529411764,14130.0,11869.0,0.0,0.0,11.12,12.4,57.35,44.44,Crítico,Crítico,Crítico,Crítico,Crítico,Crítico,24.11,Rojo,6.84,Ámbar,85.85,2024-06
40107223,María Rodríguez Morales,Gestión de Reportes,Los Olivos,2021-08-03,Cesado,2024,06,2024-06,55.0,157.36052631578949,78.90947368421052,5.87,76.95,87.0,89.5,15.6,17707.0,15909.0,150.0,0.0,13.0,150.0,85.0,95.0,Adecuado,Crítico,Crítico,Adecuado,Por mejorar,Por mejorar,85.85,Ámbar,6.89,Ámbar,79.94,2024-07
40107223,María Rodríguez Morales,Gestión de Reportes,Los Olivos,2021-08-03,Cesado,2024,07,2024-07,55.0,167.19315789473683,80.73421052631579,5.910625,78.94,83.5,88.77777777777777,15.7,17648.0,15655.0,150.0,0.0,8.94,150.0,67.5,87.78,Adecuado,Crítico,Crítico,Adecuado,Crítico,Por mejorar,79.94,Ámbar,6.83,Ámbar,72.7,2024-08
40107223,María Rodríguez Morales,Gestión de Reportes,Los Olivos,2021-08-03,Cesado,2024,08,2024-08,50.0,168.43823529411765,81.33529411764705,5.903,77.52,80.76470588235294,89.8,15.294117647058824,19507.0,17432.0,100.0,0.0,9.7,150.0,53.82,98.0,Adecuado,Crítico,Crítico,Adecuado,Crítico,Por mejorar,72.7,Ámbar,6.92,Rojo,27.23,2024-09
40107223,María Rodríguez Morales,Gestión de Reportes,Los Olivos,2021-08-03,Cesado,2024,09,2024-09,55.0,159.86190476190475,80.16428571428571,6.015625,61.46,73.63636363636364,85.78571428571429,13.5,12423.0,10553.0,150.0,0.0,0.0,7.6,18.18,57.86,Adecuado,Crítico,Crítico,Crítico,Crítico,Crítico,27.23,Rojo,6.92,Rojo,63.43,2024-10
40107223,María Rodríguez Morales,Gestión de Reportes,Los Olivos,2021-08-03,Cesado,2024,10,2024-10,50.0,167.4175,80.843125,5.935625,77.82,78.6923076923077,83.77777777777777,13.692307692307692,15399.0,12897.0,100.0,0.0,6.44,150.0,43.46,37.78,Adecuado,Crítico,Crítico,Adecuado,Crítico,Crítico,63.43,Rojo,6.72,Rojo,49.45,2024-11
40107223,María Rodríguez Morales,Gestión de Reportes,Los Olivos,2021-08-03,Cesado,2024,11,2024-11,50.0,159.58263157894737,80.02421052631578,5.995263157894737,72.67,72.21052631578948,86.66666666666667,12.736842105263158,8126.0,7057.0,100.0,0.0,0.47,119.7,11.05,66.67,Adecuado,Crítico,Crítico,Adecuado,Crítico,Crítico,49.45,Rojo,6.99,Rojo,42.04,2024-12
40107223,María Rodríguez Morales,Gestión de Reportes,Los Olivos,2021-08-03,Cesado,2024,12,2024-12,45.0,164.19785714285715,79.28928571428571,6.036315789473684,68.91,79.07692307692308,90.33333333333333,14.307692307692308,16878.0,15199.0,0.0,0.0,0.0,82.1,45.38,101.67,Crítico,Crítico,Crítico,Por mejorar,Crítico,Adecuado,42.04,Rojo,6.77,Rojo,41.91,2025-01
40107223,María Rodríguez Morales,Gestión de Reportes,Los Olivos,2021-08-03,Cesado,2025,01,2025-01,45.0,169.4664705882353,81.83235294117647,6.131666666666667,67.3,80.29411764705883,95.0909090909091,14.764705882352942,11332.0,10653.0,0.0,0.0,0.0,66.0,51.47,125.45,Crítico,Crítico,Crítico,Crítico,Crítico,Adecuado,41.91,Rojo,6.91,Rojo,56.59,2025-02
40107223,María Rodríguez Morales,Gestión de Reportes,Los Olivos,2021-08-03,Cesado,2025,02,2025-02,45.0,149.3205,81.116,5.827894736842105,75.07,77.8,87.47058823529412,13.866666666666667,17334.0,15212.0,0.0,0.0,17.21,143.7,39.0,74.71,Crítico,Crítico,Crítico,Adecuado,Crítico,Por mejorar,56.59,Rojo,6.98,Rojo,33.57,2025-03
40107223,María Rodríguez Morales,Gestión de Reportes,Los Olivos,2021-08-03,Cesado,2025,03,2025-03,45.0,166.985,80.63428571428571,5.964285714285714,67.12,77.33333333333333,87.63636363636364,13.722222222222221,11494.0,10059.0,0.0,0.0,3.57,64.2,36.67,76.36,Crítico,Crítico,Crítico,Crítico,Crítico,Por mejorar,33.57,Rojo,6.79,Rojo,39.55,2025-04
40107223,María Rodríguez Morales,Gestión de Reportes,Los Olivos,2021-08-03,Cesado,2025,04,2025-04,45.0,159.64533333333333,80.05466666666666,5.964444444444444,68.69,83.9375,81.4375,15.5,15676.0,12779.0,0.0,0.0,3.56,79.9,69.69,14.38,Crítico,Crítico,Crítico,Por mejorar,Crítico,Crítico,39.55,Rojo,6.63,Rojo,50.7,2025-05
40107223,María Rodríguez Morales,Gestión de Reportes,Los Olivos,2021-08-03,Cesado,2025,05,2025-05,50.0,169.026,81.6185,5.947777777777778,69.69,74.6875,92.64285714285714,13.1875,13687.0,12614.0,100.0,0.0,5.22,89.9,23.44,113.21,Adecuado,Crítico,Crítico,Por mejorar,Crítico,Adecuado,50.7,Rojo,6.96,Rojo,24.05,2025-06
40107223,María Rodríguez Morales,Gestión de Reportes,Los Olivos,2021-08-03,Cesado,2025,06,2025-06,50.0,157.72894736842105,79.09473684210526,6.09375,60.76,76.57142857142857,85.6875,14.214285714285714,14937.0,12584.0,100.0,0.0,0.0,0.6,32.86,56.88,Adecuado,Crítico,Crítico,Crítico,Crítico,Crítico,24.05,Rojo,6.91,Ámbar,72.65,2025-07
40107223,María Rodríguez Morales,Gestión de Reportes,Los Olivos,2021-08-03,Cesado,2025,07,2025-07,55.0,163.596,78.99733333333333,6.063888888888889,76.96,82.4,84.6470588235294,14.2,14977.0,12734.0,150.0,0.0,0.0,150.0,62.0,46.47,Adecuado,Crítico,Crítico,Adecuado,Crítico,Crítico,72.65,Ámbar,6.98,Rojo,32.9,2025-08
40107223,María Rodríguez Morales,Gestión de Reportes,Los Olivos,2021-08-03,Cesado,2025,08,2025-08,55.0,165.05466666666666,79.70266666666667,6.173809523809524,61.87,76.0,87.47368421052632,13.571428571428571,18084.0,15795.0,150.0,0.0,0.0,11.7,30.0,74.74,Adecuado,Crítico,Crítico,Crítico,Crítico,Por mejorar,32.9,Rojo,7.0,Rojo,42.47,2025-09
40107223,María Rodríguez Morales,Gestión de Reportes,Los Olivos,2021-08-03,Cesado,2025,09,2025-09,45.0,155.05666666666667,77.755,5.9206666666666665,68.55,82.38888888888889,85.76923076923077,15.11111111111111,11927.0,10290.0,0.0,0.0,7.93,78.5,61.94,57.69,Crítico,Crítico,Crítico,Por mejorar,Crítico,Crítico,42.47,Rojo,6.99,Rojo,38.6,2025-10
40107223,María Rodríguez Morales,Gestión de Reportes,Los Olivos,2021-08-03,Cesado,2025,10,2025-10,45.0,162.42,78.42866666666667,5.835,67.83,79.66666666666667,85.38888888888889,15.0,17207.0,14651.0,0.0,0.0,16.5,71.3,48.33,53.89,Crítico,Crítico,Crítico,Por mejorar,Crítico,Crítico,38.6,Rojo,6.66,Rojo,66.34,2025-11
40107223,María Rodríguez Morales,Gestión de Reportes,Los Olivos,2021-08-03,Cesado,2025,11,2025-11,50.0,154.12428571428572,77.28571428571429,6.002666666666666,73.9,85.47058823529412,84.0,16.058823529411764,16343.0,13651.0,100.0,0.0,0.0,132.0,77.35,40.0,Adecuado,Crítico,Crítico,Adecuado,Por mejorar,Crítico,66.34,Rojo,6.66,Rojo,65.26,2025-12
40107223,María Rodríguez Morales,Gestión de Reportes,Los Olivos,2021-08-03,Cesado,2025,12,2025-12,50.0,163.09666666666666,78.75611111111111,6.002941176470588,77.5,77.05882352941177,88.94117647058823,14.470588235294118,15123.0,13440.0,100.0,0.0,0.0,150.0,35.29,89.41,Adecuado,Crítico,Crítico,Adecuado,Crítico,Por mejorar,65.26,Rojo,6.77,Rojo,69.74,2026-01
40107223,María Rodríguez Morales,Gestión de Reportes,Los Olivos,2021-08-03,Cesado,2026,01,2026-01,55.0,166.4557142857143,80.37928571428571,6.193888888888889,76.7,77.23529411764706,88.19047619047619,13.588235294117647,20435.0,18029.0,150.0,0.0,0.0,150.0,36.18,81.9,Adecuado,Crítico,Crítico,Adecuado,Crítico,Por mejorar,69.74,Rojo,6.87,Rojo,64.1,2026-02
40107223,María Rodríguez Morales,Gestión de Reportes,Los Olivos,2021-08-03,Cesado,2026,02,2026-02,50.0,146.724375,79.7075,5.826470588235294,77.98,76.5,85.0,12.75,17203.0,14719.0,100.0,0.0,17.35,150.0,32.5,50.0,Adecuado,Crítico,Crítico,Adecuado,Crítico,Crítico,64.1,Rojo,6.91,Rojo,37.3,2026-03
40107223,María Rodríguez Morales,Gestión de Reportes,Los Olivos,2021-08-03,Cesado,2026,03,2026-03,55.0,167.54684210526315,80.90473684210527,6.092222222222222,62.02,79.17647058823529,87.53333333333333,14.058823529411764,14525.0,12597.0,150.0,0.0,0.0,13.2,45.88,75.33,Adecuado,Crítico,Crítico,Crítico,Crítico,Por mejorar,37.3,Rojo,6.99,Rojo,51.08,2026-04
40322909,Lucía Reyes Salazar,Gestión de Reportes,Ate,2022-12-11,Activo,2024,01,2024-01,50.0,194.8625,94.09571428571428,5.973214285714286,76.94,73.85714285714286,89.21428571428571,13.75,27667.0,24565.0,100.0,81.91,2.68,150.0,19.29,92.14,Adecuado,Por mejorar,Crítico,Adecuado,Crítico,Por mejorar,70.26,Ámbar,6.93,Ámbar,77.25,2024-02
40322909,Lucía Reyes Salazar,Gestión de Reportes,Ate,2022-12-11,Activo,2024,02,2024-02,55.0,183.37821428571428,95.63357142857143,6.02,72.34,81.21428571428571,88.5,14.464285714285714,25500.0,22816.0,150.0,106.34,0.0,116.4,56.07,85.0,Adecuado,Adecuado,Crítico,Adecuado,Crítico,Por mejorar,77.25,Ámbar,6.98,Ámbar,81.27,2024-03
40322909,Lucía Reyes Salazar,Gestión de Reportes,Ate,2022-12-11,Activo,2024,03,2024-03,55.0,197.82357142857143,95.52464285714285,6.085,77.88,77.14285714285714,89.32142857142857,13.642857142857142,26525.0,23666.0,150.0,105.25,0.0,150.0,35.71,93.21,Adecuado,Adecuado,Crítico,Adecuado,Crítico,Por mejorar,81.27,Ámbar,6.98,Ámbar,87.55,2024-04
40322909,Lucía Reyes Salazar,Gestión de Reportes,Ate,2022-12-11,Activo,2024,04,2024-04,55.0,190.43392857142857,95.49321428571429,6.093214285714286,75.59,83.46428571428571,88.0,14.892857142857142,25679.0,22540.0,150.0,104.93,0.0,148.9,67.32,80.0,Adecuado,Adecuado,Crítico,Adecuado,Crítico,Por mejorar,87.55,Ámbar,6.92,Rojo,48.07,2024-05
40322909,Lucía Reyes Salazar,Gestión de Reportes,Ate,2022-12-11,Activo,2024,05,2024-05,50.0,197.215,95.23178571428572,6.068928571428572,61.94,81.82142857142857,89.96428571428571,15.071428571428571,28323.0,25555.0,100.0,102.32,0.0,12.4,59.11,99.64,Adecuado,Adecuado,Crítico,Crítico,Crítico,Por mejorar,48.07,Rojo,6.88,Ámbar,83.38,2024-06
40322909,Lucía Reyes Salazar,Gestión de Reportes,Ate,2022-12-11,Activo,2024,06,2024-06,50.0,188.93571428571428,94.74142857142857,5.910714285714286,76.95,84.57142857142857,86.39285714285714,15.5,26969.0,23301.0,100.0,94.83,8.93,150.0,72.86,63.93,Adecuado,Por mejorar,Crítico,Adecuado,Por mejorar,Crítico,83.38,Ámbar,6.98,Ámbar,76.87,2024-07
40322909,Lucía Reyes Salazar,Gestión de Reportes,Ate,2022-12-11,Activo,2024,07,2024-07,55.0,194.68,94.00857142857143,5.793928571428571,78.94,76.35714285714286,84.28571428571429,14.0,26569.0,22492.0,150.0,80.17,20.61,150.0,31.79,42.86,Adecuado,Por mejorar,Crítico,Adecuado,Crítico,Crítico,76.87,Ámbar,6.89,Rojo,69.5,2024-08
40322909,Lucía Reyes Salazar,Gestión de Reportes,Ate,2022-12-11,Activo,2024,08,2024-08,45.0,197.72892857142858,95.48,6.034642857142857,77.52,81.5,87.14285714285714,14.821428571428571,28217.0,24643.0,0.0,104.8,0.0,150.0,57.5,71.43,Crítico,Adecuado,Crítico,Adecuado,Crítico,Por mejorar,69.5,Rojo,6.99,Rojo,34.42,2024-09
40322909,Lucía Reyes Salazar,Gestión de Reportes,Ate,2022-12-11,Activo,2024,09,2024-09,45.0,188.085,94.31464285714286,5.848214285714286,61.46,78.57142857142857,90.28571428571429,14.0,26600.0,23960.0,0.0,86.29,15.18,7.6,42.86,101.43,Crítico,Por mejorar,Crítico,Crítico,Crítico,Adecuado,34.42,Rojo,6.99,Ámbar,85.14,2024-10
40322909,Lucía Reyes Salazar,Gestión de Reportes,Ate,2022-12-11,Activo,2024,10,2024-10,55.0,195.48928571428573,94.39785714285715,5.723571428571429,77.82,78.53571428571429,87.64285714285714,14.642857142857142,25889.0,22545.0,150.0,87.96,27.64,150.0,42.68,76.43,Adecuado,Por mejorar,Crítico,Adecuado,Crítico,Por mejorar,85.14,Ámbar,6.92,Ámbar,80.31,2024-11
40322909,Lucía Reyes Salazar,Gestión de Reportes,Ate,2022-12-11,Activo,2024,11,2024-11,50.0,190.68678571428572,95.62035714285715,5.768928571428571,72.67,84.0,87.64285714285714,15.321428571428571,25663.0,22434.0,100.0,106.2,23.11,119.7,70.0,76.43,Adecuado,Adecuado,Crítico,Adecuado,Por mejorar,Por mejorar,80.31,Ámbar,6.76,Rojo,47.45,2024-12
40322909,Lucía Reyes Salazar,Gestión de Reportes,Ate,2022-12-11,Activo,2024,12,2024-12,45.0,196.93214285714285,95.09428571428572,5.982142857142857,68.91,79.17857142857143,85.0,14.928571428571429,24982.0,21529.0,0.0,100.94,1.79,82.1,45.89,50.0,Crítico,Adecuado,Crítico,Por mejorar,Crítico,Crítico,47.45,Rojo,6.97,Rojo,56.65,2025-01
40322909,Lucía Reyes Salazar,Gestión de Reportes,Ate,2022-12-11,Activo,2025,01,2025-01,50.0,196.77678571428572,95.02,6.027857142857143,67.3,78.0,90.25,13.535714285714286,25641.0,23198.0,100.0,100.2,0.0,66.0,40.0,101.25,Adecuado,Adecuado,Crítico,Crítico,Crítico,Adecuado,56.65,Rojo,6.99,Rojo,62.76,2025-02
40322909,Lucía Reyes Salazar,Gestión de Reportes,Ate,2022-12-11,Activo,2025,02,2025-02,45.0,176.02107142857142,95.62214285714286,5.862857142857143,75.07,75.75,86.28571428571429,13.392857142857142,27661.0,23924.0,0.0,106.22,13.71,143.7,28.75,62.86,Crítico,Adecuado,Crítico,Adecuado,Crítico,Crítico,62.76,Rojo,6.92,Rojo,52.57,2025-03
40322909,Lucía Reyes Salazar,Gestión de Reportes,Ate,2022-12-11,Activo,2025,03,2025-03,45.0,195.83607142857142,94.56607142857143,5.909642857142857,67.12,85.17857142857143,86.60714285714286,15.821428571428571,28140.0,24292.0,0.0,91.32,9.04,64.2,75.89,66.07,Crítico,Por mejorar,Crítico,Crítico,Por mejorar,Crítico,52.57,Rojo,6.87,Rojo,64.4,2025-04
40322909,Lucía Reyes Salazar,Gestión de Reportes,Ate,2022-12-11,Activo,2025,04,2025-04,50.0,188.75142857142856,94.64964285714285,5.864285714285714,68.69,79.85714285714286,90.17857142857143,14.071428571428571,26952.0,24222.0,100.0,92.99,13.57,79.9,49.29,100.89,Adecuado,Por mejorar,Crítico,Por mejorar,Crítico,Adecuado,64.4,Rojo,6.99,Rojo,66.87,2025-05
40322909,Lucía Reyes Salazar,Gestión de Reportes,Ate,2022-12-11,Activo,2025,05,2025-05,50.0,196.18357142857144,94.73428571428572,5.678214285714286,69.69,79.25,86.92857142857143,14.107142857142858,26947.0,23351.0,100.0,94.69,32.18,89.9,46.25,69.29,Adecuado,Por mejorar,Crítico,Por mejorar,Crítico,Crítico,66.87,Rojo,6.76,Rojo,44.99,2025-06
40322909,Lucía Reyes Salazar,Gestión de Reportes,Ate,2022-12-11,Activo,2025,06,2025-06,55.0,189.84392857142856,95.19821428571429,5.840714285714285,60.76,79.10714285714286,85.07142857142857,14.785714285714286,26955.0,22929.0,150.0,101.98,15.93,0.6,45.54,50.71,Adecuado,Adecuado,Crítico,Crítico,Crítico,Crítico,44.99,Rojo,6.97,Ámbar,72.59,2025-07
40322909,Lucía Reyes Salazar,Gestión de Reportes,Ate,2022-12-11,Activo,2025,07,2025-07,50.0,196.5275,94.90035714285715,6.0125,76.96,77.85714285714286,85.46428571428571,14.607142857142858,26956.0,23096.0,100.0,98.01,0.0,150.0,39.29,54.64,Adecuado,Por mejorar,Crítico,Adecuado,Crítico,Crítico,72.59,Ámbar,6.93,Rojo,56.58,2025-08
40322909,Lucía Reyes Salazar,Gestión de Reportes,Ate,2022-12-11,Activo,2025,08,2025-08,55.0,199.53821428571428,96.35392857142857,6.148214285714285,61.87,84.60714285714286,89.03571428571429,15.285714285714286,27343.0,24242.0,150.0,113.54,0.0,11.7,73.04,90.36,Adecuado,Adecuado,Crítico,Crítico,Por mejorar,Por mejorar,56.58,Rojo,7.0,Rojo,51.95,2025-09
40322909,Lucía Reyes Salazar,Gestión de Reportes,Ate,2022-12-11,Activo,2025,09,2025-09,45.0,192.70357142857142,96.6325,5.987857142857143,68.55,78.21428571428571,90.35714285714286,14.464285714285714,27751.0,24976.0,0.0,116.33,1.21,78.5,41.07,101.79,Crítico,Adecuado,Crítico,Por mejorar,Crítico,Adecuado,51.95,Rojo,6.98,Rojo,48.02,2025-10
40322909,Lucía Reyes Salazar,Gestión de Reportes,Ate,2022-12-11,Activo,2025,10,2025-10,45.0,195.81035714285716,94.55321428571429,6.011071428571428,67.83,80.07142857142857,88.5,14.821428571428571,26208.0,23189.0,0.0,91.06,0.0,71.3,50.36,85.0,Crítico,Por mejorar,Crítico,Por mejorar,Crítico,Por mejorar,48.02,Rojo,6.99,Ámbar,72.72,2025-11
40322909,Lucía Reyes Salazar,Gestión de Reportes,Ate,2022-12-11,Activo,2025,11,2025-11,50.0,189.0175,94.78357142857143,5.945,73.9,77.35714285714286,89.85714285714286,13.964285714285714,28158.0,25203.0,100.0,95.67,5.5,132.0,36.79,98.57,Adecuado,Por mejorar,Crítico,Adecuado,Crítico,Por mejorar,72.72,Ámbar,6.89,Rojo,67.46,2025-12
40322909,Lucía Reyes Salazar,Gestión de Reportes,Ate,2022-12-11,Activo,2025,12,2025-12,50.0,196.47142857142856,94.87285714285714,5.869285714285715,77.5,71.53571428571429,85.67857142857143,12.714285714285714,26023.0,22134.0,100.0,97.46,13.07,150.0,7.68,56.79,Adecuado,Por mejorar,Crítico,Adecuado,Crítico,Crítico,67.46,Rojo,6.84,Rojo,65.96,2026-01
40322909,Lucía Reyes Salazar,Gestión de Reportes,Ate,2022-12-11,Activo,2026,01,2026-01,45.0,194.85107142857143,94.09035714285714,6.006428571428572,76.7,80.10714285714286,87.64285714285714,15.071428571428571,25791.0,22536.0,0.0,81.81,0.0,150.0,50.54,76.43,Crítico,Por mejorar,Crítico,Adecuado,Crítico,Por mejorar,65.96,Rojo,7.0,Ámbar,76.81,2026-02
40322909,Lucía Reyes Salazar,Gestión de Reportes,Ate,2022-12-11,Activo,2026,02,2026-02,45.0,175.16857142857143,95.15928571428572,5.819642857142857,77.98,82.60714285714286,89.78571428571429,15.392857142857142,24934.0,22382.0,0.0,101.59,18.04,150.0,63.04,97.86,Crítico,Adecuado,Crítico,Adecuado,Crítico,Por mejorar,76.81,Ámbar,6.84,Rojo,48.19,2026-03
40322909,Lucía Reyes Salazar,Gestión de Reportes,Ate,2022-12-11,Activo,2026,03,2026-03,55.0,195.22,94.26857142857143,6.188571428571429,62.02,82.28571428571429,86.0,15.142857142857142,26894.0,23166.0,150.0,85.37,0.0,13.2,61.43,60.0,Adecuado,Por mejorar,Crítico,Crítico,Crítico,Crítico,48.19,Rojo,6.97,Rojo,43.98,2026-04
40375986,Rosa Torres Cabrera,Atención Operativa,Ate,2021-01-17,Activo,2024,01,2024-01,50.0,199.48464285714286,96.32785714285714,6.136428571428572,76.94,76.28571428571429,89.57142857142857,13.392857142857142,27950.0,24978.0,100.0,113.28,0.0,150.0,31.43,95.71,Adecuado,Adecuado,Crítico,Adecuado,Crítico,Por mejorar,76.26,Ámbar,6.94,Rojo,69.17,2024-02
40375986,Rosa Torres Cabrera,Atención Operativa,Ate,2021-01-17,Activo,2024,02,2024-02,50.0,182.18178571428572,95.01071428571429,5.964285714285714,72.34,81.53571428571429,84.92857142857143,15.178571428571429,27206.0,23014.0,100.0,100.11,3.57,116.4,57.68,49.29,Adecuado,Adecuado,Crítico,Adecuado,Crítico,Crítico,69.17,Rojo,6.82,Ámbar,89.11,2024-03
40375986,Rosa Torres Cabrera,Atención Operativa,Ate,2021-01-17,Activo,2024,03,2024-03,55.0,196.12857142857143,94.70785714285714,5.856428571428571,77.88,82.42857142857143,88.78571428571429,15.071428571428571,24932.0,22063.0,150.0,94.16,14.36,150.0,62.14,87.86,Adecuado,Por mejorar,Crítico,Adecuado,Crítico,Por mejorar,89.11,Ámbar,6.86,Ámbar,70.07,2024-04
40375986,Rosa Torres Cabrera,Atención Operativa,Ate,2021-01-17,Activo,2024,04,2024-04,50.0,188.15892857142856,94.3525,5.991071428571429,75.59,76.14285714285714,86.28571428571429,13.428571428571429,26613.0,22857.0,100.0,87.05,0.89,148.9,30.71,62.86,Adecuado,Por mejorar,Crítico,Adecuado,Crítico,Crítico,70.07,Ámbar,6.87,Rojo,32.29,2024-05
40375986,Rosa Torres Cabrera,Atención Operativa,Ate,2021-01-17,Activo,2024,05,2024-05,45.0,197.85785714285714,95.54214285714286,6.007142857142857,61.94,80.32142857142857,85.75,14.821428571428571,25434.0,21785.0,0.0,105.42,0.0,12.4,51.61,57.5,Crítico,Adecuado,Crítico,Crítico,Crítico,Crítico,32.29,Rojo,6.97,Ámbar,84.19,2024-06
40375986,Rosa Torres Cabrera,Atención Operativa,Ate,2021-01-17,Activo,2024,06,2024-06,55.0,188.70964285714285,94.62857142857143,6.1375,76.95,81.71428571428571,87.78571428571429,15.25,24578.0,21568.0,150.0,92.57,0.0,150.0,58.57,77.86,Adecuado,Por mejorar,Crítico,Adecuado,Crítico,Por mejorar,84.19,Ámbar,7.0,Ámbar,88.37,2024-07
40375986,Rosa Torres Cabrera,Atención Operativa,Ate,2021-01-17,Activo,2024,07,2024-07,55.0,195.20928571428573,94.26214285714286,5.744285714285715,78.94,81.92857142857143,87.32142857142857,15.285714285714286,26726.0,23319.0,150.0,85.24,25.57,150.0,59.64,73.21,Adecuado,Por mejorar,Crítico,Adecuado,Crítico,Por mejorar,88.37,Ámbar,6.85,Ámbar,79.76,2024-08
40375986,Rosa Torres Cabrera,Atención Operativa,Ate,2021-01-17,Activo,2024,08,2024-08,50.0,196.9975,95.12642857142858,5.847142857142857,77.52,79.85714285714286,86.75,15.285714285714286,27216.0,23475.0,100.0,101.26,15.29,150.0,49.29,67.5,Adecuado,Adecuado,Crítico,Adecuado,Crítico,Crítico,79.76,Ámbar,6.93,Rojo,28.96,2024-09
40375986,Rosa Torres Cabrera,Atención Operativa,Ate,2021-01-17,Activo,2024,09,2024-09,45.0,191.01857142857142,95.78678571428571,6.117142857142857,61.46,78.5,85.64285714285714,14.178571428571429,26373.0,22542.0,0.0,107.87,0.0,7.6,42.5,56.43,Crítico,Adecuado,Crítico,Crítico,Crítico,Crítico,28.96,Rojo,6.84,Ámbar,76.05,2024-10
40375986,Rosa Torres Cabrera,Atención Operativa,Ate,2021-01-17,Activo,2024,10,2024-10,45.0,196.07107142857143,94.67821428571429,5.723571428571429,77.82,80.35714285714286,91.42857142857143,14.821428571428571,27551.0,25107.0,0.0,93.56,27.64,150.0,51.79,107.14,Crítico,Por mejorar,Crítico,Adecuado,Crítico,Adecuado,76.05,Ámbar,6.95,Ámbar,70.26,2024-11
40375986,Rosa Torres Cabrera,Atención Operativa,Ate,2021-01-17,Activo,2024,11,2024-11,50.0,189.4307142857143,94.99071428571429,6.071785714285714,72.67,79.71428571428571,88.21428571428571,14.178571428571429,25763.0,22663.0,100.0,99.81,0.0,119.7,48.57,82.14,Adecuado,Por mejorar,Crítico,Adecuado,Crítico,Por mejorar,70.26,Ámbar,6.78,Rojo,51.52,2024-12
40375986,Rosa Torres Cabrera,Atención Operativa,Ate,2021-01-17,Activo,2024,12,2024-12,45.0,197.65428571428572,95.44428571428571,5.846071428571428,68.91,77.32142857142857,88.32142857142857,14.107142857142858,25591.0,22682.0,0.0,104.44,15.39,82.1,36.61,83.21,Crítico,Adecuado,Crítico,Por mejorar,Crítico,Por mejorar,51.52,Rojo,6.95,Rojo,58.11,2025-01
40375986,Rosa Torres Cabrera,Atención Operativa,Ate,2021-01-17,Activo,2025,01,2025-01,55.0,195.36928571428572,94.34142857142857,5.867857142857143,67.3,78.0,85.28571428571429,14.464285714285714,27068.0,23030.0,150.0,86.83,13.21,66.0,40.0,52.86,Adecuado,Por mejorar,Crítico,Crítico,Crítico,Crítico,58.11,Rojo,6.96,Rojo,66.71,2025-02
40375986,Rosa Torres Cabrera,Atención Operativa,Ate,2021-01-17,Activo,2025,02,2025-02,45.0,175.2475,95.20142857142856,5.9382142857142854,75.07,78.53571428571429,88.67857142857143,14.25,27746.0,24659.0,0.0,102.01,6.18,143.7,42.68,86.79,Crítico,Adecuado,Crítico,Adecuado,Crítico,Por mejorar,66.71,Rojo,6.93,Rojo,60.87,2025-03
40375986,Rosa Torres Cabrera,Atención Operativa,Ate,2021-01-17,Activo,2025,03,2025-03,55.0,197.30428571428573,95.27535714285715,5.855357142857143,67.12,76.75,88.21428571428571,13.785714285714286,27485.0,24274.0,150.0,102.75,14.46,64.2,33.75,82.14,Adecuado,Adecuado,Crítico,Crítico,Crítico,Por mejorar,60.87,Rojo,6.85,Rojo,58.53,2025-04
40375986,Rosa Torres Cabrera,Atención Operativa,Ate,2021-01-17,Activo,2025,04,2025-04,50.0,189.34285714285716,94.94714285714285,6.094285714285714,68.69,79.35714285714286,86.96428571428571,14.678571428571429,25884.0,22520.0,100.0,98.94,0.0,79.9,46.79,69.64,Adecuado,Por mejorar,Crítico,Por mejorar,Crítico,Crítico,58.53,Rojo,6.98,Rojo,65.81,2025-05
40375986,Rosa Torres Cabrera,Atención Operativa,Ate,2021-01-17,Activo,2025,05,2025-05,50.0,195.87357142857144,94.58428571428571,6.018571428571429,69.69,83.5,87.28571428571429,15.0,26034.0,22571.0,100.0,91.69,0.0,89.9,67.5,72.86,Adecuado,Por mejorar,Crítico,Por mejorar,Crítico,Por mejorar,65.81,Rojo,6.99,Rojo,51.9,2025-06
40375986,Rosa Torres Cabrera,Atención Operativa,Ate,2021-01-17,Activo,2025,06,2025-06,55.0,189.02678571428572,94.78857142857143,5.8975,60.76,84.21428571428571,87.35714285714286,15.5,27992.0,24421.0,150.0,95.77,10.25,0.6,71.07,73.57,Adecuado,Por mejorar,Crítico,Crítico,Por mejorar,Por mejorar,51.9,Rojo,6.96,Ámbar,81.05,2025-07
40375986,Rosa Torres Cabrera,Atención Operativa,Ate,2021-01-17,Activo,2025,07,2025-07,50.0,196.3957142857143,94.83571428571429,6.169642857142857,76.96,83.78571428571429,86.64285714285714,15.142857142857142,24819.0,21628.0,100.0,96.71,0.0,150.0,68.93,66.43,Adecuado,Por mejorar,Crítico,Adecuado,Crítico,Crítico,81.05,Ámbar,6.99,Rojo,36.68,2025-08
40375986,Rosa Torres Cabrera,Atención Operativa,Ate,2021-01-17,Activo,2025,08,2025-08,45.0,197.1382142857143,95.19464285714285,6.1575,61.87,86.39285714285714,83.07142857142857,16.107142857142858,26516.0,22117.0,0.0,101.95,0.0,11.7,81.96,30.71,Crítico,Adecuado,Crítico,Crítico,Por mejorar,Crítico,36.68,Rojo,6.97,Rojo,69.32,2025-09
40375986,Rosa Torres Cabrera,Atención Operativa,Ate,2021-01-17,Activo,2025,09,2025-09,55.0,189.56678571428571,95.05821428571429,5.776071428571429,68.55,80.78571428571429,86.67857142857143,14.714285714285714,25920.0,22540.0,150.0,100.58,22.39,78.5,53.93,66.79,Adecuado,Adecuado,Crítico,Por mejorar,Crítico,Crítico,69.32,Rojo,6.77,Rojo,59.16,2025-10
40375986,Rosa Torres Cabrera,Atención Operativa,Ate,2021-01-17,Activo,2025,10,2025-10,55.0,198.92535714285714,96.05714285714286,6.135,67.83,77.25,86.21428571428571,14.107142857142858,26945.0,23278.0,150.0,110.57,0.0,71.3,36.25,62.14,Adecuado,Adecuado,Crítico,Por mejorar,Crítico,Crítico,59.16,Rojo,7.0,Rojo,69.01,2025-11
40375986,Rosa Torres Cabrera,Atención Operativa,Ate,2021-01-17,Activo,2025,11,2025-11,45.0,190.93714285714285,95.74642857142857,6.018928571428571,73.9,83.60714285714286,88.25,15.25,26402.0,23196.0,0.0,107.46,0.0,132.0,68.04,82.5,Crítico,Adecuado,Crítico,Adecuado,Crítico,Por mejorar,69.01,Rojo,6.88,Rojo,69.17,2025-12
40375986,Rosa Torres Cabrera,Atención Operativa,Ate,2021-01-17,Activo,2025,12,2025-12,45.0,195.59321428571428,94.44821428571429,5.85,77.5,78.10714285714286,89.64285714285714,14.0,26584.0,23622.0,0.0,88.96,15.0,150.0,40.54,96.43,Crítico,Por mejorar,Crítico,Adecuado,Crítico,Por mejorar,69.17,Rojo,6.87,Ámbar,88.22,2026-01
40375986,Rosa Torres Cabrera,Atención Operativa,Ate,2021-01-17,Activo,2026,01,2026-01,50.0,197.41107142857143,95.32642857142856,5.718928571428571,76.7,83.96428571428571,87.32142857142857,15.428571428571429,26190.0,22847.0,100.0,103.26,28.11,150.0,69.82,73.21,Adecuado,Adecuado,Crítico,Adecuado,Crítico,Por mejorar,88.22,Ámbar,6.64,Ámbar,72.46,2026-02
40375986,Rosa Torres Cabrera,Atención Operativa,Ate,2021-01-17,Activo,2026,02,2026-02,45.0,173.63,94.32285714285715,5.918571428571429,77.98,82.17857142857143,89.46428571428571,15.25,26428.0,23698.0,0.0,86.46,8.14,150.0,60.89,94.64,Crítico,Por mejorar,Crítico,Adecuado,Crítico,Por mejorar,72.46,Ámbar,6.96,Rojo,31.48,2026-03
40375986,Rosa Torres Cabrera,Atención Operativa,Ate,2021-01-17,Activo,2026,03,2026-03,45.0,197.5132142857143,95.37607142857142,6.011428571428572,62.02,77.21428571428571,88.78571428571429,14.178571428571429,23759.0,21033.0,0.0,103.76,0.0,13.2,36.07,87.86,Crítico,Adecuado,Crítico,Crítico,Crítico,Por mejorar,31.48,Rojo,6.92,Rojo,43.54,2026-04
40536654,Luis Aguilar Mamani,Monitoreo de Incidencias,Los Olivos,2022-06-19,Activo,2024,01,2024-01,55.0,197.08428571428573,95.16892857142857,6.222857142857143,76.94,78.89285714285714,88.32142857142857,14.035714285714286,27671.0,24350.0,150.0,101.69,0.0,150.0,44.46,83.21,Adecuado,Adecuado,Crítico,Adecuado,Crítico,Por mejorar,82.11,Ámbar,6.98,Rojo,69.27,2024-02
40536654,Luis Aguilar Mamani,Monitoreo de Incidencias,Los Olivos,2022-06-19,Activo,2024,02,2024-02,50.0,181.58642857142857,94.70035714285714,6.069642857142857,72.34,80.21428571428571,88.0,15.071428571428571,27517.0,24212.0,100.0,94.01,0.0,116.4,51.07,80.0,Adecuado,Por mejorar,Crítico,Adecuado,Crítico,Por mejorar,69.27,Rojo,6.99,Ámbar,83.76,2024-03
40536654,Luis Aguilar Mamani,Monitoreo de Incidencias,Los Olivos,2022-06-19,Activo,2024,03,2024-03,50.0,197.75035714285715,95.49,5.9275,77.88,82.85714285714286,88.25,14.821428571428571,26874.0,23612.0,100.0,104.9,7.25,150.0,64.29,82.5,Adecuado,Adecuado,Crítico,Adecuado,Crítico,Por mejorar,83.76,Ámbar,6.95,Ámbar,73.33,2024-04
40536654,Luis Aguilar Mamani,Monitoreo de Incidencias,Los Olivos,2022-06-19,Activo,2024,04,2024-04,50.0,189.81392857142856,95.18321428571429,5.960357142857143,75.59,76.07142857142857,87.53571428571429,13.928571428571429,27447.0,24017.0,100.0,101.83,3.96,148.9,30.36,75.36,Adecuado,Adecuado,Crítico,Adecuado,Crítico,Por mejorar,73.33,Ámbar,6.96,Rojo,41.1,2024-05
40536654,Luis Aguilar Mamani,Monitoreo de Incidencias,Los Olivos,2022-06-19,Activo,2024,05,2024-05,55.0,196.02142857142857,94.65571428571428,6.059285714285714,61.94,76.60714285714286,85.42857142857143,13.75,27566.0,23374.0,150.0,93.11,0.0,12.4,33.04,54.29,Adecuado,Por mejorar,Crítico,Crítico,Crítico,Crítico,41.1,Rojo,6.99,Rojo,67.96,2024-06
40536654,Luis Aguilar Mamani,Monitoreo de Incidencias,Los Olivos,2022-06-19,Activo,2024,06,2024-06,45.0,190.08892857142857,95.32178571428571,6.133571428571429,76.95,81.25,86.07142857142857,15.035714285714286,26724.0,22835.0,0.0,103.22,0.0,150.0,56.25,60.71,Crítico,Adecuado,Crítico,Adecuado,Crítico,Crítico,67.96,Rojo,6.97,Ámbar,75.81,2024-07
40536654,Luis Aguilar Mamani,Monitoreo de Incidencias,Los Olivos,2022-06-19,Activo,2024,07,2024-07,50.0,196.28428571428572,94.78214285714286,5.982142857142857,78.94,80.67857142857143,85.03571428571429,15.0,27032.0,22997.0,100.0,95.64,1.79,150.0,53.39,50.36,Adecuado,Por mejorar,Crítico,Adecuado,Crítico,Crítico,75.81,Ámbar,6.89,Rojo,64.44,2024-08
40536654,Luis Aguilar Mamani,Monitoreo de Incidencias,Los Olivos,2022-06-19,Activo,2024,08,2024-08,45.0,197.90571428571428,95.56464285714286,6.014642857142857,77.52,78.35714285714286,85.92857142857143,14.571428571428571,27828.0,23881.0,0.0,105.65,0.0,150.0,41.79,59.29,Crítico,Adecuado,Crítico,Adecuado,Crítico,Crítico,64.44,Rojo,6.87,Rojo,34.01,2024-09
40536654,Luis Aguilar Mamani,Monitoreo de Incidencias,Los Olivos,2022-06-19,Activo,2024,09,2024-09,50.0,188.59464285714284,94.57142857142857,5.883214285714286,61.46,74.07142857142857,85.53571428571429,13.142857142857142,27513.0,23655.0,100.0,91.43,11.68,7.6,20.36,55.36,Adecuado,Por mejorar,Crítico,Crítico,Crítico,Crítico,34.01,Rojo,6.97,Rojo,65.5,2024-10
40536654,Luis Aguilar Mamani,Monitoreo de Incidencias,Los Olivos,2022-06-19,Activo,2024,10,2024-10,45.0,197.7007142857143,95.46571428571428,5.951785714285714,77.82,75.57142857142857,89.60714285714286,13.214285714285714,29446.0,26391.0,0.0,104.66,4.82,150.0,27.86,96.07,Crítico,Adecuado,Crítico,Adecuado,Crítico,Por mejorar,65.5,Rojo,6.94,Rojo,66.87,2024-11
40536654,Luis Aguilar Mamani,Monitoreo de Incidencias,Los Olivos,2022-06-19,Activo,2024,11,2024-11,50.0,188.80535714285713,94.67821428571429,5.984642857142857,72.67,79.67857142857143,85.17857142857143,14.714285714285714,27320.0,23558.0,100.0,93.56,1.54,119.7,48.39,51.79,Adecuado,Por mejorar,Crítico,Adecuado,Crítico,Crítico,66.87,Rojo,6.98,Ámbar,71.64,2024-12
40536654,Luis Aguilar Mamani,Monitoreo de Incidencias,Los Olivos,2022-06-19,Activo,2024,12,2024-12,55.0,198.70964285714285,95.95321428571428,6.089285714285714,68.91,86.92857142857143,84.0,15.892857142857142,26228.0,21998.0,150.0,109.53,0.0,82.1,84.64,40.0,Adecuado,Adecuado,Crítico,Por mejorar,Por mejorar,Crítico,71.64,Ámbar,7.0,Rojo,64.81,2025-01
40536654,Luis Aguilar Mamani,Monitoreo de Incidencias,Los Olivos,2022-06-19,Activo,2025,01,2025-01,55.0,195.87535714285715,94.58392857142857,5.748928571428571,67.3,79.75,86.92857142857143,14.035714285714286,26266.0,22885.0,150.0,91.68,25.11,66.0,48.75,69.29,Adecuado,Por mejorar,Crítico,Crítico,Crítico,Crítico,64.81,Rojo,6.99,Rojo,68.86,2025-02
40536654,Luis Aguilar Mamani,Monitoreo de Incidencias,Los Olivos,2022-06-19,Activo,2025,02,2025-02,45.0,175.03964285714287,95.08892857142857,6.163928571428571,75.07,82.67857142857143,87.0,15.071428571428571,26324.0,22743.0,0.0,100.89,0.0,143.7,63.39,70.0,Crítico,Adecuado,Crítico,Adecuado,Crítico,Por mejorar,68.86,Rojo,6.97,Rojo,58.32,2025-03
40536654,Luis Aguilar Mamani,Monitoreo de Incidencias,Los Olivos,2022-06-19,Activo,2025,03,2025-03,50.0,196.93214285714285,95.09464285714286,6.107857142857143,67.12,80.71428571428571,88.78571428571429,15.071428571428571,26077.0,23176.0,100.0,100.95,0.0,64.2,53.57,87.86,Adecuado,Adecuado,Crítico,Crítico,Crítico,Por mejorar,58.32,Rojo,6.81,Rojo,66.91,2025-04
40536654,Luis Aguilar Mamani,Monitoreo de Incidencias,Los Olivos,2022-06-19,Activo,2025,04,2025-04,50.0,189.34857142857143,94.95,6.156428571428571,68.69,84.71428571428571,88.64285714285714,15.714285714285714,26573.0,23407.0,100.0,99.0,0.0,79.9,73.57,86.43,Adecuado,Por mejorar,Crítico,Por mejorar,Por mejorar,Por mejorar,66.91,Rojo,6.83,Rojo,59.87,2025-05
40536654,Luis Aguilar Mamani,Monitoreo de Incidencias,Los Olivos,2022-06-19,Activo,2025,05,2025-05,45.0,197.0457142857143,95.14928571428571,5.921785714285714,69.69,83.71428571428571,88.53571428571429,15.142857142857142,27263.0,24188.0,0.0,101.49,7.82,89.9,68.57,85.36,Crítico,Adecuado,Crítico,Por mejorar,Crítico,Por mejorar,59.87,Rojo,6.91,Rojo,51.19,2025-06
40536654,Luis Aguilar Mamani,Monitoreo de Incidencias,Los Olivos,2022-06-19,Activo,2025,06,2025-06,50.0,191.61464285714285,96.08535714285715,5.882142857142857,60.76,86.10714285714286,87.46428571428571,15.75,27301.0,23991.0,100.0,110.85,11.79,0.6,80.54,74.64,Adecuado,Adecuado,Crítico,Crítico,Por mejorar,Por mejorar,51.19,Rojo,6.87,Ámbar,75.04,2025-07
40536654,Luis Aguilar Mamani,Monitoreo de Incidencias,Los Olivos,2022-06-19,Activo,2025,07,2025-07,50.0,198.73642857142858,95.96678571428572,6.1275,76.96,76.57142857142857,88.35714285714286,13.928571428571429,28871.0,25631.0,100.0,109.67,0.0,150.0,32.86,83.57,Adecuado,Adecuado,Crítico,Adecuado,Crítico,Por mejorar,75.04,Ámbar,6.96,Rojo,48.67,2025-08
40536654,Luis Aguilar Mamani,Monitoreo de Incidencias,Los Olivos,2022-06-19,Activo,2025,08,2025-08,55.0,197.64392857142857,95.43821428571428,6.1535714285714285,61.87,77.78571428571429,91.14285714285714,13.857142857142858,25373.0,22990.0,150.0,104.38,0.0,11.7,38.93,105.71,Adecuado,Adecuado,Crítico,Crítico,Crítico,Adecuado,48.67,Rojo,6.98,Rojo,64.76,2025-09
40536654,Luis Aguilar Mamani,Monitoreo de Incidencias,Los Olivos,2022-06-19,Activo,2025,09,2025-09,55.0,190.32642857142858,95.43964285714286,5.981428571428571,68.55,79.28571428571429,87.71428571428571,14.107142857142858,25814.0,22592.0,150.0,104.4,1.86,78.5,46.43,77.14,Adecuado,Adecuado,Crítico,Por mejorar,Crítico,Por mejorar,64.76,Rojo,6.93,Rojo,46.46,2025-10
40536654,Luis Aguilar Mamani,Monitoreo de Incidencias,Los Olivos,2022-06-19,Activo,2025,10,2025-10,45.0,196.0432142857143,94.66642857142857,5.954285714285715,67.83,77.96428571428571,88.42857142857143,13.642857142857142,29130.0,25736.0,0.0,93.33,4.57,71.3,39.82,84.29,Crítico,Por mejorar,Crítico,Por mejorar,Crítico,Por mejorar,46.46,Rojo,6.97,Rojo,66.64,2025-11
40536654,Luis Aguilar Mamani,Monitoreo de Incidencias,Los Olivos,2022-06-19,Activo,2025,11,2025-11,50.0,188.65714285714284,94.6025,5.9382142857142854,73.9,75.5,86.32142857142857,13.464285714285714,27857.0,24010.0,100.0,92.05,6.18,132.0,27.5,63.21,Adecuado,Por mejorar,Crítico,Adecuado,Crítico,Crítico,66.64,Rojo,6.72,Ámbar,84.05,2025-12
40536654,Luis Aguilar Mamani,Monitoreo de Incidencias,Los Olivos,2022-06-19,Activo,2025,12,2025-12,50.0,196.0182142857143,94.65321428571428,5.942857142857143,77.5,83.25,89.53571428571429,15.142857142857142,25946.0,23232.0,100.0,93.06,5.71,150.0,66.25,95.36,Adecuado,Por mejorar,Crítico,Adecuado,Crítico,Por mejorar,84.05,Ámbar,6.89,Ámbar,74.01,2026-01
40536654,Luis Aguilar Mamani,Monitoreo de Incidencias,Los Olivos,2022-06-19,Activo,2026,01,2026-01,45.0,197.41464285714287,95.32821428571428,5.680357142857143,76.7,80.75,86.35714285714286,14.392857142857142,28026.0,24385.0,0.0,103.28,31.96,150.0,53.75,63.57,Crítico,Adecuado,Crítico,Adecuado,Crítico,Crítico,74.01,Ámbar,6.78,Ámbar,88.11,2026-02
40536654,Luis Aguilar Mamani,Monitoreo de Incidencias,Los Olivos,2022-06-19,Activo,2026,02,2026-02,50.0,175.26,95.20892857142857,5.7542857142857144,77.98,82.5,89.85714285714286,15.178571428571429,27040.0,24292.0,100.0,102.09,24.57,150.0,62.5,98.57,Adecuado,Adecuado,Crítico,Adecuado,Crítico,Por mejorar,88.11,Ámbar,6.93,Rojo,33.68,2026-03
40536654,Luis Aguilar Mamani,Monitoreo de Incidencias,Los Olivos,2022-06-19,Activo,2026,03,2026-03,45.0,194.8032142857143,94.06642857142857,5.929285714285714,62.02,81.03571428571429,87.03571428571429,14.5,26650.0,23239.0,0.0,81.33,7.07,13.2,55.18,70.36,Crítico,Por mejorar,Crítico,Crítico,Crítico,Por mejorar,33.68,Rojo,6.96,Rojo,50.57,2026-04
41013588,Rosa Salazar Castillo,Gestión de Reportes,San Isidro,2025-06-27,Cesado,2024,01,2024-01,55.0,168.5015,81.3655,5.991428571428571,76.94,79.52941176470588,88.53333333333333,14.529411764705882,13990.0,12417.0,150.0,0.0,0.86,150.0,47.65,85.33,Adecuado,Crítico,Crítico,Adecuado,Crítico,Por mejorar,73.12,Ámbar,6.83,Rojo,59.36,2024-02
41013588,Rosa Salazar Castillo,Gestión de Reportes,San Isidro,2025-06-27,Cesado,2024,02,2024-02,50.0,156.1236842105263,81.41842105263157,5.932222222222222,72.34,79.57142857142857,86.94117647058823,14.642857142857142,16399.0,14257.0,100.0,0.0,6.78,116.4,47.86,69.41,Adecuado,Crítico,Crítico,Adecuado,Crítico,Crítico,59.36,Rojo,6.88,Rojo,68.6,2024-03
41013588,Rosa Salazar Castillo,Gestión de Reportes,San Isidro,2025-06-27,Cesado,2024,03,2024-03,50.0,160.48142857142858,77.49285714285715,5.874705882352941,77.88,76.66666666666667,90.52380952380952,13.0,20493.0,18489.0,100.0,0.0,12.53,150.0,33.33,102.62,Adecuado,Crítico,Crítico,Adecuado,Crítico,Adecuado,68.6,Rojo,6.93,Rojo,56.23,2024-04
41013588,Rosa Salazar Castillo,Gestión de Reportes,San Isidro,2025-06-27,Cesado,2024,04,2024-04,50.0,163.9825,82.22916666666667,6.003333333333333,75.59,72.4,86.0,13.066666666666666,16979.0,14494.0,100.0,0.0,0.0,148.9,12.0,60.0,Adecuado,Crítico,Crítico,Adecuado,Crítico,Crítico,56.23,Rojo,6.98,Rojo,55.93,2024-05
41013588,Rosa Salazar Castillo,Gestión de Reportes,San Isidro,2025-06-27,Cesado,2024,05,2024-05,50.0,167.78666666666666,81.02111111111111,5.880625,61.94,93.6,86.4375,17.6,15651.0,13459.0,100.0,0.0,11.94,12.4,136.0,64.38,Adecuado,Crítico,Crítico,Crítico,Adecuado,Crítico,55.93,Rojo,7.0,Rojo,60.55,2024-06
41013588,Rosa Salazar Castillo,Gestión de Reportes,San Isidro,2025-06-27,Cesado,2024,06,2024-06,50.0,165.145625,82.8125,6.052142857142857,76.95,72.15384615384616,90.70588235294117,12.538461538461538,16573.0,15000.0,100.0,0.0,0.0,150.0,10.77,103.53,Adecuado,Crítico,Crítico,Adecuado,Crítico,Adecuado,60.55,Rojo,6.96,Rojo,65.61,2024-07
41013588,Rosa Salazar Castillo,Gestión de Reportes,San Isidro,2025-06-27,Cesado,2024,07,2024-07,55.0,163.98,79.18368421052631,6.138333333333334,78.94,74.53333333333333,87.4375,12.666666666666666,14380.0,12652.0,150.0,0.0,0.0,150.0,22.67,74.38,Adecuado,Crítico,Crítico,Adecuado,Crítico,Por mejorar,65.61,Rojo,6.82,Rojo,60.74,2024-08
41013588,Rosa Salazar Castillo,Gestión de Reportes,San Isidro,2025-06-27,Cesado,2024,08,2024-08,50.0,166.27588235294118,80.29058823529412,6.0952631578947365,77.52,76.85714285714286,84.66666666666667,14.357142857142858,19183.0,16027.0,100.0,0.0,0.0,150.0,34.29,46.67,Adecuado,Crítico,Crítico,Adecuado,Crítico,Crítico,60.74,Rojo,6.95,Rojo,35.17,2024-09
41013588,Rosa Salazar Castillo,Gestión de Reportes,San Isidro,2025-06-27,Cesado,2024,09,2024-09,55.0,156.70444444444445,78.57944444444445,5.82,61.46,75.23809523809524,88.11764705882354,13.523809523809524,15953.0,14053.0,150.0,0.0,18.0,7.6,26.19,81.18,Adecuado,Crítico,Crítico,Crítico,Crítico,Por mejorar,35.17,Rojo,6.89,Ámbar,70.66,2024-10
41013588,Rosa Salazar Castillo,Gestión de Reportes,San Isidro,2025-06-27,Cesado,2024,10,2024-10,50.0,167.7385,80.9995,6.057647058823529,77.82,80.23076923076923,90.75,14.76923076923077,15159.0,13872.0,100.0,0.0,0.0,150.0,51.15,103.75,Adecuado,Crítico,Crítico,Adecuado,Crítico,Adecuado,70.66,Ámbar,6.92,Rojo,64.39,2024-11
41013588,Rosa Salazar Castillo,Gestión de Reportes,San Isidro,2025-06-27,Cesado,2024,11,2024-11,45.0,158.94416666666666,79.7025,5.8104545454545455,72.67,87.0,89.42857142857143,15.764705882352942,19182.0,17084.0,0.0,0.0,18.95,119.7,85.0,94.29,Crítico,Crítico,Crítico,Adecuado,Por mejorar,Por mejorar,64.39,Rojo,6.99,Rojo,60.11,2024-12
41013588,Rosa Salazar Castillo,Gestión de Reportes,San Isidro,2025-06-27,Cesado,2024,12,2024-12,55.0,167.58642857142857,80.925,5.9375,68.91,83.16666666666667,86.88235294117646,15.333333333333334,16532.0,14291.0,150.0,0.0,6.25,82.1,65.83,68.82,Adecuado,Crítico,Crítico,Por mejorar,Crítico,Crítico,60.11,Rojo,6.95,Rojo,30.75,2025-01
41013588,Rosa Salazar Castillo,Gestión de Reportes,San Isidro,2025-06-27,Cesado,2025,01,2025-01,45.0,162.79611111111112,78.61111111111111,5.862,67.3,72.73333333333333,88.07692307692308,12.466666666666667,12205.0,10671.0,0.0,0.0,13.8,66.0,13.67,80.77,Crítico,Crítico,Crítico,Crítico,Crítico,Por mejorar,30.75,Rojo,6.76,Rojo,60.12,2025-02
41013588,Rosa Salazar Castillo,Gestión de Reportes,San Isidro,2025-06-27,Cesado,2025,02,2025-02,50.0,149.00882352941176,80.94882352941177,5.9715,75.07,79.25,82.0625,14.5625,15444.0,12645.0,100.0,0.0,2.85,143.7,46.25,20.63,Adecuado,Crítico,Crítico,Adecuado,Crítico,Crítico,60.12,Rojo,6.89,Rojo,49.63,2025-03
41013588,Rosa Salazar Castillo,Gestión de Reportes,San Isidro,2025-06-27,Cesado,2025,03,2025-03,50.0,165.16,79.75277777777778,5.729285714285714,67.12,77.5,88.78947368421052,13.8125,17615.0,15538.0,100.0,0.0,27.07,64.2,37.5,87.89,Adecuado,Crítico,Crítico,Crítico,Crítico,Por mejorar,49.63,Rojo,6.47,Rojo,38.06,2025-04
41013588,Rosa Salazar Castillo,Gestión de Reportes,San Isidro,2025-06-27,Cesado,2025,04,2025-04,50.0,159.80357142857142,80.135,5.8825,68.69,68.58823529411765,85.73684210526316,12.705882352941176,18093.0,15474.0,100.0,0.0,11.75,79.9,0.0,57.37,Adecuado,Crítico,Crítico,Por mejorar,Crítico,Crítico,38.06,Rojo,6.73,Rojo,49.88,2025-05
41013588,Rosa Salazar Castillo,Gestión de Reportes,San Isidro,2025-06-27,Cesado,2025,05,2025-05,50.0,164.25058823529412,79.31411764705882,6.033125,69.69,78.25,87.0909090909091,14.5,9482.0,8239.0,100.0,0.0,0.0,89.9,41.25,70.91,Adecuado,Crítico,Crítico,Por mejorar,Crítico,Por mejorar,49.88,Rojo,6.98,Rojo,31.04,2025-06
41013588,Rosa Salazar Castillo,Gestión de Reportes,San Isidro,2025-06-27,Cesado,2025,06,2025-06,50.0,160.3009090909091,80.38318181818182,5.89,60.76,79.35,87.0,14.1,18505.0,16070.0,100.0,0.0,11.0,0.6,46.75,70.0,Adecuado,Crítico,Crítico,Crítico,Crítico,Por mejorar,31.04,Rojo,7.0,Ámbar,82.77,2025-07
41013588,Rosa Salazar Castillo,Gestión de Reportes,San Isidro,2025-06-27,Cesado,2025,07,2025-07,55.0,161.205,77.84214285714286,5.999411764705882,76.96,86.47058823529412,89.66666666666667,15.882352941176471,6161.0,5588.0,150.0,0.0,0.06,150.0,82.35,96.67,Adecuado,Crítico,Crítico,Adecuado,Por mejorar,Por mejorar,82.77,Ámbar,6.93,Rojo,33.78,2025-08
41013588,Rosa Salazar Castillo,Gestión de Reportes,San Isidro,2025-06-27,Cesado,2025,08,2025-08,50.0,158.35526315789474,76.4642105263158,5.929285714285714,61.87,78.25,89.125,13.875,15068.0,13411.0,100.0,0.0,7.07,11.7,41.25,91.25,Adecuado,Crítico,Crítico,Crítico,Crítico,Por mejorar,33.78,Rojo,6.73,Rojo,42.7,2025-09
41013588,Rosa Salazar Castillo,Gestión de Reportes,San Isidro,2025-06-27,Cesado,2025,09,2025-09,45.0,158.47590909090908,79.46818181818182,5.9535294117647055,68.55,79.1,91.53846153846153,14.1,12882.0,11794.0,0.0,0.0,4.65,78.5,45.5,107.69,Crítico,Crítico,Crítico,Por mejorar,Crítico,Adecuado,42.7,Rojo,7.0,Rojo,29.71,2025-10
41013588,Rosa Salazar Castillo,Gestión de Reportes,San Isidro,2025-06-27,Cesado,2025,10,2025-10,45.0,165.69588235294117,80.01294117647059,6.056,67.83,78.52631578947368,81.22727272727273,14.789473684210526,19530.0,15550.0,0.0,0.0,0.0,71.3,42.63,12.27,Crítico,Crítico,Crítico,Por mejorar,Crítico,Crítico,29.71,Rojo,6.66,Ámbar,73.55,2025-11
41013588,Rosa Salazar Castillo,Gestión de Reportes,San Isidro,2025-06-27,Cesado,2025,11,2025-11,55.0,160.15777777777777,80.31166666666667,5.840588235294118,73.9,80.3125,89.47058823529412,14.3125,16213.0,14482.0,150.0,0.0,15.94,132.0,51.56,94.71,Adecuado,Crítico,Crítico,Adecuado,Crítico,Por mejorar,73.55,Ámbar,6.96,Ámbar,75.34,2025-12
41013588,Rosa Salazar Castillo,Gestión de Reportes,San Isidro,2025-06-27,Cesado,2025,12,2025-12,55.0,164.334375,79.354375,6.214117647058823,77.5,81.42857142857143,88.55,15.428571428571429,19995.0,17755.0,150.0,0.0,0.0,150.0,57.14,85.5,Adecuado,Crítico,Crítico,Adecuado,Crítico,Por mejorar,75.34,Ámbar,6.99,Ámbar,74.82,2026-01
41013588,Rosa Salazar Castillo,Gestión de Reportes,San Isidro,2025-06-27,Cesado,2026,01,2026-01,55.0,160.85785714285714,77.67571428571429,5.931111111111111,76.7,80.14285714285714,88.26666666666667,14.428571428571429,15119.0,13415.0,150.0,0.0,6.89,150.0,50.71,82.67,Adecuado,Crítico,Crítico,Adecuado,Crítico,Por mejorar,74.82,Ámbar,6.99,Ámbar,77.73,2026-02
41013588,Rosa Salazar Castillo,Gestión de Reportes,San Isidro,2025-06-27,Cesado,2026,02,2026-02,55.0,141.74714285714285,77.00357142857143,5.9175,77.98,80.375,91.21052631578948,14.5,16119.0,14696.0,150.0,0.0,8.25,150.0,51.88,106.05,Adecuado,Crítico,Crítico,Adecuado,Crítico,Adecuado,77.73,Ámbar,6.91,Rojo,21.23,2026-03
41013588,Rosa Salazar Castillo,Gestión de Reportes,San Isidro,2025-06-27,Cesado,2026,03,2026-03,45.0,167.72,80.9895,6.0245,62.02,79.1875,86.44444444444444,13.9375,16681.0,14529.0,0.0,0.0,0.0,13.2,45.94,64.44,Crítico,Crítico,Crítico,Crítico,Crítico,Crítico,21.23,Rojo,6.84,Rojo,39.68,2026-04
41515904,Valeria Flores Flores,Gestión de Reportes,San Isidro,2022-12-10,Activo,2024,01,2024-01,45.0,196.68464285714285,94.97428571428571,5.895357142857143,76.94,82.32142857142857,86.89285714285714,14.821428571428571,25171.0,21753.0,0.0,99.49,10.46,150.0,61.61,68.93,Crítico,Por mejorar,Crítico,Adecuado,Crítico,Crítico,71.84,Ámbar,7.0,Rojo,69.34,2024-02
41515904,Valeria Flores Flores,Gestión de Reportes,San Isidro,2022-12-10,Activo,2024,02,2024-02,50.0,182.79357142857143,95.32892857142858,5.9225,72.34,77.57142857142857,88.89285714285714,14.178571428571429,26488.0,23460.0,100.0,103.29,7.75,116.4,37.86,88.93,Adecuado,Adecuado,Crítico,Adecuado,Crítico,Por mejorar,69.34,Rojo,6.67,Ámbar,88.49,2024-03
41515904,Valeria Flores Flores,Gestión de Reportes,San Isidro,2022-12-10,Activo,2024,03,2024-03,55.0,197.49107142857142,95.36464285714285,5.914285714285715,77.88,82.21428571428571,88.64285714285714,14.928571428571429,26976.0,24008.0,150.0,103.65,8.57,150.0,61.07,86.43,Adecuado,Adecuado,Crítico,Adecuado,Crítico,Por mejorar,88.49,Ámbar,6.94,Ámbar,78.0,2024-04
41515904,Valeria Flores Flores,Gestión de Reportes,San Isidro,2022-12-10,Activo,2024,04,2024-04,50.0,189.99285714285713,95.27214285714285,5.949285714285715,75.59,80.39285714285714,86.5,14.714285714285714,26094.0,22663.0,100.0,102.72,5.07,148.9,51.96,65.0,Adecuado,Adecuado,Crítico,Adecuado,Crítico,Crítico,78.0,Ámbar,6.95,Rojo,50.49,2024-05
41515904,Valeria Flores Flores,Gestión de Reportes,San Isidro,2022-12-10,Activo,2024,05,2024-05,55.0,197.27892857142857,95.26214285714286,5.967142857142857,61.94,80.75,88.03571428571429,15.0,24517.0,21479.0,150.0,102.62,3.29,12.4,53.75,80.36,Adecuado,Adecuado,Crítico,Crítico,Crítico,Por mejorar,50.49,Rojo,6.95,Ámbar,79.78,2024-06
41515904,Valeria Flores Flores,Gestión de Reportes,San Isidro,2022-12-10,Activo,2024,06,2024-06,50.0,190.5807142857143,95.56785714285714,5.908571428571428,76.95,80.10714285714286,87.25,13.928571428571429,27464.0,23929.0,100.0,105.68,9.14,150.0,50.54,72.5,Adecuado,Adecuado,Crítico,Adecuado,Crítico,Por mejorar,79.78,Ámbar,6.96,Ámbar,86.86,2024-07
41515904,Valeria Flores Flores,Gestión de Reportes,San Isidro,2022-12-10,Activo,2024,07,2024-07,55.0,197.62357142857144,95.42857142857143,5.983214285714285,78.94,80.85714285714286,90.03571428571429,14.785714285714286,24861.0,22499.0,150.0,104.29,1.68,150.0,54.29,100.18,Adecuado,Adecuado,Crítico,Adecuado,Crítico,Adecuado,86.86,Ámbar,6.96,Ámbar,72.85,2024-08
41515904,Valeria Flores Flores,Gestión de Reportes,San Isidro,2022-12-10,Activo,2024,08,2024-08,45.0,196.62892857142856,94.94857142857143,6.118571428571428,77.52,83.82142857142857,88.17857142857143,15.535714285714286,27352.0,24075.0,0.0,98.97,0.0,150.0,69.11,81.79,Crítico,Por mejorar,Crítico,Adecuado,Crítico,Por mejorar,72.85,Ámbar,6.94,Rojo,33.23,2024-09
41515904,Valeria Flores Flores,Gestión de Reportes,San Isidro,2022-12-10,Activo,2024,09,2024-09,45.0,189.46107142857142,95.00571428571429,5.961071428571429,61.46,79.46428571428571,88.71428571428571,14.535714285714286,26740.0,23751.0,0.0,100.06,3.89,7.6,47.32,87.14,Crítico,Adecuado,Crítico,Crítico,Crítico,Por mejorar,33.23,Rojo,6.84,Ámbar,70.29,2024-10
41515904,Valeria Flores Flores,Gestión de Reportes,San Isidro,2022-12-10,Activo,2024,10,2024-10,45.0,193.10142857142858,93.245,5.8325,77.82,82.78571428571429,86.96428571428571,15.0,27435.0,23810.0,0.0,64.9,16.75,150.0,63.93,69.64,Crítico,Crítico,Crítico,Adecuado,Crítico,Crítico,70.29,Ámbar,6.64,Ámbar,73.02,2024-11
41515904,Valeria Flores Flores,Gestión de Reportes,San Isidro,2022-12-10,Activo,2024,11,2024-11,55.0,190.69285714285715,95.62321428571428,6.0321428571428575,72.67,80.60714285714286,84.21428571428571,15.142857142857142,27001.0,22825.0,150.0,106.23,0.0,119.7,53.04,42.14,Adecuado,Adecuado,Crítico,Adecuado,Crítico,Crítico,73.02,Ámbar,6.98,Rojo,64.14,2024-12
41515904,Valeria Flores Flores,Gestión de Reportes,San Isidro,2022-12-10,Activo,2024,12,2024-12,50.0,198.45964285714285,95.8325,6.152857142857143,68.91,81.85714285714286,87.96428571428571,15.5,25470.0,22327.0,100.0,108.33,0.0,82.1,59.29,79.64,Adecuado,Adecuado,Crítico,Por mejorar,Crítico,Por mejorar,64.14,Rojo,6.96,Rojo,57.95,2025-01
41515904,Valeria Flores Flores,Gestión de Reportes,San Isidro,2022-12-10,Activo,2025,01,2025-01,50.0,197.115,95.18464285714286,5.993571428571428,67.3,81.25,87.07142857142857,14.571428571428571,27596.0,24115.0,100.0,101.85,0.64,66.0,56.25,70.71,Adecuado,Adecuado,Crítico,Crítico,Crítico,Por mejorar,57.95,Rojo,6.97,Ámbar,80.43,2025-02
41515904,Valeria Flores Flores,Gestión de Reportes,San Isidro,2022-12-10,Activo,2025,02,2025-02,55.0,175.50607142857143,95.34142857142857,5.825714285714286,75.07,75.85714285714286,88.35714285714286,13.892857142857142,27377.0,24205.0,150.0,103.41,17.43,143.7,29.29,83.57,Adecuado,Adecuado,Crítico,Adecuado,Crítico,Por mejorar,80.43,Ámbar,6.99,Rojo,44.73,2025-03
41515904,Valeria Flores Flores,Gestión de Reportes,San Isidro,2022-12-10,Activo,2025,03,2025-03,45.0,196.1775,94.73107142857143,5.866428571428571,67.12,76.17857142857143,88.82142857142857,14.035714285714286,27913.0,24651.0,0.0,94.62,13.36,64.2,30.89,88.21,Crítico,Por mejorar,Crítico,Crítico,Crítico,Por mejorar,44.73,Rojo,6.92,Ámbar,72.57,2025-04
41515904,Valeria Flores Flores,Gestión de Reportes,San Isidro,2022-12-10,Activo,2025,04,2025-04,50.0,188.9817857142857,94.76535714285714,5.709642857142857,68.69,83.17857142857143,91.57142857142857,15.678571428571429,26678.0,24339.0,100.0,95.31,29.04,79.9,65.89,107.86,Adecuado,Por mejorar,Crítico,Por mejorar,Crítico,Adecuado,72.57,Ámbar,6.76,Rojo,54.46,2025-05
41515904,Valeria Flores Flores,Gestión de Reportes,San Isidro,2022-12-10,Activo,2025,05,2025-05,45.0,197.2132142857143,95.23,6.007142857142857,69.69,81.28571428571429,87.64285714285714,15.0,25876.0,22617.0,0.0,102.3,0.0,89.9,56.43,76.43,Crítico,Adecuado,Crítico,Por mejorar,Crítico,Por mejorar,54.46,Rojo,6.94,Rojo,29.77,2025-06
41515904,Valeria Flores Flores,Gestión de Reportes,San Isidro,2022-12-10,Activo,2025,06,2025-06,45.0,188.78107142857144,94.66571428571429,6.107142857142857,60.76,77.35714285714286,92.17857142857143,13.785714285714286,25766.0,23892.0,0.0,93.31,0.0,0.6,36.79,110.89,Crítico,Por mejorar,Crítico,Crítico,Crítico,Adecuado,29.77,Rojo,6.89,Ámbar,82.04,2025-07
41515904,Valeria Flores Flores,Gestión de Reportes,San Isidro,2022-12-10,Activo,2025,07,2025-07,50.0,196.71428571428572,94.99035714285715,5.91,76.96,80.32142857142857,89.85714285714286,14.857142857142858,24964.0,22441.0,100.0,99.81,9.0,150.0,51.61,98.57,Adecuado,Por mejorar,Crítico,Adecuado,Crítico,Por mejorar,82.04,Ámbar,6.96,Rojo,43.29,2025-08
41515904,Valeria Flores Flores,Gestión de Reportes,San Isidro,2022-12-10,Activo,2025,08,2025-08,55.0,198.81357142857144,96.00285714285714,5.906071428571429,61.87,75.21428571428571,85.96428571428571,13.214285714285714,25358.0,21898.0,150.0,110.03,9.39,11.7,26.07,59.64,Adecuado,Adecuado,Crítico,Crítico,Crítico,Crítico,43.29,Rojo,6.83,Rojo,52.16,2025-09
41515904,Valeria Flores Flores,Gestión de Reportes,San Isidro,2022-12-10,Activo,2025,09,2025-09,45.0,190.83607142857142,95.695,6.015357142857143,68.55,81.92857142857143,86.92857142857143,14.892857142857142,25177.0,21880.0,0.0,106.95,0.0,78.5,59.64,69.29,Crítico,Adecuado,Crítico,Por mejorar,Crítico,Crítico,52.16,Rojo,6.95,Rojo,59.31,2025-10
41515904,Valeria Flores Flores,Gestión de Reportes,San Isidro,2022-12-10,Activo,2025,10,2025-10,55.0,196.86214285714286,95.06178571428572,6.128571428571429,67.83,77.82142857142857,86.64285714285714,14.464285714285714,25166.0,22001.0,150.0,100.62,0.0,71.3,39.11,66.43,Adecuado,Adecuado,Crítico,Por mejorar,Crítico,Crítico,59.31,Rojo,7.0,Ámbar,84.41,2025-11
41515904,Valeria Flores Flores,Gestión de Reportes,San Isidro,2022-12-10,Activo,2025,11,2025-11,55.0,190.58678571428572,95.57035714285715,5.849642857142857,73.9,80.46428571428571,89.75,14.642857142857142,27407.0,24522.0,150.0,105.7,15.04,132.0,52.32,97.5,Adecuado,Adecuado,Crítico,Adecuado,Crítico,Por mejorar,84.41,Ámbar,6.94,Ámbar,71.45,2025-12
41515904,Valeria Flores Flores,Gestión de Reportes,San Isidro,2022-12-10,Activo,2025,12,2025-12,45.0,196.63285714285715,94.95035714285714,5.7371428571428575,77.5,79.89285714285714,86.42857142857143,14.571428571428571,26213.0,22670.0,0.0,99.01,26.29,150.0,49.46,64.29,Crítico,Por mejorar,Crítico,Adecuado,Crítico,Crítico,71.45,Ámbar,6.96,Rojo,67.4,2026-01
41515904,Valeria Flores Flores,Gestión de Reportes,San Isidro,2022-12-10,Activo,2026,01,2026-01,45.0,197.38535714285715,95.31392857142858,5.942857142857143,76.7,78.35714285714286,88.0,13.75,27314.0,24200.0,0.0,103.14,5.71,150.0,41.79,80.0,Crítico,Adecuado,Crítico,Adecuado,Crítico,Por mejorar,67.4,Rojo,6.93,Rojo,64.46,2026-02
41515904,Valeria Flores Flores,Gestión de Reportes,San Isidro,2022-12-10,Activo,2026,02,2026-02,45.0,174.34392857142856,94.71,6.110714285714286,77.98,75.78571428571429,90.60714285714286,14.178571428571429,26994.0,24433.0,0.0,94.2,0.0,150.0,28.93,103.04,Crítico,Por mejorar,Crítico,Adecuado,Crítico,Adecuado,64.46,Rojo,6.97,Rojo,41.27,2026-03
41515904,Valeria Flores Flores,Gestión de Reportes,San Isidro,2022-12-10,Activo,2026,03,2026-03,45.0,198.62428571428572,95.91214285714285,5.870357142857143,62.02,81.28571428571429,90.71428571428571,14.464285714285714,28410.0,25696.0,0.0,109.12,12.96,13.2,56.43,103.57,Crítico,Adecuado,Crítico,Crítico,Crítico,Adecuado,41.27,Rojo,6.93,Rojo,42.98,2026-04
41829627,Jorge Salazar Vargas,Monitoreo de Incidencias,Ate,2025-01-14,Cesado,2024,01,2024-01,45.0,161.41733333333335,77.94466666666666,5.818235294117647,76.94,85.23529411764706,86.875,14.941176470588236,15118.0,13100.0,0.0,0.0,18.18,150.0,76.18,68.75,Crítico,Crítico,Crítico,Adecuado,Por mejorar,Crítico,67.06,Rojo,6.89,Rojo,65.78,2024-02
41829627,Jorge Salazar Vargas,Monitoreo de Incidencias,Ate,2025-01-14,Cesado,2024,02,2024-02,55.0,153.55473684210526,80.08105263157894,5.85875,72.34,82.84210526315789,82.8,14.894736842105264,14129.0,11713.0,150.0,0.0,14.13,116.4,64.21,28.0,Adecuado,Crítico,Crítico,Adecuado,Crítico,Crítico,65.78,Rojo,6.82,Ámbar,71.96,2024-03
41829627,Jorge Salazar Vargas,Monitoreo de Incidencias,Ate,2025-01-14,Cesado,2024,03,2024-03,55.0,164.76933333333332,79.56533333333333,5.722142857142857,77.88,78.9375,82.73333333333333,14.5,15323.0,12697.0,150.0,0.0,27.79,150.0,44.69,27.33,Adecuado,Crítico,Crítico,Adecuado,Crítico,Crítico,71.96,Ámbar,6.56,Rojo,53.04,2024-04
41829627,Jorge Salazar Vargas,Monitoreo de Incidencias,Ate,2025-01-14,Cesado,2024,04,2024-04,45.0,164.6878947368421,82.58315789473684,5.963181818181818,75.59,76.27777777777777,87.23529411764706,13.5,15050.0,13169.0,0.0,0.0,3.68,148.9,31.39,72.35,Crítico,Crítico,Crítico,Adecuado,Crítico,Por mejorar,53.04,Rojo,6.91,Rojo,37.95,2024-05
41829627,Jorge Salazar Vargas,Monitoreo de Incidencias,Ate,2025-01-14,Cesado,2024,05,2024-05,55.0,172.79842105263157,83.44157894736843,6.068235294117647,61.94,78.33333333333333,89.42857142857143,14.666666666666666,12739.0,11337.0,150.0,0.0,0.0,12.4,41.67,94.29,Adecuado,Crítico,Crítico,Crítico,Crítico,Por mejorar,37.95,Rojo,6.98,Rojo,63.45,2024-06
41829627,Jorge Salazar Vargas,Monitoreo de Incidencias,Ate,2025-01-14,Cesado,2024,06,2024-06,50.0,158.76142857142858,79.61071428571428,6.235714285714286,76.95,77.52631578947368,86.53846153846153,14.263157894736842,11670.0,10184.0,100.0,0.0,0.0,150.0,37.63,65.38,Adecuado,Crítico,Crítico,Adecuado,Crítico,Crítico,63.45,Rojo,6.88,Rojo,69.28,2024-07
41829627,Jorge Salazar Vargas,Monitoreo de Incidencias,Ate,2025-01-14,Cesado,2024,07,2024-07,50.0,163.70411764705884,79.05,5.7041176470588235,78.94,78.64285714285714,85.0625,14.142857142857142,16223.0,13836.0,100.0,0.0,29.59,150.0,43.21,50.63,Adecuado,Crítico,Crítico,Adecuado,Crítico,Crítico,69.28,Rojo,6.78,Rojo,53.23,2024-08
41829627,Jorge Salazar Vargas,Monitoreo de Incidencias,Ate,2025-01-14,Cesado,2024,08,2024-08,45.0,164.11588235294118,79.24823529411765,5.8853333333333335,77.52,76.16666666666667,85.72727272727273,14.0,11293.0,9694.0,0.0,0.0,11.47,150.0,30.83,57.27,Crítico,Crítico,Crítico,Adecuado,Crítico,Crítico,53.23,Rojo,6.92,Rojo,38.8,2024-09
41829627,Jorge Salazar Vargas,Monitoreo de Incidencias,Ate,2025-01-14,Cesado,2024,09,2024-09,55.0,161.055,80.7625,5.707692307692308,61.46,76.93333333333334,87.38461538461539,14.6,11754.0,10332.0,150.0,0.0,29.23,7.6,34.67,73.85,Adecuado,Crítico,Crítico,Crítico,Crítico,Por mejorar,38.8,Rojo,6.52,Ámbar,72.58,2024-10
41829627,Jorge Salazar Vargas,Monitoreo de Incidencias,Ate,2025-01-14,Cesado,2024,10,2024-10,55.0,171.31714285714287,82.72642857142857,5.957222222222223,77.82,78.71428571428571,88.33333333333333,14.571428571428571,15782.0,14032.0,150.0,0.0,4.28,150.0,43.57,83.33,Adecuado,Crítico,Crítico,Adecuado,Crítico,Por mejorar,72.58,Ámbar,6.97,Rojo,61.73,2024-11
41829627,Jorge Salazar Vargas,Monitoreo de Incidencias,Ate,2025-01-14,Cesado,2024,11,2024-11,55.0,156.01125,78.231875,6.042222222222223,72.67,77.94117647058823,86.88235294117646,13.705882352941176,16433.0,14370.0,150.0,0.0,0.0,119.7,39.71,68.82,Adecuado,Crítico,Crítico,Adecuado,Crítico,Crítico,61.73,Rojo,6.97,Rojo,44.36,2024-12
41829627,Jorge Salazar Vargas,Monitoreo de Incidencias,Ate,2025-01-14,Cesado,2024,12,2024-12,45.0,168.12166666666667,81.18277777777777,6.164615384615384,68.91,83.93333333333334,86.41666666666667,15.933333333333334,11077.0,9621.0,0.0,0.0,0.0,82.1,69.67,64.17,Crítico,Crítico,Crítico,Por mejorar,Crítico,Crítico,44.36,Rojo,6.93,Rojo,51.31,2025-01
41829627,Jorge Salazar Vargas,Monitoreo de Incidencias,Ate,2025-01-14,Cesado,2025,01,2025-01,50.0,167.02,80.65105263157895,5.9592307692307696,67.3,83.05882352941177,87.66666666666667,15.294117647058824,17571.0,15423.0,100.0,0.0,4.08,66.0,65.29,76.67,Adecuado,Crítico,Crítico,Crítico,Crítico,Por mejorar,51.31,Rojo,6.76,Rojo,67.11,2025-02
41829627,Jorge Salazar Vargas,Monitoreo de Incidencias,Ate,2025-01-14,Cesado,2025,02,2025-02,55.0,151.93684210526317,82.53947368421052,5.945263157894737,75.07,76.0,87.58823529411765,14.533333333333333,16724.0,14609.0,150.0,0.0,5.47,143.7,30.0,75.88,Adecuado,Crítico,Crítico,Adecuado,Crítico,Por mejorar,67.11,Rojo,6.94,Rojo,43.9,2025-03
41829627,Jorge Salazar Vargas,Monitoreo de Incidencias,Ate,2025-01-14,Cesado,2025,03,2025-03,55.0,164.315,79.3445,6.0195,67.12,75.5625,85.89473684210526,13.625,18641.0,15844.0,150.0,0.0,0.0,64.2,27.81,58.95,Adecuado,Crítico,Crítico,Crítico,Crítico,Crítico,43.9,Rojo,6.93,Rojo,53.85,2025-04
41829627,Jorge Salazar Vargas,Monitoreo de Incidencias,Ate,2025-01-14,Cesado,2025,04,2025-04,55.0,158.64642857142857,79.55428571428571,5.881666666666667,68.69,75.47619047619048,89.66666666666667,14.095238095238095,17796.0,15949.0,150.0,0.0,11.83,79.9,27.38,96.67,Adecuado,Crítico,Crítico,Por mejorar,Crítico,Por mejorar,53.85,Rojo,6.62,Rojo,42.53,2025-05
41829627,Jorge Salazar Vargas,Monitoreo de Incidencias,Ate,2025-01-14,Cesado,2025,05,2025-05,50.0,166.3517391304348,80.32782608695652,5.983529411764706,69.69,71.6923076923077,87.61111111111111,12.615384615384615,16548.0,14410.0,100.0,0.0,1.65,89.9,8.46,76.11,Adecuado,Crítico,Crítico,Por mejorar,Crítico,Por mejorar,42.53,Rojo,6.91,Rojo,38.23,2025-06
41829627,Jorge Salazar Vargas,Monitoreo de Incidencias,Ate,2025-01-14,Cesado,2025,06,2025-06,50.0,156.96105263157895,78.7078947368421,6.129444444444444,60.76,86.44444444444444,87.52631578947368,16.166666666666668,17524.0,15311.0,100.0,0.0,0.0,0.6,82.22,75.26,Adecuado,Crítico,Crítico,Crítico,Por mejorar,Por mejorar,38.23,Rojo,6.96,Rojo,50.86,2025-07
41829627,Jorge Salazar Vargas,Monitoreo de Incidencias,Ate,2025-01-14,Cesado,2025,07,2025-07,45.0,167.470625,80.869375,5.794615384615384,76.96,72.2,86.5,13.133333333333333,10846.0,9382.0,0.0,0.0,20.54,150.0,11.0,65.0,Crítico,Crítico,Crítico,Adecuado,Crítico,Crítico,50.86,Rojo,6.98,Rojo,21.26,2025-08
41829627,Jorge Salazar Vargas,Monitoreo de Incidencias,Ate,2025-01-14,Cesado,2025,08,2025-08,45.0,161.36277777777778,77.91944444444445,6.081578947368421,61.87,80.66666666666667,85.0,14.5,16633.0,14176.0,0.0,0.0,0.0,11.7,53.33,50.0,Crítico,Crítico,Crítico,Crítico,Crítico,Crítico,21.26,Rojo,6.98,Rojo,33.84,2025-09
41829627,Jorge Salazar Vargas,Monitoreo de Incidencias,Ate,2025-01-14,Cesado,2025,09,2025-09,45.0,153.84307692307692,77.14461538461538,5.52,68.55,71.07142857142857,83.27272727272727,13.357142857142858,10261.0,8471.0,0.0,0.0,48.0,78.5,5.36,32.73,Crítico,Crítico,Crítico,Por mejorar,Crítico,Crítico,33.84,Rojo,6.78,Rojo,47.27,2025-10
41829627,Jorge Salazar Vargas,Monitoreo de Incidencias,Ate,2025-01-14,Cesado,2025,10,2025-10,50.0,168.76933333333332,81.498,5.713333333333333,67.83,73.72222222222223,89.05555555555556,12.944444444444445,18515.0,16457.0,100.0,0.0,28.67,71.3,18.61,90.56,Adecuado,Crítico,Crítico,Por mejorar,Crítico,Por mejorar,47.27,Rojo,6.49,Rojo,66.51,2025-11
41829627,Jorge Salazar Vargas,Monitoreo de Incidencias,Ate,2025-01-14,Cesado,2025,11,2025-11,50.0,160.82142857142858,80.64428571428572,5.929375,73.9,81.11111111111111,88.21052631578948,15.222222222222221,17735.0,15548.0,100.0,0.0,7.06,132.0,55.56,82.11,Adecuado,Crítico,Crítico,Adecuado,Crítico,Por mejorar,66.51,Rojo,6.59,Ámbar,81.91,2025-12
41829627,Jorge Salazar Vargas,Monitoreo de Incidencias,Ate,2025-01-14,Cesado,2025,12,2025-12,55.0,165.11777777777777,79.73277777777778,5.9046666666666665,77.5,84.47058823529412,89.41176470588235,15.529411764705882,17247.0,15330.0,150.0,0.0,9.53,150.0,72.35,94.12,Adecuado,Crítico,Crítico,Adecuado,Por mejorar,Por mejorar,81.91,Ámbar,6.88,Rojo,66.13,2026-01
41829627,Jorge Salazar Vargas,Monitoreo de Incidencias,Ate,2025-01-14,Cesado,2026,01,2026-01,50.0,162.35363636363635,78.39818181818181,5.819411764705882,76.7,78.0625,84.9375,14.1875,14231.0,12133.0,100.0,0.0,18.06,150.0,40.31,49.38,Adecuado,Crítico,Crítico,Adecuado,Crítico,Crítico,66.13,Rojo,6.88,Ámbar,70.88,2026-02
41829627,Jorge Salazar Vargas,Monitoreo de Incidencias,Ate,2025-01-14,Cesado,2026,02,2026-02,50.0,146.12444444444444,79.38222222222223,5.8876470588235295,77.98,78.95,89.94444444444444,14.9,16709.0,15003.0,100.0,0.0,11.24,150.0,44.75,99.44,Adecuado,Crítico,Crítico,Adecuado,Crítico,Por mejorar,70.88,Ámbar,6.66,Rojo,37.86,2026-03
41829627,Jorge Salazar Vargas,Monitoreo de Incidencias,Ate,2025-01-14,Cesado,2026,03,2026-03,55.0,166.278125,80.29375,5.787619047619048,62.02,75.26666666666667,88.72727272727273,14.0,21078.0,18593.0,150.0,0.0,21.24,13.2,26.33,87.27,Adecuado,Crítico,Crítico,Crítico,Crítico,Por mejorar,37.86,Rojo,6.66,Rojo,42.8,2026-04
42237691,Carmen Vargas Flores,Gestión de Reportes,San Isidro,2022-10-09,Activo,2024,01,2024-01,55.0,196.7407142857143,95.00214285714286,5.89,76.94,78.42857142857143,86.14285714285714,14.178571428571429,25495.0,21842.0,150.0,100.02,11.0,150.0,42.14,61.43,Adecuado,Adecuado,Crítico,Adecuado,Crítico,Crítico,81.38,Ámbar,6.81,Ámbar,75.4,2024-02
42237691,Carmen Vargas Flores,Gestión de Reportes,San Isidro,2022-10-09,Activo,2024,02,2024-02,50.0,182.5432142857143,95.19821428571429,5.764642857142857,72.34,81.14285714285714,87.46428571428571,14.785714285714286,27394.0,23888.0,100.0,101.98,23.54,116.4,55.71,74.64,Adecuado,Adecuado,Crítico,Adecuado,Crítico,Por mejorar,75.4,Ámbar,6.92,Ámbar,74.14,2024-03
42237691,Carmen Vargas Flores,Gestión de Reportes,San Isidro,2022-10-09,Activo,2024,03,2024-03,50.0,195.57357142857143,94.43928571428572,5.97,77.88,77.78571428571429,87.42857142857143,13.785714285714286,26050.0,22614.0,100.0,88.79,3.0,150.0,38.93,74.29,Adecuado,Por mejorar,Crítico,Adecuado,Crítico,Por mejorar,74.14,Ámbar,6.96,Rojo,66.55,2024-04
42237691,Carmen Vargas Flores,Gestión de Reportes,San Isidro,2022-10-09,Activo,2024,04,2024-04,45.0,189.2057142857143,94.87785714285714,6.1375,75.59,78.85714285714286,88.5,14.285714285714286,28318.0,24834.0,0.0,97.56,0.0,148.9,44.29,85.0,Crítico,Por mejorar,Crítico,Adecuado,Crítico,Por mejorar,66.55,Rojo,6.93,Rojo,37.45,2024-05
42237691,Carmen Vargas Flores,Gestión de Reportes,San Isidro,2022-10-09,Activo,2024,05,2024-05,45.0,195.82964285714286,94.56285714285714,5.816071428571429,61.94,79.60714285714286,89.53571428571429,13.964285714285714,25967.0,23072.0,0.0,91.26,18.39,12.4,48.04,95.36,Crítico,Por mejorar,Crítico,Crítico,Crítico,Por mejorar,37.45,Rojo,6.83,Ámbar,87.05,2024-06
42237691,Carmen Vargas Flores,Gestión de Reportes,San Isidro,2022-10-09,Activo,2024,06,2024-06,55.0,189.76857142857142,95.16071428571429,5.826785714285714,76.95,79.10714285714286,89.53571428571429,13.785714285714286,25510.0,22829.0,150.0,101.61,17.32,150.0,45.54,95.36,Adecuado,Adecuado,Crítico,Adecuado,Crítico,Por mejorar,87.05,Ámbar,6.77,Ámbar,74.94,2024-07
42237691,Carmen Vargas Flores,Gestión de Reportes,San Isidro,2022-10-09,Activo,2024,07,2024-07,50.0,196.43214285714285,94.85428571428571,5.8410714285714285,78.94,76.64285714285714,86.25,13.928571428571429,26441.0,22730.0,100.0,97.09,15.89,150.0,33.21,62.5,Adecuado,Por mejorar,Crítico,Adecuado,Crítico,Crítico,74.94,Ámbar,6.97,Rojo,65.43,2024-08
42237691,Carmen Vargas Flores,Gestión de Reportes,San Isidro,2022-10-09,Activo,2024,08,2024-08,45.0,195.02714285714285,94.17428571428572,5.825,77.52,76.60714285714286,87.82142857142857,13.535714285714286,28403.0,25022.0,0.0,83.49,17.5,150.0,33.04,78.21,Crítico,Por mejorar,Crítico,Adecuado,Crítico,Por mejorar,65.43,Rojo,6.99,Rojo,52.21,2024-09
42237691,Carmen Vargas Flores,Gestión de Reportes,San Isidro,2022-10-09,Activo,2024,09,2024-09,55.0,190.48535714285714,95.51964285714286,5.840714285714285,61.46,82.14285714285714,86.42857142857143,15.714285714285714,26143.0,22557.0,150.0,105.2,15.93,7.6,60.71,64.29,Adecuado,Adecuado,Crítico,Crítico,Crítico,Crítico,52.21,Rojo,6.94,Rojo,69.56,2024-10
42237691,Carmen Vargas Flores,Gestión de Reportes,San Isidro,2022-10-09,Activo,2024,10,2024-10,45.0,195.80642857142857,94.55178571428571,5.955,77.82,79.21428571428571,91.07142857142857,14.321428571428571,25241.0,22880.0,0.0,91.04,4.5,150.0,46.07,105.36,Crítico,Por mejorar,Crítico,Adecuado,Crítico,Adecuado,69.56,Rojo,6.91,Ámbar,75.49,2024-11
42237691,Carmen Vargas Flores,Gestión de Reportes,San Isidro,2022-10-09,Activo,2024,11,2024-11,50.0,190.80928571428572,95.68178571428571,5.890357142857143,72.67,79.39285714285714,91.89285714285714,14.357142857142858,26444.0,24122.0,100.0,106.82,10.96,119.7,46.96,109.46,Adecuado,Adecuado,Crítico,Adecuado,Crítico,Adecuado,75.49,Ámbar,6.86,Rojo,60.91,2024-12
42237691,Carmen Vargas Flores,Gestión de Reportes,San Isidro,2022-10-09,Activo,2024,12,2024-12,55.0,196.75428571428571,95.00892857142857,5.941071428571429,68.91,75.21428571428571,87.67857142857143,13.75,26896.0,23515.0,150.0,100.09,5.89,82.1,26.07,76.79,Adecuado,Adecuado,Crítico,Por mejorar,Crítico,Por mejorar,60.91,Rojo,6.91,Rojo,67.86,2025-01
42237691,Carmen Vargas Flores,Gestión de Reportes,San Isidro,2022-10-09,Activo,2025,01,2025-01,55.0,196.41714285714286,94.845,5.7575,67.3,81.85714285714286,87.0,15.428571428571429,24356.0,21203.0,150.0,96.9,24.25,66.0,59.29,70.0,Adecuado,Por mejorar,Crítico,Crítico,Crítico,Por mejorar,67.86,Rojo,6.99,Ámbar,77.96,2025-02
42237691,Carmen Vargas Flores,Gestión de Reportes,San Isidro,2022-10-09,Activo,2025,02,2025-02,50.0,175.9842857142857,95.60178571428571,5.752142857142857,75.07,77.17857142857143,87.5,13.857142857142858,27752.0,24284.0,100.0,106.02,24.79,143.7,35.89,75.0,Adecuado,Adecuado,Crítico,Adecuado,Crítico,Por mejorar,77.96,Ámbar,6.99,Rojo,57.82,2025-03
42237691,Carmen Vargas Flores,Gestión de Reportes,San Isidro,2022-10-09,Activo,2025,03,2025-03,50.0,196.92892857142857,95.09357142857142,5.723571428571429,67.12,75.85714285714286,88.82142857142857,14.0,28145.0,25007.0,100.0,100.94,27.64,64.2,29.29,88.21,Adecuado,Adecuado,Crítico,Crítico,Crítico,Por mejorar,57.82,Rojo,6.86,Rojo,58.9,2025-04
42237691,Carmen Vargas Flores,Gestión de Reportes,San Isidro,2022-10-09,Activo,2025,04,2025-04,55.0,188.3542857142857,94.45071428571428,5.9175,68.69,74.64285714285714,87.57142857142857,13.142857142857142,25365.0,22389.0,150.0,89.01,8.25,79.9,23.21,75.71,Adecuado,Por mejorar,Crítico,Por mejorar,Crítico,Por mejorar,58.9,Rojo,6.98,Ámbar,70.86,2025-05
42237691,Carmen Vargas Flores,Gestión de Reportes,San Isidro,2022-10-09,Activo,2025,05,2025-05,55.0,197.0067857142857,95.13071428571429,6.013214285714286,69.69,83.71428571428571,86.10714285714286,15.5,28878.0,24832.0,150.0,101.31,0.0,89.9,68.57,61.07,Adecuado,Adecuado,Crítico,Por mejorar,Crítico,Crítico,70.86,Ámbar,6.99,Rojo,42.92,2025-06
42237691,Carmen Vargas Flores,Gestión de Reportes,San Isidro,2022-10-09,Activo,2025,06,2025-06,55.0,190.71107142857142,95.6325,6.003571428571429,60.76,79.82142857142857,84.85714285714286,14.571428571428571,24184.0,20415.0,150.0,106.33,0.0,0.6,49.11,48.57,Adecuado,Adecuado,Crítico,Crítico,Crítico,Crítico,42.92,Rojo,6.93,Ámbar,78.08,2025-07
42237691,Carmen Vargas Flores,Gestión de Reportes,San Isidro,2022-10-09,Activo,2025,07,2025-07,50.0,198.44464285714287,95.82571428571428,5.905,76.96,77.0,89.10714285714286,14.071428571428571,27006.0,24156.0,100.0,108.26,9.5,150.0,35.0,91.07,Adecuado,Adecuado,Crítico,Adecuado,Crítico,Por mejorar,78.08,Ámbar,6.89,Rojo,41.4,2025-08
42237691,Carmen Vargas Flores,Gestión de Reportes,San Isidro,2022-10-09,Activo,2025,08,2025-08,50.0,197.1382142857143,95.19571428571429,6.009285714285714,61.87,76.53571428571429,90.21428571428571,14.107142857142858,26431.0,23842.0,100.0,101.96,0.0,11.7,32.68,101.07,Adecuado,Adecuado,Crítico,Crítico,Crítico,Adecuado,41.4,Rojo,6.99,Rojo,56.34,2025-09
42237691,Carmen Vargas Flores,Gestión de Reportes,San Isidro,2022-10-09,Activo,2025,09,2025-09,50.0,189.5692857142857,95.06,6.011785714285715,68.55,81.17857142857143,82.67857142857143,15.25,26848.0,22154.0,100.0,100.6,0.0,78.5,55.89,26.79,Adecuado,Adecuado,Crítico,Por mejorar,Crítico,Crítico,56.34,Rojo,6.88,Rojo,61.9,2025-10
42237691,Carmen Vargas Flores,Gestión de Reportes,San Isidro,2022-10-09,Activo,2025,10,2025-10,55.0,198.05392857142857,95.63714285714286,6.123571428571428,67.83,79.60714285714286,86.42857142857143,14.607142857142858,27939.0,23924.0,150.0,106.37,0.0,71.3,48.04,64.29,Adecuado,Adecuado,Crítico,Por mejorar,Crítico,Crítico,61.9,Rojo,6.88,Ámbar,83.77,2025-11
42237691,Carmen Vargas Flores,Gestión de Reportes,San Isidro,2022-10-09,Activo,2025,11,2025-11,55.0,191.75535714285715,96.15607142857142,5.95,73.9,83.03571428571429,87.32142857142857,15.535714285714286,26169.0,22799.0,150.0,111.56,5.0,132.0,65.18,73.21,Adecuado,Adecuado,Crítico,Adecuado,Crítico,Por mejorar,83.77,Ámbar,6.92,Ámbar,88.8,2025-12
42237691,Carmen Vargas Flores,Gestión de Reportes,San Isidro,2022-10-09,Activo,2025,12,2025-12,55.0,197.31964285714287,95.28178571428572,5.833214285714286,77.5,81.89285714285714,87.82142857142857,14.75,25805.0,22694.0,150.0,102.82,16.68,150.0,59.46,78.21,Adecuado,Adecuado,Crítico,Adecuado,Crítico,Por mejorar,88.8,Ámbar,6.81,Ámbar,73.77,2026-01
42237691,Carmen Vargas Flores,Gestión de Reportes,San Isidro,2022-10-09,Activo,2026,01,2026-01,50.0,196.46785714285716,94.87035714285715,5.9192857142857145,76.7,76.96428571428571,86.21428571428571,13.964285714285714,26010.0,22254.0,100.0,97.41,8.07,150.0,34.82,62.14,Adecuado,Por mejorar,Crítico,Adecuado,Crítico,Crítico,73.77,Ámbar,6.95,Rojo,68.83,2026-02
42237691,Carmen Vargas Flores,Gestión de Reportes,San Isidro,2022-10-09,Activo,2026,02,2026-02,45.0,176.45964285714285,95.86107142857144,5.8567857142857145,77.98,78.57142857142857,86.89285714285714,14.571428571428571,25933.0,22451.0,0.0,108.61,14.32,150.0,42.86,68.93,Crítico,Adecuado,Crítico,Adecuado,Crítico,Crítico,68.83,Rojo,6.79,Rojo,34.86,2026-03
42237691,Carmen Vargas Flores,Gestión de Reportes,San Isidro,2022-10-09,Activo,2026,03,2026-03,50.0,193.9557142857143,93.65821428571428,6.105,62.02,76.39285714285714,86.25,13.642857142857142,24612.0,21263.0,100.0,73.16,0.0,13.2,31.96,62.5,Adecuado,Por mejorar,Crítico,Crítico,Crítico,Crítico,34.86,Rojo,6.99,Rojo,47.23,2026-04
42956163,Renato Mamani Rodríguez,Monitoreo de Incidencias,Miraflores,2021-03-31,Activo,2024,01,2024-01,45.0,195.73,94.515,6.238928571428572,76.94,75.21428571428571,89.07142857142857,13.642857142857142,26480.0,23588.0,0.0,90.3,0.0,150.0,26.07,90.71,Crítico,Por mejorar,Crítico,Adecuado,Crítico,Por mejorar,62.12,Rojo,6.95,Ámbar,70.74,2024-02
42956163,Renato Mamani Rodríguez,Monitoreo de Incidencias,Miraflores,2021-03-31,Activo,2024,02,2024-02,50.0,180.76,94.26928571428572,6.043571428571429,72.34,81.96428571428571,88.14285714285714,14.464285714285714,26309.0,23242.0,100.0,85.39,0.0,116.4,59.82,81.43,Adecuado,Por mejorar,Crítico,Adecuado,Crítico,Por mejorar,70.74,Ámbar,6.98,Ámbar,70.62,2024-03
42956163,Renato Mamani Rodríguez,Monitoreo de Incidencias,Miraflores,2021-03-31,Activo,2024,03,2024-03,45.0,194.13857142857142,93.74571428571429,5.961428571428572,77.88,83.0,88.60714285714286,15.464285714285714,27686.0,24845.0,0.0,74.91,3.86,150.0,65.0,86.07,Crítico,Por mejorar,Crítico,Adecuado,Crítico,Por mejorar,70.62,Ámbar,6.81,Ámbar,79.45,2024-04
42956163,Renato Mamani Rodríguez,Monitoreo de Incidencias,Miraflores,2021-03-31,Activo,2024,04,2024-04,55.0,188.52214285714285,94.53535714285714,6.013214285714286,75.59,79.75,85.96428571428571,14.928571428571429,26337.0,22791.0,150.0,90.71,0.0,148.9,48.75,59.64,Adecuado,Por mejorar,Crítico,Adecuado,Crítico,Crítico,79.45,Ámbar,7.0,Rojo,34.54,2024-05
42956163,Renato Mamani Rodríguez,Monitoreo de Incidencias,Miraflores,2021-03-31,Activo,2024,05,2024-05,45.0,196.64678571428573,94.95678571428572,5.900357142857143,61.94,79.71428571428571,87.39285714285714,14.857142857142858,26551.0,23234.0,0.0,99.14,9.96,12.4,48.57,73.93,Crítico,Por mejorar,Crítico,Crítico,Crítico,Por mejorar,34.54,Rojo,6.84,Ámbar,72.69,2024-06
42956163,Renato Mamani Rodríguez,Monitoreo de Incidencias,Miraflores,2021-03-31,Activo,2024,06,2024-06,50.0,187.77928571428572,94.16214285714285,6.098214285714286,76.95,78.17857142857143,86.64285714285714,14.178571428571429,27171.0,23463.0,100.0,83.24,0.0,150.0,40.89,66.43,Adecuado,Por mejorar,Crítico,Adecuado,Crítico,Crítico,72.69,Ámbar,6.98,Rojo,69.52,2024-07
42956163,Renato Mamani Rodríguez,Monitoreo de Incidencias,Miraflores,2021-03-31,Activo,2024,07,2024-07,45.0,197.91535714285715,95.57035714285715,5.971071428571428,78.94,81.78571428571429,86.14285714285714,14.857142857142858,26369.0,22654.0,0.0,105.7,2.89,150.0,58.93,61.43,Crítico,Adecuado,Crítico,Adecuado,Crítico,Crítico,69.52,Rojo,6.92,Ámbar,74.5,2024-08
42956163,Renato Mamani Rodríguez,Monitoreo de Incidencias,Miraflores,2021-03-31,Activo,2024,08,2024-08,50.0,194.0182142857143,93.6875,5.8289285714285715,77.52,75.82142857142857,88.92857142857143,14.142857142857142,25968.0,23204.0,100.0,73.75,17.11,150.0,29.11,89.29,Adecuado,Por mejorar,Crítico,Adecuado,Crítico,Por mejorar,74.5,Ámbar,6.89,Rojo,39.77,2024-09
42956163,Renato Mamani Rodríguez,Monitoreo de Incidencias,Miraflores,2021-03-31,Activo,2024,09,2024-09,55.0,188.25214285714284,94.40107142857143,6.082857142857143,61.46,76.14285714285714,86.39285714285714,14.357142857142858,26807.0,23086.0,150.0,88.02,0.0,7.6,30.71,63.93,Adecuado,Por mejorar,Crítico,Crítico,Crítico,Crítico,39.77,Rojo,6.97,Ámbar,85.77,2024-10
42956163,Renato Mamani Rodríguez,Monitoreo de Incidencias,Miraflores,2021-03-31,Activo,2024,10,2024-10,55.0,197.79357142857143,95.51071428571429,5.940357142857143,77.82,78.71428571428571,91.35714285714286,14.464285714285714,25104.0,22974.0,150.0,105.11,5.96,150.0,43.57,106.79,Adecuado,Adecuado,Crítico,Adecuado,Crítico,Adecuado,85.77,Ámbar,6.95,Rojo,68.67,2024-11
42956163,Renato Mamani Rodríguez,Monitoreo de Incidencias,Miraflores,2021-03-31,Activo,2024,11,2024-11,50.0,190.32214285714286,95.43821428571428,5.867857142857143,72.67,76.67857142857143,87.32142857142857,13.857142857142858,26951.0,23598.0,100.0,104.38,13.21,119.7,33.39,73.21,Adecuado,Adecuado,Crítico,Adecuado,Crítico,Por mejorar,68.67,Rojo,6.86,Rojo,62.43,2024-12
42956163,Renato Mamani Rodríguez,Monitoreo de Incidencias,Miraflores,2021-03-31,Activo,2024,12,2024-12,50.0,197.79392857142858,95.51035714285715,6.0685714285714285,68.91,81.42857142857143,87.10714285714286,14.821428571428571,27664.0,23982.0,100.0,105.1,0.0,82.1,57.14,71.07,Adecuado,Adecuado,Crítico,Por mejorar,Crítico,Por mejorar,62.43,Rojo,6.98,Rojo,67.05,2025-01
42956163,Renato Mamani Rodríguez,Monitoreo de Incidencias,Miraflores,2021-03-31,Activo,2025,01,2025-01,55.0,194.87428571428572,94.10071428571429,6.148928571428572,67.3,83.17857142857143,91.75,15.357142857142858,27265.0,24904.0,150.0,82.01,0.0,66.0,65.89,108.75,Adecuado,Por mejorar,Crítico,Crítico,Crítico,Adecuado,67.05,Rojo,6.92,Rojo,64.14,2025-02
42956163,Renato Mamani Rodríguez,Monitoreo de Incidencias,Miraflores,2021-03-31,Activo,2025,02,2025-02,45.0,174.25392857142856,94.66285714285715,5.776071428571429,75.07,76.92857142857143,85.75,13.892857142857142,26442.0,22586.0,0.0,93.26,22.39,143.7,34.64,57.5,Crítico,Por mejorar,Crítico,Adecuado,Crítico,Crítico,64.14,Rojo,6.92,Rojo,43.27,2025-03
42956163,Renato Mamani Rodríguez,Monitoreo de Incidencias,Miraflores,2021-03-31,Activo,2025,03,2025-03,45.0,195.36928571428572,94.34035714285714,5.926071428571428,67.12,79.67857142857143,84.96428571428571,14.464285714285714,28086.0,23924.0,0.0,86.81,7.39,64.2,48.39,49.64,Crítico,Por mejorar,Crítico,Crítico,Crítico,Crítico,43.27,Rojo,6.99,Rojo,67.96,2025-04
42956163,Renato Mamani Rodríguez,Monitoreo de Incidencias,Miraflores,2021-03-31,Activo,2025,04,2025-04,50.0,189.4517857142857,95.00142857142858,5.926071428571428,68.69,82.25,92.39285714285714,15.071428571428571,26960.0,24844.0,100.0,100.01,7.39,79.9,61.25,111.96,Adecuado,Adecuado,Crítico,Por mejorar,Crítico,Adecuado,67.96,Rojo,6.99,Rojo,55.87,2025-05
42956163,Renato Mamani Rodríguez,Monitoreo de Incidencias,Miraflores,2021-03-31,Activo,2025,05,2025-05,50.0,198.0157142857143,95.61821428571429,6.0582142857142856,69.69,75.10714285714286,86.39285714285714,13.464285714285714,27620.0,24069.0,100.0,106.18,0.0,89.9,25.54,63.93,Adecuado,Adecuado,Crítico,Por mejorar,Crítico,Crítico,55.87,Rojo,7.0,Rojo,54.6,2025-06
42956163,Renato Mamani Rodríguez,Monitoreo de Incidencias,Miraflores,2021-03-31,Activo,2025,06,2025-06,55.0,188.88214285714287,94.71392857142857,5.7596428571428575,60.76,82.85714285714286,89.14285714285714,15.285714285714286,24989.0,22287.0,150.0,94.28,24.04,0.6,64.29,91.43,Adecuado,Por mejorar,Crítico,Crítico,Crítico,Por mejorar,54.6,Rojo,6.87,Ámbar,76.67,2025-07
42956163,Renato Mamani Rodríguez,Monitoreo de Incidencias,Miraflores,2021-03-31,Activo,2025,07,2025-07,50.0,198.24035714285714,95.72714285714285,6.053928571428571,76.96,77.60714285714286,88.92857142857143,14.107142857142858,26635.0,23746.0,100.0,107.27,0.0,150.0,38.04,89.29,Adecuado,Adecuado,Crítico,Adecuado,Crítico,Por mejorar,76.67,Ámbar,6.96,Rojo,50.21,2025-08
42956163,Renato Mamani Rodríguez,Monitoreo de Incidencias,Miraflores,2021-03-31,Activo,2025,08,2025-08,55.0,193.83535714285713,93.59928571428571,5.861071428571429,61.87,82.39285714285714,86.82142857142857,14.785714285714286,28219.0,24481.0,150.0,71.99,13.89,11.7,61.96,68.21,Adecuado,Por mejorar,Crítico,Crítico,Crítico,Crítico,50.21,Rojo,6.89,Rojo,50.64,2025-09
42956163,Renato Mamani Rodríguez,Monitoreo de Incidencias,Miraflores,2021-03-31,Activo,2025,09,2025-09,45.0,188.1875,94.36678571428571,5.746428571428571,68.55,78.10714285714286,87.07142857142857,14.5,25884.0,22535.0,0.0,87.34,25.36,78.5,40.54,70.71,Crítico,Por mejorar,Crítico,Por mejorar,Crítico,Por mejorar,50.64,Rojo,6.91,Rojo,57.84,2025-10
42956163,Renato Mamani Rodríguez,Monitoreo de Incidencias,Miraflores,2021-03-31,Activo,2025,10,2025-10,50.0,195.33107142857142,94.32107142857143,6.0375,67.83,79.78571428571429,89.14285714285714,14.857142857142858,25624.0,22761.0,100.0,86.42,0.0,71.3,48.93,91.43,Adecuado,Por mejorar,Crítico,Por mejorar,Crítico,Por mejorar,57.84,Rojo,6.97,Ámbar,74.59,2025-11
42956163,Renato Mamani Rodríguez,Monitoreo de Incidencias,Miraflores,2021-03-31,Activo,2025,11,2025-11,50.0,188.53142857142856,94.53857142857143,6.0407142857142855,73.9,82.60714285714286,86.75,14.821428571428571,27352.0,23641.0,100.0,90.77,0.0,132.0,63.04,67.5,Adecuado,Por mejorar,Crítico,Adecuado,Crítico,Crítico,74.59,Ámbar,6.99,Ámbar,83.87,2025-12
42956163,Renato Mamani Rodríguez,Monitoreo de Incidencias,Miraflores,2021-03-31,Activo,2025,12,2025-12,50.0,194.86107142857142,94.09535714285714,6.0753571428571425,77.5,84.71428571428571,89.78571428571429,15.75,28391.0,25668.0,100.0,81.91,0.0,150.0,73.57,97.86,Adecuado,Por mejorar,Crítico,Adecuado,Por mejorar,Por mejorar,83.87,Ámbar,6.92,Ámbar,73.46,2026-01
42956163,Renato Mamani Rodríguez,Monitoreo de Incidencias,Miraflores,2021-03-31,Activo,2026,01,2026-01,50.0,198.63607142857143,95.91821428571428,5.889285714285714,76.7,75.03571428571429,86.53571428571429,14.071428571428571,26339.0,22775.0,100.0,109.18,11.07,150.0,25.18,65.36,Adecuado,Adecuado,Crítico,Adecuado,Crítico,Crítico,73.46,Ámbar,6.98,Ámbar,80.91,2026-02
42956163,Renato Mamani Rodríguez,Monitoreo de Incidencias,Miraflores,2021-03-31,Activo,2026,02,2026-02,55.0,174.82321428571427,94.97178571428572,5.997857142857143,77.98,82.10714285714286,83.28571428571429,15.178571428571429,27583.0,22938.0,150.0,99.44,0.21,150.0,60.54,32.86,Adecuado,Por mejorar,Crítico,Adecuado,Crítico,Crítico,80.91,Ámbar,6.95,Rojo,43.25,2026-03
42956163,Renato Mamani Rodríguez,Monitoreo de Incidencias,Miraflores,2021-03-31,Activo,2026,03,2026-03,50.0,197.94857142857143,95.58428571428571,5.920357142857143,62.02,79.39285714285714,86.03571428571429,14.035714285714286,26950.0,22941.0,100.0,105.84,7.96,13.2,46.96,60.36,Adecuado,Adecuado,Crítico,Crítico,Crítico,Crítico,43.25,Rojo,6.96,Rojo,44.83,2026-04
43290896,Patricia Aguilar Castillo,Monitoreo de Incidencias,Los Olivos,2023-04-09,Activo,2024,01,2024-01,55.0,195.93,94.61035714285714,5.937142857142857,76.94,79.25,87.07142857142857,14.178571428571429,27076.0,23520.0,150.0,92.21,6.29,150.0,46.25,70.71,Adecuado,Por mejorar,Crítico,Adecuado,Crítico,Por mejorar,81.61,Ámbar,6.86,Ámbar,71.26,2024-02
43290896,Patricia Aguilar Castillo,Monitoreo de Incidencias,Los Olivos,2023-04-09,Activo,2024,02,2024-02,50.0,180.5325,94.15,5.991428571428571,72.34,82.60714285714286,87.92857142857143,15.321428571428571,25871.0,22810.0,100.0,83.0,0.86,116.4,63.04,79.29,Adecuado,Por mejorar,Crítico,Adecuado,Crítico,Por mejorar,71.26,Ámbar,6.96,Ámbar,75.0,2024-03
43290896,Patricia Aguilar Castillo,Monitoreo de Incidencias,Los Olivos,2023-04-09,Activo,2024,03,2024-03,55.0,195.74214285714285,94.51928571428572,6.155,77.88,72.82142857142857,89.92857142857143,13.0,25983.0,23403.0,150.0,90.39,0.0,150.0,14.11,99.29,Adecuado,Por mejorar,Crítico,Adecuado,Crítico,Por mejorar,75.0,Ámbar,6.89,Ámbar,78.36,2024-04
43290896,Patricia Aguilar Castillo,Monitoreo de Incidencias,Los Olivos,2023-04-09,Activo,2024,04,2024-04,45.0,190.39964285714285,95.47678571428571,5.944285714285714,75.59,87.60714285714286,87.53571428571429,16.071428571428573,26656.0,23291.0,0.0,104.77,5.57,148.9,88.04,75.36,Crítico,Adecuado,Crítico,Adecuado,Por mejorar,Por mejorar,78.36,Ámbar,6.93,Rojo,36.81,2024-05
43290896,Patricia Aguilar Castillo,Monitoreo de Incidencias,Los Olivos,2023-04-09,Activo,2024,05,2024-05,45.0,196.43321428571429,94.85357142857143,5.952142857142857,61.94,79.89285714285714,91.35714285714286,15.0,26903.0,24465.0,0.0,97.07,4.79,12.4,49.46,106.79,Crítico,Por mejorar,Crítico,Crítico,Crítico,Adecuado,36.81,Rojo,6.94,Rojo,67.2,2024-06
43290896,Patricia Aguilar Castillo,Monitoreo de Incidencias,Los Olivos,2023-04-09,Activo,2024,06,2024-06,50.0,189.3592857142857,94.95428571428572,6.0675,76.95,74.03571428571429,84.75,13.107142857142858,28496.0,24198.0,100.0,99.09,0.0,150.0,20.18,47.5,Adecuado,Por mejorar,Crítico,Adecuado,Crítico,Crítico,67.2,Rojo,6.91,Ámbar,80.42,2024-07
43290896,Patricia Aguilar Castillo,Monitoreo de Incidencias,Los Olivos,2023-04-09,Activo,2024,07,2024-07,55.0,196.26785714285714,94.77428571428571,5.883928571428571,78.94,75.89285714285714,88.67857142857143,13.535714285714286,23615.0,20900.0,150.0,95.49,11.61,150.0,29.46,86.79,Adecuado,Por mejorar,Crítico,Adecuado,Crítico,Por mejorar,80.42,Ámbar,6.95,Ámbar,72.35,2024-08
43290896,Patricia Aguilar Castillo,Monitoreo de Incidencias,Los Olivos,2023-04-09,Activo,2024,08,2024-08,45.0,198.10642857142858,95.66142857142857,5.9382142857142854,77.52,81.25,88.89285714285714,14.892857142857142,25474.0,22638.0,0.0,106.61,6.18,150.0,56.25,88.93,Crítico,Adecuado,Crítico,Adecuado,Crítico,Por mejorar,72.35,Ámbar,6.96,Rojo,28.17,2024-09
43290896,Patricia Aguilar Castillo,Monitoreo de Incidencias,Los Olivos,2023-04-09,Activo,2024,09,2024-09,45.0,191.00178571428572,95.77928571428572,6.029642857142857,61.46,75.39285714285714,88.75,13.428571428571429,26762.0,23795.0,0.0,107.79,0.0,7.6,26.96,87.5,Crítico,Adecuado,Crítico,Crítico,Crítico,Por mejorar,28.17,Rojo,6.94,Ámbar,76.77,2024-10
43290896,Patricia Aguilar Castillo,Monitoreo de Incidencias,Los Olivos,2023-04-09,Activo,2024,10,2024-10,50.0,196.3325,94.80571428571429,5.882142857142857,77.82,76.60714285714286,89.03571428571429,13.428571428571429,25515.0,22662.0,100.0,96.11,11.79,150.0,33.04,90.36,Adecuado,Por mejorar,Crítico,Adecuado,Crítico,Por mejorar,76.77,Ámbar,6.95,Rojo,61.91,2024-11
43290896,Patricia Aguilar Castillo,Monitoreo de Incidencias,Los Olivos,2023-04-09,Activo,2024,11,2024-11,45.0,190.27714285714285,95.41464285714285,5.950714285714286,72.67,81.32142857142857,86.42857142857143,15.25,27289.0,23637.0,0.0,104.15,4.93,119.7,56.61,64.29,Crítico,Adecuado,Crítico,Adecuado,Crítico,Crítico,61.91,Rojo,6.89,Rojo,59.81,2024-12
43290896,Patricia Aguilar Castillo,Monitoreo de Incidencias,Los Olivos,2023-04-09,Activo,2024,12,2024-12,55.0,196.60535714285714,94.93785714285714,6.035714285714286,68.91,75.92857142857143,87.0,13.857142857142858,25002.0,21711.0,150.0,98.76,0.0,82.1,29.64,70.0,Adecuado,Por mejorar,Crítico,Por mejorar,Crítico,Por mejorar,59.81,Rojo,6.91,Rojo,51.24,2025-01
43290896,Patricia Aguilar Castillo,Monitoreo de Incidencias,Los Olivos,2023-04-09,Activo,2025,01,2025-01,50.0,196.85142857142858,95.05607142857143,5.98,67.3,76.14285714285714,86.60714285714286,13.857142857142858,26028.0,22696.0,100.0,100.56,2.0,66.0,30.71,66.07,Adecuado,Adecuado,Crítico,Crítico,Crítico,Crítico,51.24,Rojo,6.84,Ámbar,72.55,2025-02
43290896,Patricia Aguilar Castillo,Monitoreo de Incidencias,Los Olivos,2023-04-09,Activo,2025,02,2025-02,55.0,173.45928571428573,94.22964285714286,6.037857142857143,75.07,75.82142857142857,85.89285714285714,13.892857142857142,25239.0,21742.0,150.0,84.59,0.0,143.7,29.11,58.93,Adecuado,Por mejorar,Crítico,Adecuado,Crítico,Crítico,72.55,Ámbar,6.95,Rojo,49.81,2025-03
43290896,Patricia Aguilar Castillo,Monitoreo de Incidencias,Los Olivos,2023-04-09,Activo,2025,03,2025-03,50.0,196.0725,94.68035714285715,6.076071428571429,67.12,75.32142857142857,87.75,13.571428571428571,27608.0,24074.0,100.0,93.61,0.0,64.2,26.61,77.5,Adecuado,Por mejorar,Crítico,Crítico,Crítico,Por mejorar,49.81,Rojo,6.99,Rojo,62.18,2025-04
43290896,Patricia Aguilar Castillo,Monitoreo de Incidencias,Los Olivos,2023-04-09,Activo,2025,04,2025-04,55.0,187.90964285714287,94.2275,5.957857142857143,68.69,76.78571428571429,89.42857142857143,14.035714285714286,27380.0,24537.0,150.0,84.55,4.21,79.9,33.93,94.29,Adecuado,Por mejorar,Crítico,Por mejorar,Crítico,Por mejorar,62.18,Rojo,6.98,Rojo,65.85,2025-05
43290896,Patricia Aguilar Castillo,Monitoreo de Incidencias,Los Olivos,2023-04-09,Activo,2025,05,2025-05,50.0,194.59607142857143,93.96714285714286,5.8375,69.69,81.03571428571429,88.39285714285714,14.964285714285714,29084.0,25676.0,100.0,79.34,16.25,89.9,55.18,83.93,Adecuado,Por mejorar,Crítico,Por mejorar,Crítico,Por mejorar,65.85,Rojo,6.96,Rojo,28.93,2025-06
43290896,Patricia Aguilar Castillo,Monitoreo de Incidencias,Los Olivos,2023-04-09,Activo,2025,06,2025-06,45.0,189.2367857142857,94.89285714285714,5.958214285714286,60.76,78.92857142857143,87.0,14.5,27765.0,24148.0,0.0,97.86,4.18,0.6,44.64,70.0,Crítico,Por mejorar,Crítico,Crítico,Crítico,Por mejorar,28.93,Rojo,6.98,Ámbar,84.29,2025-07
43290896,Patricia Aguilar Castillo,Monitoreo de Incidencias,Los Olivos,2023-04-09,Activo,2025,07,2025-07,50.0,196.1625,94.72285714285714,5.986428571428571,76.96,85.42857142857143,87.78571428571429,15.5,25609.0,22630.0,100.0,94.46,1.36,150.0,77.14,77.86,Adecuado,Por mejorar,Crítico,Adecuado,Por mejorar,Por mejorar,84.29,Ámbar,6.89,Rojo,34.0,2025-08
43290896,Patricia Aguilar Castillo,Monitoreo de Incidencias,Los Olivos,2023-04-09,Activo,2025,08,2025-08,45.0,197.27107142857142,95.25714285714285,5.695,61.87,75.0,88.46428571428571,13.25,25689.0,22740.0,0.0,102.57,30.5,11.7,25.0,84.64,Crítico,Adecuado,Crítico,Crítico,Crítico,Por mejorar,34.0,Rojo,6.75,Rojo,43.02,2025-09
43290896,Patricia Aguilar Castillo,Monitoreo de Incidencias,Los Olivos,2023-04-09,Activo,2025,09,2025-09,45.0,188.7732142857143,94.66142857142857,6.166428571428572,68.55,77.57142857142857,84.60714285714286,13.642857142857142,27928.0,23738.0,0.0,93.23,0.0,78.5,37.86,46.07,Crítico,Por mejorar,Crítico,Por mejorar,Crítico,Crítico,43.02,Rojo,6.99,Rojo,49.04,2025-10
43290896,Patricia Aguilar Castillo,Monitoreo de Incidencias,Los Olivos,2023-04-09,Activo,2025,10,2025-10,45.0,195.22142857142856,94.26857142857143,6.098928571428571,67.83,82.28571428571429,87.32142857142857,15.0,28486.0,25001.0,0.0,85.37,0.0,71.3,61.43,73.21,Crítico,Por mejorar,Crítico,Por mejorar,Crítico,Por mejorar,49.04,Rojo,6.95,Ámbar,70.98,2025-11
43290896,Patricia Aguilar Castillo,Monitoreo de Incidencias,Los Olivos,2023-04-09,Activo,2025,11,2025-11,50.0,188.3057142857143,94.4275,6.083571428571428,73.9,80.35714285714286,86.17857142857143,14.892857142857142,27514.0,23633.0,100.0,88.55,0.0,132.0,51.79,61.79,Adecuado,Por mejorar,Crítico,Adecuado,Crítico,Crítico,70.98,Ámbar,6.99,Rojo,61.79,2025-12
43290896,Patricia Aguilar Castillo,Monitoreo de Incidencias,Los Olivos,2023-04-09,Activo,2025,12,2025-12,45.0,196.72285714285715,94.99357142857143,5.856428571428571,77.5,76.14285714285714,83.75,14.0,26293.0,22056.0,0.0,99.87,14.36,150.0,30.71,37.5,Crítico,Por mejorar,Crítico,Adecuado,Crítico,Crítico,61.79,Rojo,7.0,Ámbar,72.81,2026-01
43290896,Patricia Aguilar Castillo,Monitoreo de Incidencias,Los Olivos,2023-04-09,Activo,2026,01,2026-01,50.0,196.80892857142857,95.03535714285714,6.098214285714286,76.7,78.82142857142857,84.25,14.0,27376.0,23032.0,100.0,100.35,0.0,150.0,44.11,42.5,Adecuado,Adecuado,Crítico,Adecuado,Crítico,Crítico,72.81,Ámbar,6.93,Rojo,66.45,2026-02
43290896,Patricia Aguilar Castillo,Monitoreo de Incidencias,Los Olivos,2023-04-09,Activo,2026,02,2026-02,45.0,174.17857142857142,94.62071428571429,6.196785714285714,77.98,78.71428571428571,88.82142857142857,14.285714285714286,27082.0,23943.0,0.0,92.41,0.0,150.0,43.57,88.21,Crítico,Por mejorar,Crítico,Adecuado,Crítico,Por mejorar,66.45,Rojo,6.99,Rojo,52.03,2026-03
43290896,Patricia Aguilar Castillo,Monitoreo de Incidencias,Los Olivos,2023-04-09,Activo,2026,03,2026-03,50.0,197.09857142857143,95.17535714285714,6.065357142857143,62.02,86.07142857142857,88.46428571428571,15.928571428571429,25058.0,22106.0,100.0,101.75,0.0,13.2,80.36,84.64,Adecuado,Adecuado,Crítico,Crítico,Por mejorar,Por mejorar,52.03,Rojo,6.99,Rojo,34.93,2026-04
43333523,José Castillo Rojas,Atención Operativa,San Isidro,2022-11-12,Activo,2024,01,2024-01,55.0,199.35714285714286,96.26571428571428,5.965714285714285,76.94,80.0,88.46428571428571,14.857142857142858,26965.0,23860.0,150.0,112.66,3.43,150.0,50.0,84.64,Adecuado,Adecuado,Crítico,Adecuado,Crítico,Por mejorar,85.42,Ámbar,6.89,Ámbar,71.68,2024-02
43333523,José Castillo Rojas,Atención Operativa,San Isidro,2022-11-12,Activo,2024,02,2024-02,55.0,181.37357142857144,94.58892857142857,5.861428571428571,72.34,76.67857142857143,87.28571428571429,13.678571428571429,25567.0,22370.0,150.0,91.78,13.86,116.4,33.39,72.86,Adecuado,Por mejorar,Crítico,Adecuado,Crítico,Por mejorar,71.68,Ámbar,6.85,Ámbar,86.08,2024-03
43333523,José Castillo Rojas,Atención Operativa,San Isidro,2022-11-12,Activo,2024,03,2024-03,50.0,198.24107142857142,95.72642857142857,5.892142857142857,77.88,82.92857142857143,89.53571428571429,15.321428571428571,25822.0,23096.0,100.0,107.26,10.79,150.0,64.64,95.36,Adecuado,Adecuado,Crítico,Adecuado,Crítico,Por mejorar,86.08,Ámbar,6.94,Ámbar,85.53,2024-04
43333523,José Castillo Rojas,Atención Operativa,San Isidro,2022-11-12,Activo,2024,04,2024-04,55.0,190.06321428571428,95.30964285714286,5.861071428571429,75.59,80.57142857142857,87.0,14.392857142857142,27809.0,24082.0,150.0,103.1,13.89,148.9,52.86,70.0,Adecuado,Adecuado,Crítico,Adecuado,Crítico,Por mejorar,85.53,Ámbar,6.86,Rojo,55.83,2024-05
43333523,José Castillo Rojas,Atención Operativa,San Isidro,2022-11-12,Activo,2024,05,2024-05,55.0,194.41607142857143,93.88,5.929285714285714,61.94,84.64285714285714,90.5,15.25,26011.0,23480.0,150.0,77.6,7.07,12.4,73.21,102.5,Adecuado,Por mejorar,Crítico,Crítico,Por mejorar,Adecuado,55.83,Rojo,6.98,Ámbar,78.43,2024-06
43333523,José Castillo Rojas,Atención Operativa,San Isidro,2022-11-12,Activo,2024,06,2024-06,50.0,188.145,94.34571428571428,5.935714285714286,76.95,78.82142857142857,89.92857142857143,14.178571428571429,27037.0,24351.0,100.0,86.91,6.43,150.0,44.11,99.29,Adecuado,Por mejorar,Crítico,Adecuado,Crítico,Por mejorar,78.43,Ámbar,6.99,Ámbar,72.77,2024-07
43333523,José Castillo Rojas,Atención Operativa,San Isidro,2022-11-12,Activo,2024,07,2024-07,50.0,196.30964285714285,94.795,6.008571428571429,78.94,77.14285714285714,86.75,14.321428571428571,26380.0,22784.0,100.0,95.9,0.0,150.0,35.71,67.5,Adecuado,Por mejorar,Crítico,Adecuado,Crítico,Crítico,72.77,Ámbar,6.96,Ámbar,79.58,2024-08
43333523,José Castillo Rojas,Atención Operativa,San Isidro,2022-11-12,Activo,2024,08,2024-08,55.0,197.07392857142858,95.16428571428571,6.123214285714286,77.52,76.82142857142857,88.39285714285714,14.0,26566.0,23442.0,150.0,101.64,0.0,150.0,34.11,83.93,Adecuado,Adecuado,Crítico,Adecuado,Crítico,Por mejorar,79.58,Ámbar,6.96,Rojo,39.87,2024-09
43333523,José Castillo Rojas,Atención Operativa,San Isidro,2022-11-12,Activo,2024,09,2024-09,50.0,189.2475,94.89964285714285,5.952142857142857,61.46,77.85714285714286,87.39285714285714,14.464285714285714,26201.0,23001.0,100.0,97.99,4.79,7.6,39.29,73.93,Adecuado,Por mejorar,Crítico,Crítico,Crítico,Por mejorar,39.87,Rojo,6.99,Ámbar,77.59,2024-10
43333523,José Castillo Rojas,Atención Operativa,San Isidro,2022-11-12,Activo,2024,10,2024-10,50.0,196.66321428571428,94.96392857142857,6.008214285714286,77.82,81.35714285714286,85.96428571428571,14.535714285714286,27912.0,23966.0,100.0,99.28,0.0,150.0,56.79,59.64,Adecuado,Por mejorar,Crítico,Adecuado,Crítico,Crítico,77.59,Ámbar,6.96,Ámbar,74.52,2024-11
43333523,José Castillo Rojas,Atención Operativa,San Isidro,2022-11-12,Activo,2024,11,2024-11,55.0,188.92642857142857,94.73785714285714,5.729642857142857,72.67,75.71428571428571,87.57142857142857,13.678571428571429,26435.0,23307.0,150.0,94.76,27.04,119.7,28.57,75.71,Adecuado,Por mejorar,Crítico,Adecuado,Crítico,Por mejorar,74.52,Ámbar,6.94,Rojo,60.54,2024-12
43333523,José Castillo Rojas,Atención Operativa,San Isidro,2022-11-12,Activo,2024,12,2024-12,50.0,195.96714285714285,94.62892857142857,5.988214285714285,68.91,80.07142857142857,87.92857142857143,14.25,26803.0,23521.0,100.0,92.58,1.18,82.1,50.36,79.29,Adecuado,Por mejorar,Crítico,Por mejorar,Crítico,Por mejorar,60.54,Rojo,6.96,Rojo,60.44,2025-01
43333523,José Castillo Rojas,Atención Operativa,San Isidro,2022-11-12,Activo,2025,01,2025-01,50.0,196.66535714285715,94.96714285714286,5.906785714285714,67.3,81.71428571428571,87.5,14.642857142857142,25823.0,22510.0,100.0,99.34,9.32,66.0,58.57,75.0,Adecuado,Por mejorar,Crítico,Crítico,Crítico,Por mejorar,60.44,Rojo,6.83,Rojo,65.03,2025-02
43333523,José Castillo Rojas,Atención Operativa,San Isidro,2022-11-12,Activo,2025,02,2025-02,45.0,174.53321428571428,94.81357142857142,6.023571428571429,75.07,80.32142857142857,86.57142857142857,15.071428571428571,27977.0,24226.0,0.0,96.27,0.0,143.7,51.61,65.71,Crítico,Por mejorar,Crítico,Adecuado,Crítico,Crítico,65.03,Rojo,6.99,Rojo,61.09,2025-03
43333523,José Castillo Rojas,Atención Operativa,San Isidro,2022-11-12,Activo,2025,03,2025-03,55.0,196.2917857142857,94.78607142857143,6.0496428571428575,67.12,79.89285714285714,88.10714285714286,14.535714285714286,28312.0,25010.0,150.0,95.72,0.0,64.2,49.46,81.07,Adecuado,Por mejorar,Crítico,Crítico,Crítico,Por mejorar,61.09,Rojo,6.97,Rojo,59.57,2025-04
43333523,José Castillo Rojas,Atención Operativa,San Isidro,2022-11-12,Activo,2025,04,2025-04,50.0,188.62892857142856,94.58857142857143,5.952142857142857,68.69,77.25,90.78571428571429,13.892857142857142,27027.0,24357.0,100.0,91.77,4.79,79.9,36.25,103.93,Adecuado,Por mejorar,Crítico,Por mejorar,Crítico,Adecuado,59.57,Rojo,6.98,Rojo,57.05,2025-05
43333523,José Castillo Rojas,Atención Operativa,San Isidro,2022-11-12,Activo,2025,05,2025-05,45.0,197.46392857142857,95.3525,5.954285714285715,69.69,82.67857142857143,87.46428571428571,15.357142857142858,25472.0,22302.0,0.0,103.53,4.57,89.9,63.39,74.64,Crítico,Adecuado,Crítico,Por mejorar,Crítico,Por mejorar,57.05,Rojo,6.97,Rojo,28.95,2025-06
43333523,José Castillo Rojas,Atención Operativa,San Isidro,2022-11-12,Activo,2025,06,2025-06,45.0,186.50964285714286,93.52607142857143,5.936428571428571,60.76,78.75,89.53571428571429,14.357142857142858,25367.0,22877.0,0.0,70.52,6.36,0.6,43.75,95.36,Crítico,Por mejorar,Crítico,Crítico,Crítico,Por mejorar,28.95,Rojo,6.97,Ámbar,81.48,2025-07
43333523,José Castillo Rojas,Atención Operativa,San Isidro,2022-11-12,Activo,2025,07,2025-07,50.0,197.55964285714285,95.39785714285715,6.02,76.96,80.53571428571429,90.82142857142857,14.178571428571429,24989.0,22636.0,100.0,103.98,0.0,150.0,52.68,104.11,Adecuado,Adecuado,Crítico,Adecuado,Crítico,Adecuado,81.48,Ámbar,6.93,Rojo,49.96,2025-08
43333523,José Castillo Rojas,Atención Operativa,San Isidro,2022-11-12,Activo,2025,08,2025-08,50.0,196.3632142857143,94.82071428571429,5.915,61.87,83.5,88.82142857142857,15.321428571428571,25528.0,22618.0,100.0,96.41,8.5,11.7,67.5,88.21,Adecuado,Por mejorar,Crítico,Crítico,Crítico,Por mejorar,49.96,Rojo,7.0,Rojo,63.73,2025-09
43333523,José Castillo Rojas,Atención Operativa,San Isidro,2022-11-12,Activo,2025,09,2025-09,50.0,189.01892857142857,94.78428571428572,5.971071428571428,68.55,82.82142857142857,87.92857142857143,15.25,26298.0,22915.0,100.0,95.69,2.89,78.5,64.11,79.29,Adecuado,Por mejorar,Crítico,Por mejorar,Crítico,Por mejorar,63.73,Rojo,6.91,Rojo,55.08,2025-10
43333523,José Castillo Rojas,Atención Operativa,San Isidro,2022-11-12,Activo,2025,10,2025-10,50.0,197.05035714285714,95.15214285714286,5.9382142857142854,67.83,79.60714285714286,83.85714285714286,14.5,27181.0,22662.0,100.0,101.52,6.18,71.3,48.04,38.57,Adecuado,Adecuado,Crítico,Por mejorar,Crítico,Crítico,55.08,Rojo,6.82,Ámbar,73.3,2025-11
43333523,José Castillo Rojas,Atención Operativa,San Isidro,2022-11-12,Activo,2025,11,2025-11,50.0,189.05428571428573,94.80214285714285,5.913214285714286,73.9,78.71428571428571,88.07142857142857,14.321428571428571,27933.0,24409.0,100.0,96.04,8.68,132.0,43.57,80.71,Adecuado,Por mejorar,Crítico,Adecuado,Crítico,Por mejorar,73.3,Ámbar,6.94,Rojo,66.9,2025-12
43333523,José Castillo Rojas,Atención Operativa,San Isidro,2022-11-12,Activo,2025,12,2025-12,45.0,197.32964285714286,95.2875,6.140714285714286,77.5,79.89285714285714,86.75,14.392857142857142,27910.0,24225.0,0.0,102.88,0.0,150.0,49.46,67.5,Crítico,Adecuado,Crítico,Adecuado,Crítico,Crítico,66.9,Rojo,6.99,Ámbar,88.0,2026-01
43333523,José Castillo Rojas,Atención Operativa,San Isidro,2022-11-12,Activo,2026,01,2026-01,50.0,195.27785714285713,94.29571428571428,6.132857142857143,76.7,87.92857142857143,89.5,15.571428571428571,27947.0,24910.0,100.0,85.91,0.0,150.0,89.64,95.0,Adecuado,Por mejorar,Crítico,Adecuado,Por mejorar,Por mejorar,88.0,Ámbar,6.96,Ámbar,79.46,2026-02
43333523,José Castillo Rojas,Atención Operativa,San Isidro,2022-11-12,Activo,2026,02,2026-02,50.0,176.3257142857143,95.78642857142857,5.975,77.98,81.53571428571429,86.25,14.5,27225.0,23518.0,100.0,107.86,2.5,150.0,57.68,62.5,Adecuado,Adecuado,Crítico,Adecuado,Crítico,Crítico,79.46,Ámbar,6.98,Rojo,43.86,2026-03
43333523,José Castillo Rojas,Atención Operativa,San Isidro,2022-11-12,Activo,2026,03,2026-03,55.0,196.21678571428572,94.74892857142858,6.178928571428571,62.02,77.82142857142857,86.28571428571429,14.428571428571429,25597.0,22148.0,150.0,94.98,0.0,13.2,39.11,62.86,Adecuado,Por mejorar,Crítico,Crítico,Crítico,Crítico,43.86,Rojo,6.96,Rojo,43.1,2026-04
44484034,Lucía Mamani Aguilar,Monitoreo de Incidencias,Ate,2022-09-09,Activo,2024,01,2024-01,50.0,196.79214285714286,95.02821428571428,6.083214285714286,76.94,80.60714285714286,88.28571428571429,14.5,28158.0,24876.0,100.0,100.28,0.0,150.0,53.04,82.86,Adecuado,Adecuado,Crítico,Adecuado,Crítico,Por mejorar,79.07,Ámbar,6.99,Ámbar,71.17,2024-02
44484034,Lucía Mamani Aguilar,Monitoreo de Incidencias,Ate,2022-09-09,Activo,2024,02,2024-02,50.0,181.98785714285714,94.91,5.973214285714286,72.34,81.42857142857143,87.42857142857143,14.714285714285714,26692.0,23366.0,100.0,98.2,2.68,116.4,57.14,74.29,Adecuado,Por mejorar,Crítico,Adecuado,Crítico,Por mejorar,71.17,Ámbar,6.89,Ámbar,84.78,2024-03
44484034,Lucía Mamani Aguilar,Monitoreo de Incidencias,Ate,2022-09-09,Activo,2024,03,2024-03,55.0,196.6775,94.97107142857143,5.988571428571428,77.88,83.0,85.85714285714286,15.857142857142858,25995.0,22291.0,150.0,99.42,1.14,150.0,65.0,58.57,Adecuado,Por mejorar,Crítico,Adecuado,Crítico,Crítico,84.78,Ámbar,6.99,Rojo,61.01,2024-04
44484034,Lucía Mamani Aguilar,Monitoreo de Incidencias,Ate,2022-09-09,Activo,2024,04,2024-04,45.0,189.26214285714286,94.90678571428572,6.0125,75.59,75.75,86.78571428571429,13.964285714285714,25197.0,21904.0,0.0,98.14,0.0,148.9,28.75,67.86,Crítico,Por mejorar,Crítico,Adecuado,Crítico,Crítico,61.01,Rojo,6.99,Rojo,51.72,2024-05
44484034,Lucía Mamani Aguilar,Monitoreo de Incidencias,Ate,2022-09-09,Activo,2024,05,2024-05,55.0,194.54392857142858,93.94107142857143,6.035714285714286,61.94,84.53571428571429,87.57142857142857,15.714285714285714,26904.0,23636.0,150.0,78.82,0.0,12.4,72.68,75.71,Adecuado,Por mejorar,Crítico,Crítico,Por mejorar,Por mejorar,51.72,Rojo,6.99,Rojo,67.57,2024-06
44484034,Lucía Mamani Aguilar,Monitoreo de Incidencias,Ate,2022-09-09,Activo,2024,06,2024-06,45.0,188.7017857142857,94.62535714285714,5.801785714285714,76.95,77.28571428571429,87.75,14.107142857142858,25928.0,22573.0,0.0,92.51,19.82,150.0,36.43,77.5,Crítico,Por mejorar,Crítico,Adecuado,Crítico,Por mejorar,67.57,Rojo,6.72,Ámbar,81.0,2024-07
44484034,Lucía Mamani Aguilar,Monitoreo de Incidencias,Ate,2022-09-09,Activo,2024,07,2024-07,50.0,197.87642857142856,95.55,5.901785714285714,78.94,82.67857142857143,85.14285714285714,15.142857142857142,27233.0,22893.0,100.0,105.5,9.82,150.0,63.39,51.43,Adecuado,Adecuado,Crítico,Adecuado,Crítico,Crítico,81.0,Ámbar,6.99,Ámbar,77.88,2024-08
44484034,Lucía Mamani Aguilar,Monitoreo de Incidencias,Ate,2022-09-09,Activo,2024,08,2024-08,50.0,197.32107142857143,95.2825,5.956071428571429,77.52,78.42857142857143,88.67857142857143,14.357142857142858,27443.0,24165.0,100.0,102.83,4.39,150.0,42.14,86.79,Adecuado,Adecuado,Crítico,Adecuado,Crítico,Por mejorar,77.88,Ámbar,6.87,Rojo,41.65,2024-09
44484034,Lucía Mamani Aguilar,Monitoreo de Incidencias,Ate,2022-09-09,Activo,2024,09,2024-09,50.0,189.65035714285713,95.10178571428571,6.128571428571429,61.46,80.85714285714286,86.07142857142857,14.821428571428571,26900.0,23300.0,100.0,101.02,0.0,7.6,54.29,60.71,Adecuado,Adecuado,Crítico,Crítico,Crítico,Crítico,41.65,Rojo,6.99,Ámbar,80.03,2024-10
44484034,Lucía Mamani Aguilar,Monitoreo de Incidencias,Ate,2022-09-09,Activo,2024,10,2024-10,55.0,196.59035714285713,94.92892857142857,6.006428571428572,77.82,77.53571428571429,88.25,14.25,26975.0,23807.0,150.0,98.58,0.0,150.0,37.68,82.5,Adecuado,Por mejorar,Crítico,Adecuado,Crítico,Por mejorar,80.03,Ámbar,6.95,Ámbar,74.05,2024-11
44484034,Lucía Mamani Aguilar,Monitoreo de Incidencias,Ate,2022-09-09,Activo,2024,11,2024-11,50.0,190.75214285714284,95.65321428571428,6.111071428571429,72.67,81.75,88.78571428571429,14.892857142857142,26010.0,22953.0,100.0,106.53,0.0,119.7,58.75,87.86,Adecuado,Adecuado,Crítico,Adecuado,Crítico,Por mejorar,74.05,Ámbar,6.89,Rojo,64.2,2024-12
44484034,Lucía Mamani Aguilar,Monitoreo de Incidencias,Ate,2022-09-09,Activo,2024,12,2024-12,55.0,197.19571428571427,95.22285714285714,5.943928571428572,68.91,75.82142857142857,90.10714285714286,13.107142857142858,26054.0,23541.0,150.0,102.23,5.61,82.1,29.11,100.54,Adecuado,Adecuado,Crítico,Por mejorar,Crítico,Adecuado,64.2,Rojo,6.92,Rojo,43.88,2025-01
44484034,Lucía Mamani Aguilar,Monitoreo de Incidencias,Ate,2022-09-09,Activo,2025,01,2025-01,45.0,196.285,94.7825,5.9660714285714285,67.3,78.14285714285714,86.96428571428571,13.464285714285714,25737.0,22348.0,0.0,95.65,3.39,66.0,40.71,69.64,Crítico,Por mejorar,Crítico,Crítico,Crítico,Crítico,43.88,Rojo,6.79,Ámbar,70.31,2025-02
44484034,Lucía Mamani Aguilar,Monitoreo de Incidencias,Ate,2022-09-09,Activo,2025,02,2025-02,45.0,175.12464285714285,95.13607142857143,5.895714285714286,75.07,80.5,89.03571428571429,15.142857142857142,28657.0,25614.0,0.0,101.36,10.43,143.7,52.5,90.36,Crítico,Adecuado,Crítico,Adecuado,Crítico,Por mejorar,70.31,Ámbar,6.98,Rojo,69.36,2025-03
44484034,Lucía Mamani Aguilar,Monitoreo de Incidencias,Ate,2022-09-09,Activo,2025,03,2025-03,55.0,197.95214285714286,95.58821428571429,5.701428571428571,67.12,81.71428571428571,87.10714285714286,14.892857142857142,26564.0,23071.0,150.0,105.88,29.86,64.2,58.57,71.07,Adecuado,Adecuado,Crítico,Crítico,Crítico,Por mejorar,69.36,Rojo,6.77,Rojo,69.33,2025-04
44484034,Lucía Mamani Aguilar,Monitoreo de Incidencias,Ate,2022-09-09,Activo,2025,04,2025-04,50.0,189.74964285714285,95.15071428571429,5.773571428571429,68.69,82.57142857142857,88.96428571428571,15.142857142857142,25559.0,22720.0,100.0,101.51,22.64,79.9,62.86,89.64,Adecuado,Adecuado,Crítico,Por mejorar,Crítico,Por mejorar,69.33,Rojo,6.96,Rojo,50.08,2025-05
44484034,Lucía Mamani Aguilar,Monitoreo de Incidencias,Ate,2022-09-09,Activo,2025,05,2025-05,45.0,196.2342857142857,94.75857142857143,6.133571428571429,69.69,80.92857142857143,84.42857142857143,14.571428571428571,25199.0,21299.0,0.0,95.17,0.0,89.9,54.64,44.29,Crítico,Por mejorar,Crítico,Por mejorar,Crítico,Crítico,50.08,Rojo,6.99,Rojo,35.63,2025-06
44484034,Lucía Mamani Aguilar,Monitoreo de Incidencias,Ate,2022-09-09,Activo,2025,06,2025-06,45.0,190.13607142857143,95.345,6.023214285714285,60.76,84.96428571428571,86.42857142857143,15.5,25581.0,22040.0,0.0,103.45,0.0,0.6,74.82,64.29,Crítico,Adecuado,Crítico,Crítico,Por mejorar,Crítico,35.63,Rojo,6.98,Rojo,60.85,2025-07
44484034,Lucía Mamani Aguilar,Monitoreo de Incidencias,Ate,2022-09-09,Activo,2025,07,2025-07,45.0,193.82392857142858,93.59428571428572,5.997142857142857,76.96,74.71428571428571,90.42857142857143,13.357142857142858,26502.0,23814.0,0.0,71.89,0.29,150.0,23.57,102.14,Crítico,Por mejorar,Crítico,Adecuado,Crítico,Adecuado,60.85,Rojo,6.91,Rojo,49.65,2025-08
44484034,Lucía Mamani Aguilar,Monitoreo de Incidencias,Ate,2022-09-09,Activo,2025,08,2025-08,55.0,195.375,94.34214285714286,6.0007142857142854,61.87,80.39285714285714,90.10714285714286,14.428571428571429,26893.0,24320.0,150.0,86.84,0.0,11.7,51.96,100.54,Adecuado,Por mejorar,Crítico,Crítico,Crítico,Adecuado,49.65,Rojo,6.99,Rojo,59.76,2025-09
44484034,Lucía Mamani Aguilar,Monitoreo de Incidencias,Ate,2022-09-09,Activo,2025,09,2025-09,50.0,187.68785714285715,94.11678571428571,5.96,68.55,80.39285714285714,88.10714285714286,14.142857142857142,25456.0,22459.0,100.0,82.34,4.0,78.5,51.96,81.07,Adecuado,Por mejorar,Crítico,Por mejorar,Crítico,Por mejorar,59.76,Rojo,6.85,Rojo,50.0,2025-10
44484034,Lucía Mamani Aguilar,Monitoreo de Incidencias,Ate,2022-09-09,Activo,2025,10,2025-10,45.0,196.3025,94.79035714285715,5.970357142857143,67.83,79.85714285714286,89.67857142857143,14.464285714285714,26070.0,23385.0,0.0,95.81,2.96,71.3,49.29,96.79,Crítico,Por mejorar,Crítico,Por mejorar,Crítico,Por mejorar,50.0,Rojo,6.99,Rojo,64.51,2025-11
44484034,Lucía Mamani Aguilar,Monitoreo de Incidencias,Ate,2022-09-09,Activo,2025,11,2025-11,45.0,188.87785714285715,94.7125,5.941071428571429,73.9,81.92857142857143,86.0,14.821428571428571,25741.0,21909.0,0.0,94.25,5.89,132.0,59.64,60.0,Crítico,Por mejorar,Crítico,Adecuado,Crítico,Crítico,64.51,Rojo,6.84,Rojo,69.18,2025-12
44484034,Lucía Mamani Aguilar,Monitoreo de Incidencias,Ate,2022-09-09,Activo,2025,12,2025-12,50.0,195.655,94.47785714285715,5.949642857142857,77.5,74.57142857142857,86.0,13.464285714285714,25458.0,21950.0,100.0,89.56,5.04,150.0,22.86,60.0,Adecuado,Por mejorar,Crítico,Adecuado,Crítico,Crítico,69.18,Rojo,6.98,Ámbar,75.73,2026-01
44484034,Lucía Mamani Aguilar,Monitoreo de Incidencias,Ate,2022-09-09,Activo,2026,01,2026-01,50.0,194.06142857142856,93.70964285714285,6.13,76.7,78.82142857142857,89.78571428571429,13.964285714285714,25597.0,22991.0,100.0,74.19,0.0,150.0,44.11,97.86,Adecuado,Por mejorar,Crítico,Adecuado,Crítico,Por mejorar,75.73,Ámbar,6.95,Ámbar,78.75,2026-02
44484034,Lucía Mamani Aguilar,Monitoreo de Incidencias,Ate,2022-09-09,Activo,2026,02,2026-02,50.0,175.6067857142857,95.39678571428571,5.976785714285715,77.98,78.10714285714286,90.5,14.142857142857142,26224.0,23672.0,100.0,103.97,2.32,150.0,40.54,102.5,Adecuado,Adecuado,Crítico,Adecuado,Crítico,Adecuado,78.75,Ámbar,6.81,Rojo,44.9,2026-03
44484034,Lucía Mamani Aguilar,Monitoreo de Incidencias,Ate,2022-09-09,Activo,2026,03,2026-03,50.0,198.04071428571427,95.63,5.97,62.02,79.89285714285714,88.0,14.142857142857142,25410.0,22317.0,100.0,106.3,3.0,13.2,49.46,80.0,Adecuado,Adecuado,Crítico,Crítico,Crítico,Por mejorar,44.9,Rojo,7.0,Rojo,55.15,2026-04
44512979,Patricia Quispe Gutiérrez,Monitoreo de Incidencias,Los Olivos,2021-06-17,Activo,2024,01,2024-01,45.0,197.20892857142857,95.22821428571429,5.911071428571429,76.94,75.28571428571429,87.14285714285714,13.285714285714286,25081.0,21772.0,0.0,102.28,8.89,150.0,26.43,71.43,Crítico,Adecuado,Crítico,Adecuado,Crítico,Por mejorar,63.26,Rojo,6.93,Ámbar,81.01,2024-02
44512979,Patricia Quispe Gutiérrez,Monitoreo de Incidencias,Los Olivos,2021-06-17,Activo,2024,02,2024-02,55.0,183.17214285714286,95.52607142857143,5.9278571428571425,72.34,84.46428571428571,86.85714285714286,15.357142857142858,25512.0,22269.0,150.0,105.26,7.21,116.4,72.32,68.57,Adecuado,Adecuado,Crítico,Adecuado,Por mejorar,Crítico,81.01,Ámbar,6.95,Rojo,65.31,2024-03
44512979,Patricia Quispe Gutiérrez,Monitoreo de Incidencias,Los Olivos,2021-06-17,Activo,2024,03,2024-03,45.0,197.20892857142857,95.22964285714286,5.871428571428571,77.88,77.46428571428571,85.67857142857143,14.035714285714286,27177.0,23242.0,0.0,102.3,12.86,150.0,37.32,56.79,Crítico,Adecuado,Crítico,Adecuado,Crítico,Crítico,65.31,Rojo,6.96,Rojo,62.64,2024-04
44512979,Patricia Quispe Gutiérrez,Monitoreo de Incidencias,Los Olivos,2021-06-17,Activo,2024,04,2024-04,45.0,189.31607142857143,94.93321428571429,5.978571428571429,75.59,78.46428571428571,84.53571428571429,14.0,27008.0,22622.0,0.0,98.66,2.14,148.9,42.32,45.36,Crítico,Por mejorar,Crítico,Adecuado,Crítico,Crítico,62.64,Rojo,6.97,Rojo,43.87,2024-05
44512979,Patricia Quispe Gutiérrez,Monitoreo de Incidencias,Los Olivos,2021-06-17,Activo,2024,05,2024-05,50.0,196.68142857142857,94.97357142857143,6.042857142857143,61.94,82.28571428571429,85.46428571428571,15.464285714285714,25832.0,21921.0,100.0,99.47,0.0,12.4,61.43,54.64,Adecuado,Por mejorar,Crítico,Crítico,Crítico,Crítico,43.87,Rojo,6.95,Ámbar,75.95,2024-06
44512979,Patricia Quispe Gutiérrez,Monitoreo de Incidencias,Los Olivos,2021-06-17,Activo,2024,06,2024-06,45.0,189.7325,95.14285714285714,5.905,76.95,83.35714285714286,89.71428571428571,15.464285714285714,27698.0,24787.0,0.0,101.43,9.5,150.0,66.79,97.14,Crítico,Adecuado,Crítico,Adecuado,Crítico,Por mejorar,75.95,Ámbar,6.91,Ámbar,74.09,2024-07
44512979,Patricia Quispe Gutiérrez,Monitoreo de Incidencias,Los Olivos,2021-06-17,Activo,2024,07,2024-07,45.0,195.22464285714287,94.27071428571429,5.937857142857143,78.94,83.35714285714286,90.21428571428571,14.857142857142858,26452.0,23861.0,0.0,85.41,6.21,150.0,66.79,101.07,Crítico,Por mejorar,Crítico,Adecuado,Crítico,Adecuado,74.09,Ámbar,6.96,Ámbar,82.17,2024-08
44512979,Patricia Quispe Gutiérrez,Monitoreo de Incidencias,Los Olivos,2021-06-17,Activo,2024,08,2024-08,50.0,197.81964285714287,95.52285714285715,6.043214285714286,77.52,85.28571428571429,85.03571428571429,15.642857142857142,27330.0,23047.0,100.0,105.23,0.0,150.0,76.43,50.36,Adecuado,Adecuado,Crítico,Adecuado,Por mejorar,Crítico,82.17,Ámbar,6.97,Rojo,40.24,2024-09
44512979,Patricia Quispe Gutiérrez,Monitoreo de Incidencias,Los Olivos,2021-06-17,Activo,2024,09,2024-09,50.0,187.9792857142857,94.26285714285714,5.930357142857143,61.46,80.25,85.60714285714286,15.142857142857142,26162.0,22422.0,100.0,85.26,6.96,7.6,51.25,56.07,Adecuado,Por mejorar,Crítico,Crítico,Crítico,Crítico,40.24,Rojo,6.96,Rojo,66.01,2024-10
44512979,Patricia Quispe Gutiérrez,Monitoreo de Incidencias,Los Olivos,2021-06-17,Activo,2024,10,2024-10,45.0,196.77785714285713,95.02,6.100714285714286,77.82,78.53571428571429,87.82142857142857,14.392857142857142,26586.0,23197.0,0.0,100.2,0.0,150.0,42.68,78.21,Crítico,Adecuado,Crítico,Adecuado,Crítico,Por mejorar,66.01,Rojo,6.95,Rojo,64.78,2024-11
44512979,Patricia Quispe Gutiérrez,Monitoreo de Incidencias,Los Olivos,2021-06-17,Activo,2024,11,2024-11,45.0,189.72214285714287,95.13714285714286,5.916428571428572,72.67,82.03571428571429,88.0,14.714285714285714,27028.0,23942.0,0.0,101.37,8.36,119.7,60.18,80.0,Crítico,Adecuado,Crítico,Adecuado,Crítico,Por mejorar,64.78,Rojo,6.73,Rojo,66.58,2024-12
44512979,Patricia Quispe Gutiérrez,Monitoreo de Incidencias,Los Olivos,2021-06-17,Activo,2024,12,2024-12,55.0,196.17,94.7275,6.041785714285714,68.91,82.82142857142857,85.57142857142857,15.535714285714286,26294.0,22305.0,150.0,94.55,0.0,82.1,64.11,55.71,Adecuado,Por mejorar,Crítico,Por mejorar,Crítico,Crítico,66.58,Rojo,6.91,Rojo,69.96,2025-01
44512979,Patricia Quispe Gutiérrez,Monitoreo de Incidencias,Los Olivos,2021-06-17,Activo,2025,01,2025-01,55.0,195.645,94.47392857142857,5.825714285714286,67.3,84.25,88.21428571428571,15.5,26882.0,23756.0,150.0,89.48,17.43,66.0,71.25,82.14,Adecuado,Por mejorar,Crítico,Crítico,Por mejorar,Por mejorar,69.96,Rojo,6.71,Ámbar,82.89,2025-02
44512979,Patricia Quispe Gutiérrez,Monitoreo de Incidencias,Los Olivos,2021-06-17,Activo,2025,02,2025-02,55.0,175.0832142857143,95.1125,5.980714285714286,75.07,81.85714285714286,86.64285714285714,15.071428571428571,25411.0,21910.0,150.0,101.13,1.93,143.7,59.29,66.43,Adecuado,Adecuado,Crítico,Adecuado,Crítico,Crítico,82.89,Ámbar,6.86,Rojo,65.35,2025-03
44512979,Patricia Quispe Gutiérrez,Monitoreo de Incidencias,Los Olivos,2021-06-17,Activo,2025,03,2025-03,55.0,197.39107142857142,95.31678571428571,5.992857142857143,67.12,81.07142857142857,90.0,14.785714285714286,25314.0,22642.0,150.0,103.17,0.71,64.2,55.36,100.0,Adecuado,Adecuado,Crítico,Crítico,Crítico,Adecuado,65.35,Rojo,6.92,Rojo,58.07,2025-04
44512979,Patricia Quispe Gutiérrez,Monitoreo de Incidencias,Los Olivos,2021-06-17,Activo,2025,04,2025-04,50.0,191.3957142857143,95.975,6.131428571428572,68.69,78.46428571428571,86.53571428571429,14.0,26561.0,22984.0,100.0,109.75,0.0,79.9,42.32,65.36,Adecuado,Adecuado,Crítico,Por mejorar,Crítico,Crítico,58.07,Rojo,6.96,Rojo,67.43,2025-05
44512979,Patricia Quispe Gutiérrez,Monitoreo de Incidencias,Los Olivos,2021-06-17,Activo,2025,05,2025-05,50.0,196.33642857142857,94.80678571428571,5.965,69.69,83.28571428571429,88.03571428571429,15.107142857142858,28147.0,24722.0,100.0,96.14,3.5,89.9,66.43,80.36,Adecuado,Por mejorar,Crítico,Por mejorar,Crítico,Por mejorar,67.43,Rojo,6.97,Rojo,33.61,2025-06
44512979,Patricia Quispe Gutiérrez,Monitoreo de Incidencias,Los Olivos,2021-06-17,Activo,2025,06,2025-06,45.0,190.99857142857144,95.77678571428571,5.9539285714285715,60.76,80.17857142857143,89.03571428571429,14.214285714285714,26622.0,23692.0,0.0,107.77,4.61,0.6,50.89,90.36,Crítico,Adecuado,Crítico,Crítico,Crítico,Por mejorar,33.61,Rojo,6.86,Ámbar,86.64,2025-07
44512979,Patricia Quispe Gutiérrez,Monitoreo de Incidencias,Los Olivos,2021-06-17,Activo,2025,07,2025-07,55.0,197.57607142857142,95.40607142857142,5.853928571428572,76.96,80.25,88.0,14.678571428571429,25337.0,22300.0,150.0,104.06,14.61,150.0,51.25,80.0,Adecuado,Adecuado,Crítico,Adecuado,Crítico,Por mejorar,86.64,Ámbar,6.95,Rojo,39.14,2025-08
44512979,Patricia Quispe Gutiérrez,Monitoreo de Incidencias,Los Olivos,2021-06-17,Activo,2025,08,2025-08,45.0,197.75,95.49,6.015714285714286,61.87,83.03571428571429,89.42857142857143,14.928571428571429,27593.0,24567.0,0.0,104.9,0.0,11.7,65.18,94.29,Crítico,Adecuado,Crítico,Crítico,Crítico,Por mejorar,39.14,Rojo,6.89,Rojo,47.06,2025-09
44512979,Patricia Quispe Gutiérrez,Monitoreo de Incidencias,Los Olivos,2021-06-17,Activo,2025,09,2025-09,45.0,188.80892857142857,94.67928571428571,6.045,68.55,77.28571428571429,88.96428571428571,13.75,26795.0,23929.0,0.0,93.59,0.0,78.5,36.43,89.64,Crítico,Por mejorar,Crítico,Por mejorar,Crítico,Por mejorar,47.06,Rojo,6.94,Rojo,68.71,2025-10
44512979,Patricia Quispe Gutiérrez,Monitoreo de Incidencias,Los Olivos,2021-06-17,Activo,2025,10,2025-10,55.0,197.31178571428572,95.2775,5.8567857142857145,67.83,79.46428571428571,91.82142857142857,13.892857142857142,26280.0,24208.0,150.0,102.78,14.32,71.3,47.32,109.11,Adecuado,Adecuado,Crítico,Por mejorar,Crítico,Adecuado,68.71,Rojo,6.79,Rojo,65.07,2025-11
44512979,Patricia Quispe Gutiérrez,Monitoreo de Incidencias,Los Olivos,2021-06-17,Activo,2025,11,2025-11,45.0,190.40857142857143,95.48071428571428,5.965714285714285,73.9,81.46428571428571,86.57142857142857,15.25,26804.0,23142.0,0.0,104.81,3.43,132.0,57.32,65.71,Crítico,Adecuado,Crítico,Adecuado,Crítico,Crítico,65.07,Rojo,6.81,Ámbar,81.9,2025-12
44512979,Patricia Quispe Gutiérrez,Monitoreo de Incidencias,Los Olivos,2021-06-17,Activo,2025,12,2025-12,50.0,198.53535714285715,95.86785714285715,5.797142857142857,77.5,78.46428571428571,88.89285714285714,13.714285714285714,26908.0,23946.0,100.0,108.68,20.29,150.0,42.32,88.93,Adecuado,Adecuado,Crítico,Adecuado,Crítico,Por mejorar,81.9,Ámbar,6.89,Rojo,66.74,2026-01
44512979,Patricia Quispe Gutiérrez,Monitoreo de Incidencias,Los Olivos,2021-06-17,Activo,2026,01,2026-01,45.0,195.89535714285714,94.59428571428572,6.017142857142857,76.7,78.78571428571429,89.07142857142857,13.714285714285714,26085.0,23181.0,0.0,91.89,0.0,150.0,43.93,90.71,Crítico,Por mejorar,Crítico,Adecuado,Crítico,Por mejorar,66.74,Rojo,6.87,Rojo,66.64,2026-02
44512979,Patricia Quispe Gutiérrez,Monitoreo de Incidencias,Los Olivos,2021-06-17,Activo,2026,02,2026-02,45.0,174.84178571428572,94.98035714285714,6.088571428571429,77.98,79.0,87.92857142857143,14.071428571428571,26123.0,23130.0,0.0,99.61,0.0,150.0,45.0,79.29,Crítico,Por mejorar,Crítico,Adecuado,Crítico,Por mejorar,66.64,Rojo,6.99,Rojo,29.41,2026-03
44512979,Patricia Quispe Gutiérrez,Monitoreo de Incidencias,Los Olivos,2021-06-17,Activo,2026,03,2026-03,45.0,194.80714285714285,94.06821428571429,6.02,62.02,79.17857142857143,86.5,14.285714285714286,27573.0,24031.0,0.0,81.36,0.0,13.2,45.89,65.0,Crítico,Por mejorar,Crítico,Crítico,Crítico,Crítico,29.41,Rojo,6.78,Rojo,40.96,2026-04
44682985,Andrés Rodríguez Rojas,Central de Emergencias,Ate,2025-11-19,Activo,2024,01,2024-01,50.0,195.605,94.45428571428572,5.948214285714286,76.94,80.14285714285714,91.64285714285714,14.642857142857142,27505.0,25142.0,100.0,89.09,5.18,150.0,50.71,108.21,Adecuado,Por mejorar,Crítico,Adecuado,Crítico,Adecuado,80.94,Ámbar,6.98,Ámbar,73.0,2024-02
44682985,Andrés Rodríguez Rojas,Central de Emergencias,Ate,2025-11-19,Activo,2024,02,2024-02,50.0,182.7692857142857,95.31678571428571,5.893928571428571,72.34,81.28571428571429,87.35714285714286,15.071428571428571,26228.0,22779.0,100.0,103.17,10.61,116.4,56.43,73.57,Adecuado,Adecuado,Crítico,Adecuado,Crítico,Por mejorar,73.0,Ámbar,6.99,Ámbar,85.75,2024-03
44682985,Andrés Rodríguez Rojas,Central de Emergencias,Ate,2025-11-19,Activo,2024,03,2024-03,55.0,197.21464285714285,95.23178571428572,5.81,77.88,77.17857142857143,90.5,13.857142857142858,25901.0,23356.0,150.0,102.32,19.0,150.0,35.89,102.5,Adecuado,Adecuado,Crítico,Adecuado,Crítico,Adecuado,85.75,Ámbar,6.87,Ámbar,80.64,2024-04
44682985,Andrés Rodríguez Rojas,Central de Emergencias,Ate,2025-11-19,Activo,2024,04,2024-04,50.0,189.02714285714285,94.78892857142857,5.8221428571428575,75.59,80.67857142857143,86.92857142857143,14.75,25352.0,22131.0,100.0,95.78,17.79,148.9,53.39,69.29,Adecuado,Por mejorar,Crítico,Adecuado,Crítico,Crítico,80.64,Ámbar,6.97,Rojo,33.51,2024-05
44682985,Andrés Rodríguez Rojas,Central de Emergencias,Ate,2025-11-19,Activo,2024,05,2024-05,45.0,199.43142857142857,96.30178571428571,6.024642857142857,61.94,80.28571428571429,86.25,14.892857142857142,27313.0,23627.0,0.0,113.02,0.0,12.4,51.43,62.5,Crítico,Adecuado,Crítico,Crítico,Crítico,Crítico,33.51,Rojo,6.86,Rojo,68.71,2024-06
44682985,Andrés Rodríguez Rojas,Central de Emergencias,Ate,2025-11-19,Activo,2024,06,2024-06,45.0,190.30678571428572,95.43035714285715,5.826785714285714,76.95,78.25,87.0,14.035714285714286,25742.0,22345.0,0.0,104.3,17.32,150.0,41.25,70.0,Crítico,Adecuado,Crítico,Adecuado,Crítico,Por mejorar,68.71,Rojo,6.79,Rojo,66.13,2024-07
44682985,Andrés Rodríguez Rojas,Central de Emergencias,Ate,2025-11-19,Activo,2024,07,2024-07,45.0,195.58642857142857,94.44535714285715,6.1375,78.94,79.25,88.17857142857143,13.535714285714286,26544.0,23396.0,0.0,88.91,0.0,150.0,46.25,81.79,Crítico,Por mejorar,Crítico,Adecuado,Crítico,Por mejorar,66.13,Rojo,6.91,Ámbar,83.23,2024-08
44682985,Andrés Rodríguez Rojas,Central de Emergencias,Ate,2025-11-19,Activo,2024,08,2024-08,55.0,196.16714285714286,94.72571428571429,6.024642857142857,77.52,79.67857142857143,89.17857142857143,14.678571428571429,27527.0,24613.0,150.0,94.51,0.0,150.0,48.39,91.79,Adecuado,Por mejorar,Crítico,Adecuado,Crítico,Por mejorar,83.23,Ámbar,6.98,Rojo,45.93,2024-09
44682985,Andrés Rodríguez Rojas,Central de Emergencias,Ate,2025-11-19,Activo,2024,09,2024-09,50.0,189.00857142857143,94.77964285714286,6.163571428571428,61.46,83.03571428571429,88.17857142857143,15.071428571428571,26797.0,23624.0,100.0,95.59,0.0,7.6,65.18,81.79,Adecuado,Por mejorar,Crítico,Crítico,Crítico,Por mejorar,45.93,Rojo,6.95,Ámbar,82.06,2024-10
44682985,Andrés Rodríguez Rojas,Central de Emergencias,Ate,2025-11-19,Activo,2024,10,2024-10,55.0,195.9725,94.63107142857143,5.848928571428571,77.82,78.39285714285714,86.78571428571429,14.392857142857142,28156.0,24427.0,150.0,92.62,15.11,150.0,41.96,67.86,Adecuado,Por mejorar,Crítico,Adecuado,Crítico,Crítico,82.06,Ámbar,6.73,Ámbar,76.87,2024-11
44682985,Andrés Rodríguez Rojas,Central de Emergencias,Ate,2025-11-19,Activo,2024,11,2024-11,55.0,190.48035714285714,95.51785714285714,6.185357142857143,72.67,80.0,88.92857142857143,14.821428571428571,28599.0,25317.0,150.0,105.18,0.0,119.7,50.0,89.29,Adecuado,Adecuado,Crítico,Adecuado,Crítico,Por mejorar,76.87,Ámbar,6.96,Rojo,63.53,2024-12
44682985,Andrés Rodríguez Rojas,Central de Emergencias,Ate,2025-11-19,Activo,2024,12,2024-12,50.0,198.35142857142858,95.78071428571428,5.9775,68.91,79.96428571428571,89.32142857142857,14.5,26295.0,23607.0,100.0,107.81,2.25,82.1,49.82,93.21,Adecuado,Adecuado,Crítico,Por mejorar,Crítico,Por mejorar,63.53,Rojo,6.64,Rojo,55.68,2025-01
44682985,Andrés Rodríguez Rojas,Central de Emergencias,Ate,2025-11-19,Activo,2025,01,2025-01,50.0,195.985,94.63857142857142,6.0217857142857145,67.3,80.46428571428571,86.82142857142857,14.357142857142858,26921.0,23294.0,100.0,92.77,0.0,66.0,52.32,68.21,Adecuado,Por mejorar,Crítico,Crítico,Crítico,Crítico,55.68,Rojo,7.0,Ámbar,84.86,2025-02
44682985,Andrés Rodríguez Rojas,Central de Emergencias,Ate,2025-11-19,Activo,2025,02,2025-02,55.0,172.9867857142857,93.97321428571429,6.025714285714286,75.07,82.60714285714286,90.46428571428571,15.071428571428571,26824.0,24254.0,150.0,79.46,0.0,143.7,63.04,102.32,Adecuado,Por mejorar,Crítico,Adecuado,Crítico,Adecuado,84.86,Ámbar,6.96,Rojo,53.01,2025-03
44682985,Andrés Rodríguez Rojas,Central de Emergencias,Ate,2025-11-19,Activo,2025,03,2025-03,50.0,196.11607142857142,94.7,6.006785714285714,67.12,76.53571428571429,89.39285714285714,14.0,27378.0,24407.0,100.0,94.0,0.0,64.2,32.68,93.93,Adecuado,Por mejorar,Crítico,Crítico,Crítico,Por mejorar,53.01,Rojo,6.83,Rojo,56.12,2025-04
44682985,Andrés Rodríguez Rojas,Central de Emergencias,Ate,2025-11-19,Activo,2025,04,2025-04,45.0,188.73892857142857,94.64357142857143,5.9332142857142856,68.69,83.25,88.96428571428571,14.571428571428571,28216.0,24985.0,0.0,92.87,6.68,79.9,66.25,89.64,Crítico,Por mejorar,Crítico,Por mejorar,Crítico,Por mejorar,56.12,Rojo,6.93,Rojo,57.74,2025-05
44682985,Andrés Rodríguez Rojas,Central de Emergencias,Ate,2025-11-19,Activo,2025,05,2025-05,50.0,196.53357142857143,94.90357142857142,5.939642857142857,69.69,74.71428571428571,88.35714285714286,13.535714285714286,25575.0,22627.0,100.0,98.07,6.04,89.9,23.57,83.57,Adecuado,Por mejorar,Crítico,Por mejorar,Crítico,Por mejorar,57.74,Rojo,6.96,Rojo,45.86,2025-06
44682985,Andrés Rodríguez Rojas,Central de Emergencias,Ate,2025-11-19,Activo,2025,06,2025-06,55.0,191.10857142857142,95.83214285714286,6.132142857142857,60.76,79.64285714285714,87.82142857142857,13.892857142857142,26272.0,23029.0,150.0,108.32,0.0,0.6,48.21,78.21,Adecuado,Adecuado,Crítico,Crítico,Crítico,Por mejorar,45.86,Rojo,6.97,Ámbar,80.99,2025-07
44682985,Andrés Rodríguez Rojas,Central de Emergencias,Ate,2025-11-19,Activo,2025,07,2025-07,50.0,196.09678571428572,94.69178571428571,5.809642857142857,76.96,80.32142857142857,87.39285714285714,14.678571428571429,26277.0,23131.0,100.0,93.84,19.04,150.0,51.61,73.93,Adecuado,Por mejorar,Crítico,Adecuado,Crítico,Por mejorar,80.99,Ámbar,6.87,Rojo,44.42,2025-08
44682985,Andrés Rodríguez Rojas,Central de Emergencias,Ate,2025-11-19,Activo,2025,08,2025-08,50.0,196.37892857142856,94.82785714285714,6.1153571428571425,61.87,82.64285714285714,86.03571428571429,15.0,26786.0,23096.0,100.0,96.56,0.0,11.7,63.21,60.36,Adecuado,Por mejorar,Crítico,Crítico,Crítico,Crítico,44.42,Rojo,6.97,Rojo,47.96,2025-09
44682985,Andrés Rodríguez Rojas,Central de Emergencias,Ate,2025-11-19,Activo,2025,09,2025-09,45.0,190.62535714285715,95.59107142857142,5.984285714285714,68.55,79.28571428571429,85.82142857142857,13.964285714285714,25104.0,21622.0,0.0,105.91,1.57,78.5,46.43,58.21,Crítico,Adecuado,Crítico,Por mejorar,Crítico,Crítico,47.96,Rojo,6.97,Rojo,61.82,2025-10
44682985,Andrés Rodríguez Rojas,Central de Emergencias,Ate,2025-11-19,Activo,2025,10,2025-10,50.0,197.7025,95.46571428571428,5.912857142857143,67.83,80.28571428571429,88.92857142857143,14.25,25877.0,22850.0,100.0,104.66,8.71,71.3,51.43,89.29,Adecuado,Adecuado,Crítico,Por mejorar,Crítico,Por mejorar,61.82,Rojo,6.98,Rojo,59.38,2025-11
44682985,Andrés Rodríguez Rojas,Central de Emergencias,Ate,2025-11-19,Activo,2025,11,2025-11,45.0,190.58857142857144,95.5725,5.9939285714285715,73.9,77.46428571428571,86.35714285714286,14.535714285714286,25457.0,21980.0,0.0,105.73,0.61,132.0,37.32,63.57,Crítico,Adecuado,Crítico,Adecuado,Crítico,Crítico,59.38,Rojo,6.81,Rojo,60.74,2025-12
44682985,Andrés Rodríguez Rojas,Central de Emergencias,Ate,2025-11-19,Activo,2025,12,2025-12,45.0,197.01857142857142,95.13678571428571,5.9782142857142855,77.5,75.10714285714286,86.28571428571429,13.678571428571429,27002.0,23265.0,0.0,101.37,2.18,150.0,25.54,62.86,Crítico,Adecuado,Crítico,Adecuado,Crítico,Crítico,60.74,Rojo,6.96,Ámbar,83.49,2026-01
44682985,Andrés Rodríguez Rojas,Central de Emergencias,Ate,2025-11-19,Activo,2026,01,2026-01,55.0,197.62714285714284,95.43071428571429,5.912142857142857,76.7,81.35714285714286,84.60714285714286,14.964285714285714,26908.0,22783.0,150.0,104.31,8.79,150.0,56.79,46.07,Adecuado,Adecuado,Crítico,Adecuado,Crítico,Crítico,83.49,Ámbar,6.97,Rojo,67.63,2026-02
44682985,Andrés Rodríguez Rojas,Central de Emergencias,Ate,2025-11-19,Activo,2026,02,2026-02,45.0,175.23107142857143,95.19214285714285,6.2560714285714285,77.98,78.89285714285714,88.82142857142857,14.142857142857142,26392.0,23477.0,0.0,101.92,0.0,150.0,44.46,88.21,Crítico,Adecuado,Crítico,Adecuado,Crítico,Por mejorar,67.63,Rojo,6.98,Rojo,49.67,2026-03
44682985,Andrés Rodríguez Rojas,Central de Emergencias,Ate,2025-11-19,Activo,2026,03,2026-03,50.0,196.9325,95.095,5.817142857142857,62.02,80.46428571428571,89.53571428571429,14.785714285714286,25412.0,22626.0,100.0,100.95,18.29,13.2,52.32,95.36,Adecuado,Adecuado,Crítico,Crítico,Crítico,Por mejorar,49.67,Rojo,7.0,Rojo,46.44,2026-04
45021592,Raúl Salazar Torres,Monitoreo de Incidencias,Surco,2022-01-14,Activo,2024,01,2024-01,55.0,195.97035714285715,94.63071428571429,6.0721428571428575,76.94,84.03571428571429,89.67857142857143,15.178571428571429,27755.0,24946.0,150.0,92.61,0.0,150.0,70.18,96.79,Adecuado,Por mejorar,Crítico,Adecuado,Por mejorar,Por mejorar,88.99,Ámbar,6.92,Rojo,61.04,2024-02
45021592,Raúl Salazar Torres,Monitoreo de Incidencias,Surco,2022-01-14,Activo,2024,02,2024-02,45.0,182.79071428571427,95.32678571428572,6.236785714285714,72.34,82.57142857142857,85.89285714285714,15.5,26777.0,22990.0,0.0,103.27,0.0,116.4,62.86,58.93,Crítico,Adecuado,Crítico,Adecuado,Crítico,Crítico,61.04,Rojo,6.89,Ámbar,82.85,2024-03
45021592,Raúl Salazar Torres,Monitoreo de Incidencias,Surco,2022-01-14,Activo,2024,03,2024-03,55.0,198.08035714285714,95.64928571428571,6.101071428571428,77.88,81.21428571428571,85.67857142857143,14.571428571428571,26871.0,22912.0,150.0,106.49,0.0,150.0,56.07,56.79,Adecuado,Adecuado,Crítico,Adecuado,Crítico,Crítico,82.85,Ámbar,6.85,Ámbar,80.43,2024-04
45021592,Raúl Salazar Torres,Monitoreo de Incidencias,Surco,2022-01-14,Activo,2024,04,2024-04,55.0,187.9207142857143,94.23285714285714,6.043928571428571,75.59,81.10714285714286,85.85714285714286,14.285714285714286,27642.0,23742.0,150.0,84.66,0.0,148.9,55.54,58.57,Adecuado,Por mejorar,Crítico,Adecuado,Crítico,Crítico,80.43,Ámbar,6.95,Rojo,45.9,2024-05
45021592,Raúl Salazar Torres,Monitoreo de Incidencias,Surco,2022-01-14,Activo,2024,05,2024-05,50.0,196.80035714285714,95.03107142857142,5.902857142857143,61.94,81.85714285714286,86.0,15.0,26582.0,23081.0,100.0,100.31,9.71,12.4,59.29,60.0,Adecuado,Adecuado,Crítico,Crítico,Crítico,Crítico,45.9,Rojo,6.98,Rojo,67.62,2024-06
45021592,Raúl Salazar Torres,Monitoreo de Incidencias,Surco,2022-01-14,Activo,2024,06,2024-06,50.0,188.31214285714285,94.43035714285715,6.073928571428572,76.95,75.75,84.07142857142857,13.714285714285714,24685.0,20672.0,100.0,88.61,0.0,150.0,28.75,40.71,Adecuado,Por mejorar,Crítico,Adecuado,Crítico,Crítico,67.62,Rojo,6.97,Ámbar,86.81,2024-07
45021592,Raúl Salazar Torres,Monitoreo de Incidencias,Surco,2022-01-14,Activo,2024,07,2024-07,55.0,197.13071428571428,95.19,5.923571428571429,78.94,83.92857142857143,85.17857142857143,15.321428571428571,29089.0,24705.0,150.0,101.9,7.64,150.0,69.64,51.79,Adecuado,Adecuado,Crítico,Adecuado,Crítico,Crítico,86.81,Ámbar,6.99,Ámbar,78.62,2024-08
45021592,Raúl Salazar Torres,Monitoreo de Incidencias,Surco,2022-01-14,Activo,2024,08,2024-08,50.0,196.2057142857143,94.74428571428571,5.863571428571428,77.52,78.17857142857143,88.67857142857143,14.571428571428571,27349.0,24281.0,100.0,94.89,13.64,150.0,40.89,86.79,Adecuado,Por mejorar,Crítico,Adecuado,Crítico,Por mejorar,78.62,Ámbar,6.86,Rojo,45.64,2024-09
45021592,Raúl Salazar Torres,Monitoreo de Incidencias,Surco,2022-01-14,Activo,2024,09,2024-09,50.0,189.91785714285714,95.23428571428572,6.073928571428572,61.46,82.03571428571429,88.46428571428571,15.428571428571429,27649.0,24386.0,100.0,102.34,0.0,7.6,60.18,84.64,Adecuado,Adecuado,Crítico,Crítico,Crítico,Por mejorar,45.64,Rojo,6.91,Ámbar,84.96,2024-10
45021592,Raúl Salazar Torres,Monitoreo de Incidencias,Surco,2022-01-14,Activo,2024,10,2024-10,50.0,196.2267857142857,94.75428571428571,6.0975,77.82,86.67857142857143,87.10714285714286,16.035714285714285,26249.0,22663.0,100.0,95.09,0.0,150.0,83.39,71.07,Adecuado,Por mejorar,Crítico,Adecuado,Por mejorar,Por mejorar,84.96,Ámbar,6.88,Ámbar,75.0,2024-11
45021592,Raúl Salazar Torres,Monitoreo de Incidencias,Surco,2022-01-14,Activo,2024,11,2024-11,55.0,188.6717857142857,94.61071428571428,6.036428571428571,72.67,80.57142857142857,87.64285714285714,14.678571428571429,27092.0,23641.0,150.0,92.21,0.0,119.7,52.86,76.43,Adecuado,Por mejorar,Crítico,Adecuado,Crítico,Por mejorar,75.0,Ámbar,6.91,Rojo,61.36,2024-12
45021592,Raúl Salazar Torres,Monitoreo de Incidencias,Surco,2022-01-14,Activo,2024,12,2024-12,55.0,197.28035714285716,95.26321428571428,6.0025,68.91,76.85714285714286,87.0,13.607142857142858,26238.0,22752.0,150.0,102.63,0.0,82.1,34.29,70.0,Adecuado,Adecuado,Crítico,Por mejorar,Crítico,Por mejorar,61.36,Rojo,6.91,Rojo,58.91,2025-01
45021592,Raúl Salazar Torres,Monitoreo de Incidencias,Surco,2022-01-14,Activo,2025,01,2025-01,55.0,196.02214285714285,94.65535714285714,6.251785714285714,67.3,79.10714285714286,86.71428571428571,14.678571428571429,28716.0,24867.0,150.0,93.11,0.0,66.0,45.54,67.14,Adecuado,Por mejorar,Crítico,Crítico,Crítico,Crítico,58.91,Rojo,7.0,Ámbar,81.15,2025-02
45021592,Raúl Salazar Torres,Monitoreo de Incidencias,Surco,2022-01-14,Activo,2025,02,2025-02,50.0,175.06642857142856,95.10321428571429,5.896428571428571,75.07,83.32142857142857,86.39285714285714,15.071428571428571,27780.0,23988.0,100.0,101.03,10.36,143.7,66.61,63.93,Adecuado,Adecuado,Crítico,Adecuado,Crítico,Crítico,81.15,Ámbar,6.88,Rojo,47.89,2025-03
45021592,Raúl Salazar Torres,Monitoreo de Incidencias,Surco,2022-01-14,Activo,2025,03,2025-03,50.0,195.16392857142858,94.24107142857143,5.957857142857143,67.12,75.35714285714286,85.82142857142857,13.714285714285714,25531.0,21787.0,100.0,84.82,4.21,64.2,26.79,58.21,Adecuado,Por mejorar,Crítico,Crítico,Crítico,Crítico,47.89,Rojo,6.96,Rojo,50.61,2025-04
45021592,Raúl Salazar Torres,Monitoreo de Incidencias,Surco,2022-01-14,Activo,2025,04,2025-04,45.0,189.28428571428572,94.91714285714286,6.256428571428572,68.69,81.35714285714286,86.60714285714286,14.392857142857142,27574.0,23750.0,0.0,98.34,0.0,79.9,56.79,66.07,Crítico,Por mejorar,Crítico,Por mejorar,Crítico,Crítico,50.61,Rojo,7.0,Rojo,69.1,2025-05
45021592,Raúl Salazar Torres,Monitoreo de Incidencias,Surco,2022-01-14,Activo,2025,05,2025-05,55.0,198.11107142857142,95.66464285714285,5.860357142857143,69.69,76.82142857142857,89.64285714285714,14.071428571428571,27011.0,24217.0,150.0,106.65,13.96,89.9,34.11,96.43,Adecuado,Adecuado,Crítico,Por mejorar,Crítico,Por mejorar,69.1,Rojo,6.73,Rojo,48.9,2025-06
45021592,Raúl Salazar Torres,Monitoreo de Incidencias,Surco,2022-01-14,Activo,2025,06,2025-06,55.0,187.7617857142857,94.15464285714286,5.975357142857143,60.76,81.85714285714286,90.25,15.035714285714286,27164.0,24556.0,150.0,83.09,2.46,0.6,59.29,101.25,Adecuado,Por mejorar,Crítico,Crítico,Crítico,Adecuado,48.9,Rojo,7.0,Ámbar,79.2,2025-07
45021592,Raúl Salazar Torres,Monitoreo de Incidencias,Surco,2022-01-14,Activo,2025,07,2025-07,50.0,197.37857142857143,95.31071428571428,6.205,76.96,80.42857142857143,88.35714285714286,15.071428571428571,25120.0,22100.0,100.0,103.11,0.0,150.0,52.14,83.57,Adecuado,Adecuado,Crítico,Adecuado,Crítico,Por mejorar,79.2,Ámbar,6.96,Rojo,43.43,2025-08
45021592,Raúl Salazar Torres,Monitoreo de Incidencias,Surco,2022-01-14,Activo,2025,08,2025-08,55.0,195.53178571428572,94.41785714285714,5.913928571428571,61.87,78.07142857142857,84.85714285714286,14.321428571428571,27562.0,23442.0,150.0,88.36,8.61,11.7,40.36,48.57,Adecuado,Por mejorar,Crítico,Crítico,Crítico,Crítico,43.43,Rojo,6.94,Rojo,66.33,2025-09
45021592,Raúl Salazar Torres,Monitoreo de Incidencias,Surco,2022-01-14,Activo,2025,09,2025-09,55.0,190.30892857142857,95.43035714285715,5.9435714285714285,68.55,78.42857142857143,89.60714285714286,14.5,25981.0,23084.0,150.0,104.3,5.64,78.5,42.14,96.07,Adecuado,Adecuado,Crítico,Por mejorar,Crítico,Por mejorar,66.33,Rojo,6.99,Rojo,55.54,2025-10
45021592,Raúl Salazar Torres,Monitoreo de Incidencias,Surco,2022-01-14,Activo,2025,10,2025-10,50.0,194.12,93.73678571428572,6.033214285714286,67.83,79.25,88.67857142857143,14.142857142857142,23902.0,21186.0,100.0,74.74,0.0,71.3,46.25,86.79,Adecuado,Por mejorar,Crítico,Por mejorar,Crítico,Por mejorar,55.54,Rojo,6.87,Rojo,69.51,2025-11
45021592,Raúl Salazar Torres,Monitoreo de Incidencias,Surco,2022-01-14,Activo,2025,11,2025-11,50.0,190.04857142857142,95.30107142857143,5.965714285714285,73.9,75.35714285714286,88.82142857142857,14.0,25905.0,22999.0,100.0,103.01,3.43,132.0,26.79,88.21,Adecuado,Adecuado,Crítico,Adecuado,Crítico,Por mejorar,69.51,Rojo,6.93,Ámbar,83.75,2025-12
45021592,Raúl Salazar Torres,Monitoreo de Incidencias,Surco,2022-01-14,Activo,2025,12,2025-12,55.0,195.4475,94.37821428571428,6.015714285714286,77.5,79.89285714285714,90.25,14.5,24851.0,22524.0,150.0,87.56,0.0,150.0,49.46,101.25,Adecuado,Por mejorar,Crítico,Adecuado,Crítico,Adecuado,83.75,Ámbar,6.99,Ámbar,81.71,2026-01
45021592,Raúl Salazar Torres,Monitoreo de Incidencias,Surco,2022-01-14,Activo,2026,01,2026-01,45.0,198.83392857142857,96.01321428571428,5.7492857142857146,76.7,84.75,89.75,15.928571428571429,27063.0,24291.0,0.0,110.13,25.07,150.0,73.75,97.5,Crítico,Adecuado,Crítico,Adecuado,Por mejorar,Por mejorar,81.71,Ámbar,6.77,Ámbar,82.91,2026-02
45021592,Raúl Salazar Torres,Monitoreo de Incidencias,Surco,2022-01-14,Activo,2026,02,2026-02,50.0,175.135,95.14071428571428,5.741071428571429,77.98,80.21428571428571,87.32142857142857,14.357142857142858,26325.0,23022.0,100.0,101.41,25.89,150.0,51.07,73.21,Adecuado,Adecuado,Crítico,Adecuado,Crítico,Por mejorar,82.91,Ámbar,6.96,Rojo,44.87,2026-03
45021592,Raúl Salazar Torres,Monitoreo de Incidencias,Surco,2022-01-14,Activo,2026,03,2026-03,50.0,194.80857142857144,94.06964285714285,5.9714285714285715,62.02,80.07142857142857,90.53571428571429,15.321428571428571,27037.0,24434.0,100.0,81.39,2.86,13.2,50.36,102.68,Adecuado,Por mejorar,Crítico,Crítico,Crítico,Adecuado,44.87,Rojo,6.91,Rojo,42.53,2026-04
46472655,Carlos Castillo García,Gestión de Reportes,Ate,2025-01-13,Cesado,2024,01,2024-01,55.0,163.85357142857143,79.12214285714286,6.121875,76.94,76.28571428571429,87.93333333333334,13.928571428571429,13386.0,11649.0,150.0,0.0,0.0,150.0,31.43,79.33,Adecuado,Crítico,Crítico,Adecuado,Crítico,Por mejorar,68.29,Rojo,6.97,Rojo,50.39,2024-02
46472655,Carlos Castillo García,Gestión de Reportes,Ate,2025-01-13,Cesado,2024,02,2024-02,45.0,155.89,81.300625,5.853076923076923,72.34,78.27777777777777,88.0,14.38888888888889,11963.0,10542.0,0.0,0.0,14.69,116.4,41.39,80.0,Crítico,Crítico,Crítico,Adecuado,Crítico,Por mejorar,50.39,Rojo,6.92,Ámbar,77.55,2024-03
46472655,Carlos Castillo García,Gestión de Reportes,Ate,2025-01-13,Cesado,2024,03,2024-03,55.0,165.42125,79.879375,5.958125,77.88,81.33333333333333,90.08333333333333,14.476190476190476,11616.0,10452.0,150.0,0.0,4.19,150.0,56.67,100.42,Adecuado,Crítico,Crítico,Adecuado,Crítico,Adecuado,77.55,Ámbar,6.86,Ámbar,71.08,2024-04
46472655,Carlos Castillo García,Gestión de Reportes,Ate,2025-01-13,Cesado,2024,04,2024-04,50.0,156.13181818181818,78.29181818181819,5.8042105263157895,75.59,80.88235294117646,86.33333333333333,14.529411764705882,17448.0,15110.0,100.0,0.0,19.58,148.9,54.41,63.33,Adecuado,Crítico,Crítico,Adecuado,Crítico,Crítico,71.08,Ámbar,6.91,Rojo,42.14,2024-05
46472655,Carlos Castillo García,Gestión de Reportes,Ate,2025-01-13,Cesado,2024,05,2024-05,55.0,164.269375,79.320625,5.972631578947368,61.94,82.3125,88.1,14.5625,18414.0,16230.0,150.0,0.0,2.74,12.4,61.56,81.0,Adecuado,Crítico,Crítico,Crítico,Crítico,Por mejorar,42.14,Rojo,6.85,Rojo,58.05,2024-06
46472655,Carlos Castillo García,Gestión de Reportes,Ate,2025-01-13,Cesado,2024,06,2024-06,50.0,159.56428571428572,80.015,5.8985,76.95,70.92307692307692,87.36363636363636,13.076923076923077,9287.0,8078.0,100.0,0.0,10.15,150.0,4.62,73.64,Adecuado,Crítico,Crítico,Adecuado,Crítico,Por mejorar,58.05,Rojo,6.73,Rojo,68.74,2024-07
46472655,Carlos Castillo García,Gestión de Reportes,Ate,2025-01-13,Cesado,2024,07,2024-07,45.0,164.54466666666667,79.45533333333333,6.031176470588235,78.94,87.27777777777777,89.64285714285714,16.333333333333332,13752.0,12466.0,0.0,0.0,0.0,150.0,86.39,96.43,Crítico,Crítico,Crítico,Adecuado,Por mejorar,Por mejorar,68.74,Rojo,6.98,Rojo,67.06,2024-08
46472655,Carlos Castillo García,Gestión de Reportes,Ate,2025-01-13,Cesado,2024,08,2024-08,55.0,164.25052631578947,79.31421052631579,6.022631578947369,77.52,79.2,83.0625,14.4,14609.0,12213.0,150.0,0.0,0.0,150.0,46.0,30.63,Adecuado,Crítico,Crítico,Adecuado,Crítico,Crítico,67.06,Rojo,6.83,Rojo,49.44,2024-09
46472655,Carlos Castillo García,Gestión de Reportes,Ate,2025-01-13,Cesado,2024,09,2024-09,55.0,160.26470588235293,80.36529411764705,5.737333333333333,61.46,83.33333333333333,91.23809523809524,15.38888888888889,18988.0,17250.0,150.0,0.0,26.27,7.6,66.67,106.19,Adecuado,Crítico,Crítico,Crítico,Crítico,Adecuado,49.44,Rojo,6.52,Ámbar,81.96,2024-10
46472655,Carlos Castillo García,Gestión de Reportes,Ate,2025-01-13,Cesado,2024,10,2024-10,50.0,170.21473684210525,82.19526315789474,5.62,77.82,83.28571428571429,90.5,15.047619047619047,19599.0,17815.0,100.0,0.0,38.0,150.0,66.43,102.5,Adecuado,Crítico,Crítico,Adecuado,Crítico,Adecuado,81.96,Ámbar,6.47,Rojo,66.46,2024-11
46472655,Carlos Castillo García,Gestión de Reportes,Ate,2025-01-13,Cesado,2024,11,2024-11,50.0,155.36058823529413,77.90588235294118,5.911764705882353,72.67,84.29411764705883,86.9,15.058823529411764,19670.0,17027.0,100.0,0.0,8.82,119.7,71.47,69.0,Adecuado,Crítico,Crítico,Adecuado,Por mejorar,Crítico,66.46,Rojo,6.99,Rojo,57.94,2024-12
46472655,Carlos Castillo García,Gestión de Reportes,Ate,2025-01-13,Cesado,2024,12,2024-12,55.0,164.8530769230769,79.60538461538462,5.923157894736842,68.91,79.5,89.0,14.61111111111111,20024.0,17865.0,150.0,0.0,7.68,82.1,47.5,90.0,Adecuado,Crítico,Crítico,Por mejorar,Crítico,Por mejorar,57.94,Rojo,6.91,Rojo,28.54,2025-01
46472655,Carlos Castillo García,Gestión de Reportes,Ate,2025-01-13,Cesado,2025,01,2025-01,45.0,168.49615384615385,81.36384615384615,6.127,67.3,73.58823529411765,87.55555555555556,13.0,17055.0,14895.0,0.0,0.0,0.0,66.0,17.94,75.56,Crítico,Crítico,Crítico,Crítico,Crítico,Por mejorar,28.54,Rojo,7.0,Rojo,67.59,2025-02
46472655,Carlos Castillo García,Gestión de Reportes,Ate,2025-01-13,Cesado,2025,02,2025-02,50.0,148.27636363636364,80.5490909090909,5.989375,75.07,83.125,85.05,14.5,18119.0,15392.0,100.0,0.0,1.06,143.7,65.63,50.5,Adecuado,Crítico,Crítico,Adecuado,Crítico,Crítico,67.59,Rojo,6.98,Rojo,48.31,2025-03
46472655,Carlos Castillo García,Gestión de Reportes,Ate,2025-01-13,Cesado,2025,03,2025-03,55.0,166.856875,80.571875,5.698181818181818,67.12,71.375,89.5,13.4375,17520.0,15635.0,150.0,0.0,30.18,64.2,6.88,95.0,Adecuado,Crítico,Crítico,Crítico,Crítico,Por mejorar,48.31,Rojo,6.75,Rojo,47.13,2025-04
46472655,Carlos Castillo García,Gestión de Reportes,Ate,2025-01-13,Cesado,2025,04,2025-04,50.0,160.299375,80.38375,5.989285714285714,68.69,78.6,86.1875,14.133333333333333,15342.0,13226.0,100.0,0.0,1.07,79.9,43.0,61.88,Adecuado,Crítico,Crítico,Por mejorar,Crítico,Crítico,47.13,Rojo,6.75,Rojo,63.55,2025-05
46472655,Carlos Castillo García,Gestión de Reportes,Ate,2025-01-13,Cesado,2025,05,2025-05,55.0,172.4135294117647,83.2535294117647,5.899411764705882,69.69,81.65,89.5,14.85,16622.0,14902.0,150.0,0.0,10.06,89.9,58.25,95.0,Adecuado,Crítico,Crítico,Por mejorar,Crítico,Por mejorar,63.55,Rojo,6.91,Rojo,41.46,2025-06
46472655,Carlos Castillo García,Gestión de Reportes,Ate,2025-01-13,Cesado,2025,06,2025-06,55.0,157.81157894736842,79.13526315789474,6.225294117647059,60.76,84.29411764705883,88.44444444444444,15.294117647058824,17530.0,15549.0,150.0,0.0,0.0,0.6,71.47,84.44,Adecuado,Crítico,Crítico,Crítico,Por mejorar,Por mejorar,41.46,Rojo,6.91,Ámbar,73.26,2025-07
46472655,Carlos Castillo García,Gestión de Reportes,Ate,2025-01-13,Cesado,2025,07,2025-07,55.0,167.97375,81.11125,5.907647058823529,76.96,78.9375,87.73684210526316,14.5,17719.0,15531.0,150.0,0.0,9.24,150.0,44.69,77.37,Adecuado,Crítico,Crítico,Adecuado,Crítico,Por mejorar,73.26,Ámbar,6.93,Rojo,39.77,2025-08
46472655,Carlos Castillo García,Gestión de Reportes,Ate,2025-01-13,Cesado,2025,08,2025-08,55.0,166.19470588235293,80.25235294117647,5.854666666666667,61.87,76.5,91.63157894736842,13.61111111111111,18496.0,16897.0,150.0,0.0,14.53,11.7,32.5,108.16,Adecuado,Crítico,Crítico,Crítico,Crítico,Adecuado,39.77,Rojo,6.97,Rojo,49.62,2025-09
46472655,Carlos Castillo García,Gestión de Reportes,Ate,2025-01-13,Cesado,2025,09,2025-09,50.0,163.15722222222223,81.815,5.818823529411764,68.55,80.64285714285714,83.07142857142857,15.071428571428571,13473.0,11178.0,100.0,0.0,18.12,78.5,53.21,30.71,Adecuado,Crítico,Crítico,Por mejorar,Crítico,Crítico,49.62,Rojo,6.84,Rojo,45.54,2025-10
46472655,Carlos Castillo García,Gestión de Reportes,Ate,2025-01-13,Cesado,2025,10,2025-10,50.0,169.46307692307693,81.83076923076923,5.95764705882353,67.83,75.57894736842105,89.89473684210526,13.736842105263158,19477.0,17549.0,100.0,0.0,4.24,71.3,27.89,98.95,Adecuado,Crítico,Crítico,Por mejorar,Crítico,Por mejorar,45.54,Rojo,6.84,Rojo,50.4,2025-11
46472655,Carlos Castillo García,Gestión de Reportes,Ate,2025-01-13,Cesado,2025,11,2025-11,45.0,164.9455,82.711,5.940833333333333,73.9,79.41176470588235,84.45454545454545,14.470588235294118,10407.0,8772.0,0.0,0.0,5.92,132.0,47.06,44.55,Crítico,Crítico,Crítico,Adecuado,Crítico,Crítico,50.4,Rojo,6.98,Ámbar,75.04,2025-12
46472655,Carlos Castillo García,Gestión de Reportes,Ate,2025-01-13,Cesado,2025,12,2025-12,55.0,162.35,78.39625,5.938823529411764,77.5,79.625,89.28571428571429,14.8125,13056.0,11578.0,150.0,0.0,6.12,150.0,48.13,92.86,Adecuado,Crítico,Crítico,Adecuado,Crítico,Por mejorar,75.04,Ámbar,6.99,Rojo,61.02,2026-01
46472655,Carlos Castillo García,Gestión de Reportes,Ate,2025-01-13,Cesado,2026,01,2026-01,55.0,167.006,80.644,6.0317647058823525,76.7,70.36842105263158,88.0625,12.894736842105264,15710.0,13858.0,150.0,0.0,0.0,150.0,1.84,80.63,Adecuado,Crítico,Crítico,Adecuado,Crítico,Por mejorar,61.02,Rojo,6.91,Rojo,54.32,2026-02
46472655,Carlos Castillo García,Gestión de Reportes,Ate,2025-01-13,Cesado,2026,02,2026-02,45.0,146.31058823529412,79.48176470588236,6.055882352941176,77.98,80.44444444444444,83.76470588235294,14.666666666666666,15939.0,13453.0,0.0,0.0,0.0,150.0,52.22,37.65,Crítico,Crítico,Crítico,Adecuado,Crítico,Crítico,54.32,Rojo,6.85,Rojo,33.04,2026-03
46472655,Carlos Castillo García,Gestión de Reportes,Ate,2025-01-13,Cesado,2026,03,2026-03,50.0,162.97625,78.69875,6.1623809523809525,62.02,78.71428571428571,88.84615384615384,14.0,12415.0,11093.0,100.0,0.0,0.0,13.2,43.57,88.46,Adecuado,Crítico,Crítico,Crítico,Crítico,Por mejorar,33.04,Rojo,6.97,Rojo,19.9,2026-04
47739819,Lucía Mamani Reyes,Monitoreo de Incidencias,Surco,2022-12-22,Activo,2024,01,2024-01,45.0,196.2382142857143,94.76,6.050714285714285,76.94,81.60714285714286,87.96428571428571,14.428571428571429,23649.0,20655.0,0.0,95.2,0.0,150.0,58.04,79.64,Crítico,Por mejorar,Crítico,Adecuado,Crítico,Por mejorar,69.49,Rojo,7.0,Rojo,63.8,2024-02
47739819,Lucía Mamani Reyes,Monitoreo de Incidencias,Surco,2022-12-22,Activo,2024,02,2024-02,50.0,182.7317857142857,95.29642857142858,5.977857142857143,72.34,75.0,87.71428571428571,14.107142857142858,26654.0,23383.0,100.0,102.96,2.21,116.4,25.0,77.14,Adecuado,Adecuado,Crítico,Adecuado,Crítico,Por mejorar,63.8,Rojo,6.97,Rojo,62.3,2024-03
47739819,Lucía Mamani Reyes,Monitoreo de Incidencias,Surco,2022-12-22,Activo,2024,03,2024-03,45.0,194.52607142857144,93.93142857142857,6.082142857142857,77.88,78.46428571428571,86.35714285714286,14.107142857142858,26355.0,22801.0,0.0,78.63,0.0,150.0,42.32,63.57,Crítico,Por mejorar,Crítico,Adecuado,Crítico,Crítico,62.3,Rojo,6.99,Ámbar,72.57,2024-04
47739819,Lucía Mamani Reyes,Monitoreo de Incidencias,Surco,2022-12-22,Activo,2024,04,2024-04,50.0,190.1475,95.35107142857143,5.781428571428571,75.59,73.92857142857143,85.71428571428571,13.321428571428571,26854.0,23238.0,100.0,103.51,21.86,148.9,19.64,57.14,Adecuado,Adecuado,Crítico,Adecuado,Crítico,Crítico,72.57,Ámbar,7.0,Rojo,39.45,2024-05
47739819,Lucía Mamani Reyes,Monitoreo de Incidencias,Surco,2022-12-22,Activo,2024,05,2024-05,45.0,196.98214285714286,95.12,5.855357142857143,61.94,81.21428571428571,89.32142857142857,14.892857142857142,25983.0,23361.0,0.0,101.2,14.46,12.4,56.07,93.21,Crítico,Adecuado,Crítico,Crítico,Crítico,Por mejorar,39.45,Rojo,6.99,Ámbar,81.31,2024-06
47739819,Lucía Mamani Reyes,Monitoreo de Incidencias,Surco,2022-12-22,Activo,2024,06,2024-06,50.0,189.83107142857142,95.19142857142857,5.864285714285714,76.95,79.89285714285714,88.53571428571429,14.035714285714286,26109.0,23171.0,100.0,101.91,13.57,150.0,49.46,85.36,Adecuado,Adecuado,Crítico,Adecuado,Crítico,Por mejorar,81.31,Ámbar,6.99,Ámbar,71.8,2024-07
47739819,Lucía Mamani Reyes,Monitoreo de Incidencias,Surco,2022-12-22,Activo,2024,07,2024-07,50.0,196.84535714285715,95.05214285714285,6.1625,78.94,77.0,85.5,14.25,27060.0,23160.0,100.0,100.52,0.0,150.0,35.0,55.0,Adecuado,Adecuado,Crítico,Adecuado,Crítico,Crítico,71.8,Ámbar,6.98,Ámbar,83.79,2024-08
47739819,Lucía Mamani Reyes,Monitoreo de Incidencias,Surco,2022-12-22,Activo,2024,08,2024-08,55.0,197.4557142857143,95.34714285714286,6.092142857142857,77.52,81.92857142857143,86.03571428571429,14.821428571428571,28270.0,24229.0,150.0,103.47,0.0,150.0,59.64,60.36,Adecuado,Adecuado,Crítico,Adecuado,Crítico,Crítico,83.79,Ámbar,6.94,Rojo,42.31,2024-09
47739819,Lucía Mamani Reyes,Monitoreo de Incidencias,Surco,2022-12-22,Activo,2024,09,2024-09,50.0,191.08714285714285,95.82107142857143,5.878214285714286,61.46,79.32142857142857,85.5,14.678571428571429,25623.0,21861.0,100.0,108.21,12.18,7.6,46.61,55.0,Adecuado,Adecuado,Crítico,Crítico,Crítico,Crítico,42.31,Rojo,6.78,Ámbar,85.52,2024-10
47739819,Lucía Mamani Reyes,Monitoreo de Incidencias,Surco,2022-12-22,Activo,2024,10,2024-10,55.0,196.88714285714286,95.07357142857143,5.8275,77.82,80.25,86.67857142857143,14.642857142857142,26544.0,22783.0,150.0,100.74,17.25,150.0,51.25,66.79,Adecuado,Adecuado,Crítico,Adecuado,Crítico,Crítico,85.52,Ámbar,6.99,Rojo,66.8,2024-11
47739819,Lucía Mamani Reyes,Monitoreo de Incidencias,Surco,2022-12-22,Activo,2024,11,2024-11,50.0,187.18535714285716,93.86464285714285,6.027857142857143,72.67,81.28571428571429,85.03571428571429,15.357142857142858,25149.0,21659.0,100.0,77.29,0.0,119.7,56.43,50.36,Adecuado,Por mejorar,Crítico,Adecuado,Crítico,Crítico,66.8,Rojo,6.97,Rojo,59.36,2024-12
47739819,Lucía Mamani Reyes,Monitoreo de Incidencias,Surco,2022-12-22,Activo,2024,12,2024-12,50.0,195.555,94.42964285714285,5.9539285714285715,68.91,80.35714285714286,86.10714285714286,14.5,26352.0,22761.0,100.0,88.59,4.61,82.1,51.79,61.07,Adecuado,Por mejorar,Crítico,Por mejorar,Crítico,Crítico,59.36,Rojo,6.94,Rojo,52.15,2025-01
47739819,Lucía Mamani Reyes,Monitoreo de Incidencias,Surco,2022-12-22,Activo,2025,01,2025-01,50.0,198.46214285714285,95.83357142857143,6.054285714285714,67.3,76.25,87.0,13.464285714285714,27840.0,24241.0,100.0,108.34,0.0,66.0,31.25,70.0,Adecuado,Adecuado,Crítico,Crítico,Crítico,Por mejorar,52.15,Rojo,6.95,Ámbar,89.61,2025-02
47739819,Lucía Mamani Reyes,Monitoreo de Incidencias,Surco,2022-12-22,Activo,2025,02,2025-02,55.0,174.2007142857143,94.63285714285715,5.632142857142857,75.07,80.53571428571429,88.89285714285714,15.0,25123.0,22486.0,150.0,92.66,36.79,143.7,52.68,88.93,Adecuado,Por mejorar,Crítico,Adecuado,Crítico,Por mejorar,89.61,Ámbar,6.92,Rojo,56.06,2025-03
47739819,Lucía Mamani Reyes,Monitoreo de Incidencias,Surco,2022-12-22,Activo,2025,03,2025-03,55.0,196.7642857142857,95.01321428571428,6.042142857142857,67.12,77.28571428571429,85.89285714285714,14.214285714285714,25215.0,21581.0,150.0,100.13,0.0,64.2,36.43,58.93,Adecuado,Adecuado,Crítico,Crítico,Crítico,Crítico,56.06,Rojo,6.87,Rojo,56.85,2025-04
47739819,Lucía Mamani Reyes,Monitoreo de Incidencias,Surco,2022-12-22,Activo,2025,04,2025-04,50.0,189.96571428571428,95.26,5.975,68.69,77.75,86.42857142857143,13.714285714285714,25412.0,21997.0,100.0,102.6,2.5,79.9,38.75,64.29,Adecuado,Adecuado,Crítico,Por mejorar,Crítico,Crítico,56.85,Rojo,6.98,Rojo,62.22,2025-05
47739819,Lucía Mamani Reyes,Monitoreo de Incidencias,Surco,2022-12-22,Activo,2025,05,2025-05,50.0,197.81571428571428,95.52071428571429,5.951785714285714,69.69,78.17857142857143,88.03571428571429,14.142857142857142,25288.0,22247.0,100.0,105.21,4.82,89.9,40.89,80.36,Adecuado,Adecuado,Crítico,Por mejorar,Crítico,Por mejorar,62.22,Rojo,6.92,Rojo,38.23,2025-06
47739819,Lucía Mamani Reyes,Monitoreo de Incidencias,Surco,2022-12-22,Activo,2025,06,2025-06,45.0,188.51964285714286,94.53428571428572,5.983214285714285,60.76,84.85714285714286,90.21428571428571,14.928571428571429,27825.0,25021.0,0.0,90.69,1.68,0.6,74.29,101.07,Crítico,Por mejorar,Crítico,Crítico,Por mejorar,Adecuado,38.23,Rojo,6.96,Rojo,64.52,2025-07
47739819,Lucía Mamani Reyes,Monitoreo de Incidencias,Surco,2022-12-22,Activo,2025,07,2025-07,45.0,197.24392857142857,95.24607142857143,5.899642857142857,76.96,74.64285714285714,88.96428571428571,13.607142857142858,25668.0,22860.0,0.0,102.46,10.04,150.0,23.21,89.64,Crítico,Adecuado,Crítico,Adecuado,Crítico,Por mejorar,64.52,Rojo,6.97,Rojo,46.06,2025-08
47739819,Lucía Mamani Reyes,Monitoreo de Incidencias,Surco,2022-12-22,Activo,2025,08,2025-08,50.0,196.56464285714284,94.9175,6.016071428571428,61.87,80.57142857142857,90.17857142857143,14.178571428571429,25595.0,23069.0,100.0,98.35,0.0,11.7,52.86,100.89,Adecuado,Por mejorar,Crítico,Crítico,Crítico,Adecuado,46.06,Rojo,6.98,Rojo,55.31,2025-09
47739819,Lucía Mamani Reyes,Monitoreo de Incidencias,Surco,2022-12-22,Activo,2025,09,2025-09,50.0,188.5507142857143,94.55,6.0285714285714285,68.55,76.21428571428571,88.82142857142857,13.285714285714286,25693.0,22753.0,100.0,91.0,0.0,78.5,31.07,88.21,Adecuado,Por mejorar,Crítico,Por mejorar,Crítico,Por mejorar,55.31,Rojo,6.96,Rojo,64.77,2025-10
47739819,Lucía Mamani Reyes,Monitoreo de Incidencias,Surco,2022-12-22,Activo,2025,10,2025-10,50.0,197.29535714285714,95.27,6.097857142857143,67.83,85.14285714285714,87.75,15.607142857142858,28250.0,24803.0,100.0,102.7,0.0,71.3,75.71,77.5,Adecuado,Adecuado,Crítico,Por mejorar,Por mejorar,Por mejorar,64.77,Rojo,6.87,Ámbar,77.79,2025-11
47739819,Lucía Mamani Reyes,Monitoreo de Incidencias,Surco,2022-12-22,Activo,2025,11,2025-11,50.0,190.2982142857143,95.42571428571429,5.797142857142857,73.9,78.5,89.67857142857143,14.821428571428571,26257.0,23501.0,100.0,104.26,20.29,132.0,42.5,96.79,Adecuado,Adecuado,Crítico,Adecuado,Crítico,Por mejorar,77.79,Ámbar,6.75,Rojo,60.34,2025-12
47739819,Lucía Mamani Reyes,Monitoreo de Incidencias,Surco,2022-12-22,Activo,2025,12,2025-12,45.0,195.05464285714285,94.18892857142858,6.040357142857143,77.5,78.71428571428571,83.57142857142857,14.142857142857142,27130.0,22676.0,0.0,83.78,0.0,150.0,43.57,35.71,Crítico,Por mejorar,Crítico,Adecuado,Crítico,Crítico,60.34,Rojo,6.97,Rojo,68.35,2026-01
47739819,Lucía Mamani Reyes,Monitoreo de Incidencias,Surco,2022-12-22,Activo,2026,01,2026-01,50.0,195.44857142857143,94.37821428571428,6.136785714285715,76.7,73.07142857142857,88.25,13.75,26630.0,23512.0,100.0,87.56,0.0,150.0,15.36,82.5,Adecuado,Por mejorar,Crítico,Adecuado,Crítico,Por mejorar,68.35,Rojo,6.96,Ámbar,71.74,2026-02
47739819,Lucía Mamani Reyes,Monitoreo de Incidencias,Surco,2022-12-22,Activo,2026,02,2026-02,50.0,173.81821428571428,94.42535714285714,5.971785714285715,77.98,76.17857142857143,87.10714285714286,14.035714285714286,27158.0,23570.0,100.0,88.51,2.82,150.0,30.89,71.07,Adecuado,Por mejorar,Crítico,Adecuado,Crítico,Por mejorar,71.74,Ámbar,6.98,Rojo,47.77,2026-03
47739819,Lucía Mamani Reyes,Monitoreo de Incidencias,Surco,2022-12-22,Activo,2026,03,2026-03,55.0,196.29357142857143,94.7875,5.9825,62.02,81.03571428571429,85.75,15.035714285714286,25789.0,21958.0,150.0,95.75,1.75,13.2,55.18,57.5,Adecuado,Por mejorar,Crítico,Crítico,Crítico,Crítico,47.77,Rojo,6.97,Rojo,49.67,2026-04
47872010,Valeria Huamán Vargas,Atención Operativa,Los Olivos,2024-07-20,Activo,2024,01,2024-01,50.0,195.89357142857142,94.59285714285714,5.982857142857143,76.94,80.03571428571429,82.53571428571429,14.642857142857142,24776.0,20376.0,100.0,91.86,1.71,150.0,50.18,25.36,Adecuado,Por mejorar,Crítico,Adecuado,Crítico,Crítico,72.11,Ámbar,6.93,Ámbar,71.41,2024-02
47872010,Valeria Huamán Vargas,Atención Operativa,Los Olivos,2024-07-20,Activo,2024,02,2024-02,50.0,182.6,95.22857142857143,6.0460714285714285,72.34,82.03571428571429,87.03571428571429,14.428571428571429,26097.0,22637.0,100.0,102.29,0.0,116.4,60.18,70.36,Adecuado,Adecuado,Crítico,Adecuado,Crítico,Por mejorar,71.41,Ámbar,6.95,Ámbar,81.32,2024-03
47872010,Valeria Huamán Vargas,Atención Operativa,Los Olivos,2024-07-20,Activo,2024,03,2024-03,50.0,197.13321428571427,95.19142857142857,5.8075,77.88,78.25,89.46428571428571,14.285714285714286,26341.0,23629.0,100.0,101.91,19.25,150.0,41.25,94.64,Adecuado,Adecuado,Crítico,Adecuado,Crítico,Por mejorar,81.32,Ámbar,6.88,Ámbar,77.1,2024-04
47872010,Valeria Huamán Vargas,Atención Operativa,Los Olivos,2024-07-20,Activo,2024,04,2024-04,50.0,189.76214285714286,95.1575,5.895,75.59,76.89285714285714,89.0,13.714285714285714,25505.0,22842.0,100.0,101.58,10.5,148.9,34.46,90.0,Adecuado,Adecuado,Crítico,Adecuado,Crítico,Por mejorar,77.1,Ámbar,6.93,Rojo,40.63,2024-05
47872010,Valeria Huamán Vargas,Atención Operativa,Los Olivos,2024-07-20,Activo,2024,05,2024-05,45.0,197.9557142857143,95.58892857142857,5.857142857142857,61.94,81.25,90.03571428571429,14.285714285714286,27703.0,25095.0,0.0,105.89,14.29,12.4,56.25,100.18,Crítico,Adecuado,Crítico,Crítico,Crítico,Adecuado,40.63,Rojo,6.75,Ámbar,75.13,2024-06
47872010,Valeria Huamán Vargas,Atención Operativa,Los Olivos,2024-07-20,Activo,2024,06,2024-06,55.0,189.03214285714284,94.79178571428571,5.889642857142857,76.95,72.21428571428571,88.07142857142857,12.75,27043.0,23808.0,150.0,95.84,11.04,150.0,11.07,80.71,Adecuado,Por mejorar,Crítico,Adecuado,Crítico,Por mejorar,75.13,Ámbar,6.98,Ámbar,82.17,2024-07
47872010,Valeria Huamán Vargas,Atención Operativa,Los Olivos,2024-07-20,Activo,2024,07,2024-07,55.0,195.10964285714286,94.21571428571428,5.881785714285714,78.94,78.5,88.25,14.0,25566.0,22481.0,150.0,84.31,11.82,150.0,42.5,82.5,Adecuado,Por mejorar,Crítico,Adecuado,Crítico,Por mejorar,82.17,Ámbar,7.0,Ámbar,75.5,2024-08
47872010,Valeria Huamán Vargas,Atención Operativa,Los Olivos,2024-07-20,Activo,2024,08,2024-08,50.0,199.58214285714286,96.37535714285714,5.967142857142857,77.52,77.57142857142857,86.5,14.607142857142858,26716.0,22981.0,100.0,113.75,3.29,150.0,37.86,65.0,Adecuado,Adecuado,Crítico,Adecuado,Crítico,Crítico,75.5,Ámbar,6.96,Rojo,30.34,2024-09
47872010,Valeria Huamán Vargas,Atención Operativa,Los Olivos,2024-07-20,Activo,2024,09,2024-09,45.0,188.73857142857142,94.64464285714286,5.944642857142857,61.46,77.89285714285714,88.17857142857143,14.285714285714286,26067.0,22839.0,0.0,92.89,5.54,7.6,39.46,81.79,Crítico,Por mejorar,Crítico,Crítico,Crítico,Por mejorar,30.34,Rojo,6.97,Ámbar,80.86,2024-10
47872010,Valeria Huamán Vargas,Atención Operativa,Los Olivos,2024-07-20,Activo,2024,10,2024-10,50.0,196.27928571428572,94.77964285714286,5.9382142857142854,77.82,85.96428571428571,82.60714285714286,15.75,27795.0,22878.0,100.0,95.59,6.18,150.0,79.82,26.07,Adecuado,Por mejorar,Crítico,Adecuado,Por mejorar,Crítico,80.86,Ámbar,6.99,Ámbar,70.27,2024-11
47872010,Valeria Huamán Vargas,Atención Operativa,Los Olivos,2024-07-20,Activo,2024,11,2024-11,50.0,189.94392857142856,95.24678571428572,6.091785714285714,72.67,79.53571428571429,88.17857142857143,15.0,26673.0,23414.0,100.0,102.47,0.0,119.7,47.68,81.79,Adecuado,Adecuado,Crítico,Adecuado,Crítico,Por mejorar,70.27,Ámbar,6.94,Rojo,66.06,2024-12
47872010,Valeria Huamán Vargas,Atención Operativa,Los Olivos,2024-07-20,Activo,2024,12,2024-12,50.0,194.4925,93.91785714285714,5.878214285714286,68.91,83.32142857142857,88.60714285714286,15.178571428571429,28900.0,25538.0,100.0,78.36,12.18,82.1,66.61,86.07,Adecuado,Por mejorar,Crítico,Por mejorar,Crítico,Por mejorar,66.06,Rojo,6.86,Rojo,49.05,2025-01
47872010,Valeria Huamán Vargas,Atención Operativa,Los Olivos,2024-07-20,Activo,2025,01,2025-01,45.0,198.1482142857143,95.6825,6.098928571428571,67.3,82.46428571428571,86.28571428571429,14.928571428571429,28995.0,25009.0,0.0,106.83,0.0,66.0,62.32,62.86,Crítico,Adecuado,Crítico,Crítico,Crítico,Crítico,49.05,Rojo,7.0,Rojo,65.44,2025-02
47872010,Valeria Huamán Vargas,Atención Operativa,Los Olivos,2024-07-20,Activo,2025,02,2025-02,45.0,176.55785714285713,95.91392857142857,5.973571428571429,75.07,78.71428571428571,87.17857142857143,14.25,26644.0,23142.0,0.0,109.14,2.64,143.7,43.57,71.79,Crítico,Adecuado,Crítico,Adecuado,Crítico,Por mejorar,65.44,Rojo,6.95,Rojo,58.55,2025-03
47872010,Valeria Huamán Vargas,Atención Operativa,Los Olivos,2024-07-20,Activo,2025,03,2025-03,50.0,197.1482142857143,95.19928571428571,6.034642857142857,67.12,80.78571428571429,88.82142857142857,14.535714285714286,27921.0,24684.0,100.0,101.99,0.0,64.2,53.93,88.21,Adecuado,Adecuado,Crítico,Crítico,Crítico,Por mejorar,58.55,Rojo,6.95,Rojo,55.45,2025-04
47872010,Valeria Huamán Vargas,Atención Operativa,Los Olivos,2024-07-20,Activo,2025,04,2025-04,50.0,188.20107142857142,94.37357142857142,5.856428571428571,68.69,74.57142857142857,88.14285714285714,13.642857142857142,26386.0,23184.0,100.0,87.47,14.36,79.9,22.86,81.43,Adecuado,Por mejorar,Crítico,Por mejorar,Crítico,Por mejorar,55.45,Rojo,6.99,Rojo,68.86,2025-05
47872010,Valeria Huamán Vargas,Atención Operativa,Los Olivos,2024-07-20,Activo,2025,05,2025-05,55.0,197.15535714285716,95.20285714285714,5.8925,69.69,79.10714285714286,87.64285714285714,14.25,24355.0,21408.0,150.0,102.03,10.75,89.9,45.54,76.43,Adecuado,Adecuado,Crítico,Por mejorar,Crítico,Por mejorar,68.86,Rojo,6.97,Rojo,37.91,2025-06
47872010,Valeria Huamán Vargas,Atención Operativa,Los Olivos,2024-07-20,Activo,2025,06,2025-06,50.0,188.94285714285715,94.74607142857143,5.885357142857143,60.76,80.03571428571429,83.42857142857143,14.642857142857142,26673.0,22197.0,100.0,94.92,11.46,0.6,50.18,34.29,Adecuado,Por mejorar,Crítico,Crítico,Crítico,Crítico,37.91,Rojo,6.89,Ámbar,81.89,2025-07
47872010,Valeria Huamán Vargas,Atención Operativa,Los Olivos,2024-07-20,Activo,2025,07,2025-07,55.0,196.41,94.8425,5.946071428571429,76.96,78.64285714285714,87.82142857142857,14.071428571428571,27388.0,24084.0,150.0,96.85,5.39,150.0,43.21,78.21,Adecuado,Por mejorar,Crítico,Adecuado,Crítico,Por mejorar,81.89,Ámbar,6.93,Rojo,48.74,2025-08
47872010,Valeria Huamán Vargas,Atención Operativa,Los Olivos,2024-07-20,Activo,2025,08,2025-08,50.0,196.55,94.91035714285714,5.759285714285714,61.87,83.14285714285714,84.75,15.428571428571429,26220.0,22245.0,100.0,98.21,24.07,11.7,65.71,47.5,Adecuado,Por mejorar,Crítico,Crítico,Crítico,Crítico,48.74,Rojo,6.85,Ámbar,75.0,2025-09
47872010,Valeria Huamán Vargas,Atención Operativa,Los Olivos,2024-07-20,Activo,2025,09,2025-09,55.0,189.59678571428572,95.07321428571429,5.800714285714285,68.55,82.67857142857143,90.92857142857143,15.178571428571429,28382.0,25785.0,150.0,100.73,19.93,78.5,63.39,104.64,Adecuado,Adecuado,Crítico,Por mejorar,Crítico,Adecuado,75.0,Ámbar,6.94,Rojo,50.58,2025-10
47872010,Valeria Huamán Vargas,Atención Operativa,Los Olivos,2024-07-20,Activo,2025,10,2025-10,45.0,199.44214285714287,96.30678571428571,5.912857142857143,67.83,79.67857142857143,87.60714285714286,14.25,25993.0,22749.0,0.0,113.07,8.71,71.3,48.39,76.07,Crítico,Adecuado,Crítico,Por mejorar,Crítico,Por mejorar,50.58,Rojo,6.82,Ámbar,77.57,2025-11
47872010,Valeria Huamán Vargas,Atención Operativa,Los Olivos,2024-07-20,Activo,2025,11,2025-11,50.0,190.11214285714286,95.3325,5.724285714285714,73.9,81.03571428571429,84.92857142857143,14.535714285714286,25790.0,21912.0,100.0,103.33,27.57,132.0,55.18,49.29,Adecuado,Adecuado,Crítico,Adecuado,Crítico,Crítico,77.57,Ámbar,6.81,Rojo,69.88,2025-12
47872010,Valeria Huamán Vargas,Atención Operativa,Los Olivos,2024-07-20,Activo,2025,12,2025-12,50.0,197.15464285714285,95.2025,6.1414285714285715,77.5,74.28571428571429,86.82142857142857,13.678571428571429,24267.0,21142.0,100.0,102.03,0.0,150.0,21.43,68.21,Adecuado,Adecuado,Crítico,Adecuado,Crítico,Crítico,69.88,Rojo,6.91,Ámbar,78.0,2026-01
47872010,Valeria Huamán Vargas,Atención Operativa,Los Olivos,2024-07-20,Activo,2026,01,2026-01,50.0,196.0367857142857,94.66285714285715,6.151785714285714,76.7,80.39285714285714,88.17857142857143,14.285714285714286,26336.0,23153.0,100.0,93.26,0.0,150.0,51.96,81.79,Adecuado,Por mejorar,Crítico,Adecuado,Crítico,Por mejorar,78.0,Ámbar,6.96,Ámbar,73.13,2026-02
47872010,Valeria Huamán Vargas,Atención Operativa,Los Olivos,2024-07-20,Activo,2026,02,2026-02,50.0,174.85285714285715,94.98714285714286,6.0175,77.98,76.60714285714286,87.39285714285714,13.785714285714286,28183.0,24550.0,100.0,99.74,0.0,150.0,33.04,73.93,Adecuado,Por mejorar,Crítico,Adecuado,Crítico,Por mejorar,73.13,Ámbar,6.96,Rojo,25.97,2026-03
47872010,Valeria Huamán Vargas,Atención Operativa,Los Olivos,2024-07-20,Activo,2026,03,2026-03,45.0,195.12571428571428,94.2225,5.979642857142857,62.02,75.82142857142857,86.53571428571429,13.892857142857142,26919.0,23215.0,0.0,84.45,2.04,13.2,29.11,65.36,Crítico,Por mejorar,Crítico,Crítico,Crítico,Crítico,25.97,Rojo,6.98,Rojo,49.31,2026-04
48364107,Patricia Gutiérrez Rojas,Atención Operativa,San Isidro,2023-08-24,Activo,2024,01,2024-01,55.0,196.345,94.81142857142858,6.1075,76.94,81.07142857142857,90.0,14.678571428571429,25615.0,23061.0,150.0,96.23,0.0,150.0,55.36,100.0,Adecuado,Por mejorar,Crítico,Adecuado,Crítico,Adecuado,85.96,Ámbar,6.99,Rojo,69.86,2024-02
48364107,Patricia Gutiérrez Rojas,Atención Operativa,San Isidro,2023-08-24,Activo,2024,02,2024-02,50.0,181.78821428571428,94.80428571428571,5.981428571428571,72.34,79.82142857142857,88.5,14.321428571428571,26306.0,23341.0,100.0,96.09,1.86,116.4,49.11,85.0,Adecuado,Por mejorar,Crítico,Adecuado,Crítico,Por mejorar,69.86,Rojo,6.94,Rojo,65.37,2024-03
48364107,Patricia Gutiérrez Rojas,Atención Operativa,San Isidro,2023-08-24,Activo,2024,03,2024-03,45.0,197.01035714285715,95.1325,6.095,77.88,79.67857142857143,85.64285714285714,14.857142857142858,28053.0,23908.0,0.0,101.33,0.0,150.0,48.39,56.43,Crítico,Adecuado,Crítico,Adecuado,Crítico,Crítico,65.37,Rojo,6.99,Ámbar,75.64,2024-04
48364107,Patricia Gutiérrez Rojas,Atención Operativa,San Isidro,2023-08-24,Activo,2024,04,2024-04,45.0,190.67535714285714,95.615,5.778214285714285,75.59,83.89285714285714,86.0,15.428571428571429,26588.0,22785.0,0.0,106.15,22.18,148.9,69.46,60.0,Crítico,Adecuado,Crítico,Adecuado,Crítico,Crítico,75.64,Ámbar,6.95,Rojo,44.09,2024-05
48364107,Patricia Gutiérrez Rojas,Atención Operativa,San Isidro,2023-08-24,Activo,2024,05,2024-05,50.0,199.29607142857142,96.23642857142858,6.007142857142857,61.94,81.57142857142857,85.28571428571429,15.5,26128.0,22338.0,100.0,112.36,0.0,12.4,57.86,52.86,Adecuado,Adecuado,Crítico,Crítico,Crítico,Crítico,44.09,Rojo,6.94,Ámbar,78.91,2024-06
48364107,Patricia Gutiérrez Rojas,Atención Operativa,San Isidro,2023-08-24,Activo,2024,06,2024-06,55.0,188.83142857142857,94.68964285714286,5.884285714285714,76.95,78.42857142857143,84.17857142857143,14.25,25414.0,21296.0,150.0,93.79,11.57,150.0,42.14,41.79,Adecuado,Por mejorar,Crítico,Adecuado,Crítico,Crítico,78.91,Ámbar,6.96,Rojo,67.03,2024-07
48364107,Patricia Gutiérrez Rojas,Atención Operativa,San Isidro,2023-08-24,Activo,2024,07,2024-07,45.0,195.90392857142857,94.59821428571429,5.991428571428571,78.94,80.35714285714286,87.21428571428571,15.214285714285714,24633.0,21434.0,0.0,91.96,0.86,150.0,51.79,72.14,Crítico,Por mejorar,Crítico,Adecuado,Crítico,Por mejorar,67.03,Rojo,6.84,Ámbar,82.14,2024-08
48364107,Patricia Gutiérrez Rojas,Atención Operativa,San Isidro,2023-08-24,Activo,2024,08,2024-08,55.0,195.77892857142857,94.53785714285715,5.886071428571428,77.52,76.07142857142857,91.39285714285714,13.75,28302.0,25759.0,150.0,90.76,11.39,150.0,30.36,106.96,Adecuado,Por mejorar,Crítico,Adecuado,Crítico,Adecuado,82.14,Ámbar,6.79,Rojo,43.28,2024-09
48364107,Patricia Gutiérrez Rojas,Atención Operativa,San Isidro,2023-08-24,Activo,2024,09,2024-09,50.0,189.74928571428572,95.15107142857143,6.1935714285714285,61.46,80.60714285714286,87.96428571428571,15.142857142857142,27163.0,24055.0,100.0,101.51,0.0,7.6,53.04,79.64,Adecuado,Adecuado,Crítico,Crítico,Crítico,Por mejorar,43.28,Rojo,6.99,Ámbar,86.72,2024-10
48364107,Patricia Gutiérrez Rojas,Atención Operativa,San Isidro,2023-08-24,Activo,2024,10,2024-10,55.0,198.35285714285715,95.78071428571428,6.067142857142857,77.82,82.32142857142857,88.03571428571429,15.107142857142858,27416.0,24083.0,150.0,107.81,0.0,150.0,61.61,80.36,Adecuado,Adecuado,Crítico,Adecuado,Crítico,Por mejorar,86.72,Ámbar,6.83,Ámbar,73.82,2024-11
48364107,Patricia Gutiérrez Rojas,Atención Operativa,San Isidro,2023-08-24,Activo,2024,11,2024-11,55.0,189.79,95.17142857142858,5.9675,72.67,78.28571428571429,87.71428571428571,14.642857142857142,26203.0,22741.0,150.0,101.71,3.25,119.7,41.43,77.14,Adecuado,Adecuado,Crítico,Adecuado,Crítico,Por mejorar,73.82,Ámbar,6.88,Rojo,61.38,2024-12
48364107,Patricia Gutiérrez Rojas,Atención Operativa,San Isidro,2023-08-24,Activo,2024,12,2024-12,50.0,198.30821428571429,95.75928571428571,5.802142857142857,68.91,76.67857142857143,87.78571428571429,14.107142857142858,25160.0,22147.0,100.0,107.59,19.79,82.1,33.39,77.86,Adecuado,Adecuado,Crítico,Por mejorar,Crítico,Por mejorar,61.38,Rojo,6.95,Rojo,63.07,2025-01
48364107,Patricia Gutiérrez Rojas,Atención Operativa,San Isidro,2023-08-24,Activo,2025,01,2025-01,55.0,196.8725,95.06678571428571,6.0225,67.3,81.42857142857143,87.21428571428571,15.107142857142858,27567.0,23980.0,150.0,100.67,0.0,66.0,57.14,72.14,Adecuado,Adecuado,Crítico,Crítico,Crítico,Por mejorar,63.07,Rojo,6.91,Ámbar,85.98,2025-02
48364107,Patricia Gutiérrez Rojas,Atención Operativa,San Isidro,2023-08-24,Activo,2025,02,2025-02,55.0,174.72392857142856,94.91785714285714,5.9375,75.07,80.82142857142857,90.89285714285714,14.857142857142858,26289.0,23745.0,150.0,98.36,6.25,143.7,54.11,104.46,Adecuado,Por mejorar,Crítico,Adecuado,Crítico,Adecuado,85.98,Ámbar,6.99,Rojo,52.68,2025-03
48364107,Patricia Gutiérrez Rojas,Atención Operativa,San Isidro,2023-08-24,Activo,2025,03,2025-03,50.0,199.28464285714287,96.23214285714286,5.980714285714286,67.12,78.03571428571429,84.96428571428571,14.142857142857142,27192.0,23041.0,100.0,112.32,1.93,64.2,40.18,49.64,Adecuado,Adecuado,Crítico,Crítico,Crítico,Crítico,52.68,Rojo,6.98,Rojo,65.6,2025-04
48364107,Patricia Gutiérrez Rojas,Atención Operativa,San Isidro,2023-08-24,Activo,2025,04,2025-04,50.0,189.0767857142857,94.81357142857142,5.817142857142857,68.69,79.92857142857143,89.92857142857143,14.75,27292.0,24473.0,100.0,96.27,18.29,79.9,49.64,99.29,Adecuado,Por mejorar,Crítico,Por mejorar,Crítico,Por mejorar,65.6,Rojo,6.97,Rojo,56.73,2025-05
48364107,Patricia Gutiérrez Rojas,Atención Operativa,San Isidro,2023-08-24,Activo,2025,05,2025-05,50.0,196.38357142857143,94.83071428571428,6.1467857142857145,69.69,77.67857142857143,85.0,14.107142857142858,27413.0,23356.0,100.0,96.61,0.0,89.9,38.39,50.0,Adecuado,Por mejorar,Crítico,Por mejorar,Crítico,Crítico,56.73,Rojo,6.99,Rojo,25.72,2025-06
48364107,Patricia Gutiérrez Rojas,Atención Operativa,San Isidro,2023-08-24,Activo,2025,06,2025-06,45.0,189.87857142857143,95.215,5.963571428571429,60.76,75.78571428571429,87.39285714285714,13.857142857142858,27088.0,23644.0,0.0,102.15,3.64,0.6,28.93,73.93,Crítico,Adecuado,Crítico,Crítico,Crítico,Por mejorar,25.72,Rojo,6.85,Ámbar,85.7,2025-07
48364107,Patricia Gutiérrez Rojas,Atención Operativa,San Isidro,2023-08-24,Activo,2025,07,2025-07,50.0,195.02285714285713,94.1725,6.104642857142857,76.96,89.14285714285714,85.92857142857143,16.25,26131.0,22462.0,100.0,83.45,0.0,150.0,95.71,59.29,Adecuado,Por mejorar,Crítico,Adecuado,Por mejorar,Crítico,85.7,Ámbar,6.96,Rojo,30.69,2025-08
48364107,Patricia Gutiérrez Rojas,Atención Operativa,San Isidro,2023-08-24,Activo,2025,08,2025-08,45.0,197.11214285714286,95.1825,6.0525,61.87,78.60714285714286,86.82142857142857,14.071428571428571,27271.0,23683.0,0.0,101.83,0.0,11.7,43.04,68.21,Crítico,Adecuado,Crítico,Crítico,Crítico,Crítico,30.69,Rojo,6.89,Rojo,45.52,2025-09
48364107,Patricia Gutiérrez Rojas,Atención Operativa,San Isidro,2023-08-24,Activo,2025,09,2025-09,45.0,187.20392857142858,93.87392857142858,6.017142857142857,68.55,77.75,88.46428571428571,13.857142857142858,25189.0,22207.0,0.0,77.48,0.0,78.5,38.75,84.64,Crítico,Por mejorar,Crítico,Por mejorar,Crítico,Por mejorar,45.52,Rojo,6.95,Rojo,64.23,2025-10
48364107,Patricia Gutiérrez Rojas,Atención Operativa,San Isidro,2023-08-24,Activo,2025,10,2025-10,50.0,196.51785714285714,94.89535714285714,5.911785714285714,67.83,83.25,88.28571428571429,15.071428571428571,26576.0,23364.0,100.0,97.91,8.82,71.3,66.25,82.86,Adecuado,Por mejorar,Crítico,Por mejorar,Crítico,Por mejorar,64.23,Rojo,6.89,Ámbar,80.69,2025-11
48364107,Patricia Gutiérrez Rojas,Atención Operativa,San Isidro,2023-08-24,Activo,2025,11,2025-11,55.0,189.43,94.99142857142857,5.979642857142857,73.9,81.46428571428571,87.96428571428571,14.5,28161.0,24748.0,150.0,99.83,2.04,132.0,57.32,79.64,Adecuado,Por mejorar,Crítico,Adecuado,Crítico,Por mejorar,80.69,Ámbar,7.0,Ámbar,74.65,2025-12
48364107,Patricia Gutiérrez Rojas,Atención Operativa,San Isidro,2023-08-24,Activo,2025,12,2025-12,50.0,193.86642857142857,93.615,6.039285714285715,77.5,80.39285714285714,86.92857142857143,15.178571428571429,27799.0,24163.0,100.0,72.3,0.0,150.0,51.96,69.29,Adecuado,Por mejorar,Crítico,Adecuado,Crítico,Crítico,74.65,Ámbar,6.95,Rojo,65.52,2026-01
48364107,Patricia Gutiérrez Rojas,Atención Operativa,San Isidro,2023-08-24,Activo,2026,01,2026-01,45.0,196.7675,95.0175,5.865,76.7,75.64285714285714,88.25,13.785714285714286,26578.0,23387.0,0.0,100.18,13.5,150.0,28.21,82.5,Crítico,Adecuado,Crítico,Adecuado,Crítico,Por mejorar,65.52,Rojo,6.89,Ámbar,73.12,2026-02
48364107,Patricia Gutiérrez Rojas,Atención Operativa,San Isidro,2023-08-24,Activo,2026,02,2026-02,45.0,174.7707142857143,94.94392857142857,5.9775,77.98,82.28571428571429,89.92857142857143,14.5,28042.0,25405.0,0.0,98.88,2.25,150.0,61.43,99.29,Crítico,Por mejorar,Crítico,Adecuado,Crítico,Por mejorar,73.12,Ámbar,6.83,Rojo,50.97,2026-03
48364107,Patricia Gutiérrez Rojas,Atención Operativa,San Isidro,2023-08-24,Activo,2026,03,2026-03,50.0,196.01285714285714,94.65071428571429,5.928928571428571,62.02,84.21428571428571,89.17857142857143,15.5,26964.0,23957.0,100.0,93.01,7.11,13.2,71.07,91.79,Adecuado,Por mejorar,Crítico,Crítico,Por mejorar,Por mejorar,50.97,Rojo,6.97,Rojo,37.16,2026-04
48532422,Pedro Vargas Huamán,Monitoreo de Incidencias,San Isidro,2023-06-14,Activo,2024,01,2024-01,50.0,198.41714285714286,95.8125,6.1067857142857145,76.94,78.0,86.60714285714286,13.928571428571429,25622.0,22126.0,100.0,108.13,0.0,150.0,40.0,66.07,Adecuado,Adecuado,Crítico,Adecuado,Crítico,Crítico,74.92,Ámbar,6.99,Ámbar,71.11,2024-02
48532422,Pedro Vargas Huamán,Monitoreo de Incidencias,San Isidro,2023-06-14,Activo,2024,02,2024-02,50.0,181.92714285714285,94.87678571428572,5.951428571428571,72.34,80.28571428571429,88.42857142857143,14.607142857142858,25312.0,22162.0,100.0,97.54,4.86,116.4,51.43,84.29,Adecuado,Por mejorar,Crítico,Adecuado,Crítico,Por mejorar,71.11,Ámbar,6.95,Ámbar,71.82,2024-03
48532422,Pedro Vargas Huamán,Monitoreo de Incidencias,San Isidro,2023-06-14,Activo,2024,03,2024-03,45.0,198.15392857142857,95.685,5.882142857142857,77.88,79.39285714285714,89.53571428571429,14.821428571428571,26786.0,23934.0,0.0,106.85,11.79,150.0,46.96,95.36,Crítico,Adecuado,Crítico,Adecuado,Crítico,Por mejorar,71.82,Ámbar,6.79,Ámbar,78.72,2024-04
48532422,Pedro Vargas Huamán,Monitoreo de Incidencias,San Isidro,2023-06-14,Activo,2024,04,2024-04,50.0,189.14642857142857,94.84785714285714,6.230357142857143,75.59,82.46428571428571,86.21428571428571,14.821428571428571,25884.0,22367.0,100.0,96.96,0.0,148.9,62.32,62.14,Adecuado,Por mejorar,Crítico,Adecuado,Crítico,Crítico,78.72,Ámbar,6.98,Rojo,49.58,2024-05
48532422,Pedro Vargas Huamán,Monitoreo de Incidencias,San Isidro,2023-06-14,Activo,2024,05,2024-05,50.0,196.38071428571428,94.8275,5.9925,61.94,83.07142857142857,90.67857142857143,14.892857142857142,26494.0,23981.0,100.0,96.55,0.75,12.4,65.36,103.39,Adecuado,Por mejorar,Crítico,Crítico,Crítico,Adecuado,49.58,Rojo,6.96,Ámbar,75.63,2024-06
48532422,Pedro Vargas Huamán,Monitoreo de Incidencias,San Isidro,2023-06-14,Activo,2024,06,2024-06,50.0,189.07035714285715,94.81035714285714,5.921428571428572,76.95,75.89285714285714,89.57142857142857,13.607142857142858,25605.0,22946.0,100.0,96.21,7.86,150.0,29.46,95.71,Adecuado,Por mejorar,Crítico,Adecuado,Crítico,Por mejorar,75.63,Ámbar,6.76,Ámbar,72.21,2024-07
48532422,Pedro Vargas Huamán,Monitoreo de Incidencias,San Isidro,2023-06-14,Activo,2024,07,2024-07,45.0,197.8475,95.53678571428571,5.906785714285714,78.94,82.67857142857143,86.46428571428571,15.25,26368.0,22968.0,0.0,105.37,9.32,150.0,63.39,64.64,Crítico,Adecuado,Crítico,Adecuado,Crítico,Crítico,72.21,Ámbar,6.87,Ámbar,79.9,2024-08
48532422,Pedro Vargas Huamán,Monitoreo de Incidencias,San Isidro,2023-06-14,Activo,2024,08,2024-08,50.0,197.54785714285714,95.39214285714286,5.826785714285714,77.52,79.75,86.35714285714286,14.678571428571429,27408.0,23699.0,100.0,103.92,17.32,150.0,48.75,63.57,Adecuado,Adecuado,Crítico,Adecuado,Crítico,Crítico,79.9,Ámbar,6.85,Rojo,33.49,2024-09
48532422,Pedro Vargas Huamán,Monitoreo de Incidencias,San Isidro,2023-06-14,Activo,2024,09,2024-09,45.0,188.32392857142858,94.43642857142858,5.833928571428571,61.46,77.14285714285714,90.92857142857143,14.107142857142858,26618.0,24315.0,0.0,88.73,16.61,7.6,35.71,104.64,Crítico,Por mejorar,Crítico,Crítico,Crítico,Adecuado,33.49,Rojo,6.92,Ámbar,78.58,2024-10
48532422,Pedro Vargas Huamán,Monitoreo de Incidencias,San Isidro,2023-06-14,Activo,2024,10,2024-10,50.0,198.13535714285715,95.67607142857143,5.904642857142857,77.82,76.42857142857143,90.92857142857143,13.357142857142858,25581.0,23194.0,100.0,106.76,9.54,150.0,32.14,104.64,Adecuado,Adecuado,Crítico,Adecuado,Crítico,Adecuado,78.58,Ámbar,6.96,Rojo,63.73,2024-11
48532422,Pedro Vargas Huamán,Monitoreo de Incidencias,San Isidro,2023-06-14,Activo,2024,11,2024-11,50.0,188.1025,94.32464285714286,5.8675,72.67,75.85714285714286,85.17857142857143,13.428571428571429,28240.0,24198.0,100.0,86.49,13.25,119.7,29.29,51.79,Adecuado,Por mejorar,Crítico,Adecuado,Crítico,Crítico,63.73,Rojo,6.88,Rojo,55.28,2024-12
48532422,Pedro Vargas Huamán,Monitoreo de Incidencias,San Isidro,2023-06-14,Activo,2024,12,2024-12,50.0,195.37714285714284,94.34392857142858,6.367142857142857,68.91,78.10714285714286,85.92857142857143,14.0,26272.0,22688.0,100.0,86.88,0.0,82.1,40.54,59.29,Adecuado,Por mejorar,Crítico,Por mejorar,Crítico,Crítico,55.28,Rojo,6.99,Rojo,47.4,2025-01
48532422,Pedro Vargas Huamán,Monitoreo de Incidencias,San Isidro,2023-06-14,Activo,2025,01,2025-01,45.0,194.68571428571428,94.01071428571429,5.865,67.3,80.57142857142857,86.96428571428571,14.607142857142858,27328.0,23791.0,0.0,80.21,13.5,66.0,52.86,69.64,Crítico,Por mejorar,Crítico,Crítico,Crítico,Crítico,47.4,Rojo,6.85,Ámbar,87.89,2025-02
48532422,Pedro Vargas Huamán,Monitoreo de Incidencias,San Isidro,2023-06-14,Activo,2025,02,2025-02,50.0,175.81392857142856,95.50892857142857,5.827857142857143,75.07,86.46428571428571,87.42857142857143,16.25,28404.0,24654.0,100.0,105.09,17.21,143.7,82.32,74.29,Adecuado,Adecuado,Crítico,Adecuado,Por mejorar,Por mejorar,87.89,Ámbar,6.95,Rojo,63.36,2025-03
48532422,Pedro Vargas Huamán,Monitoreo de Incidencias,San Isidro,2023-06-14,Activo,2025,03,2025-03,55.0,196.34964285714287,94.81321428571428,5.9675,67.12,83.42857142857143,85.25,15.535714285714286,25001.0,21429.0,150.0,96.26,3.25,64.2,67.14,52.5,Adecuado,Por mejorar,Crítico,Crítico,Crítico,Crítico,63.36,Rojo,6.89,Rojo,63.74,2025-04
48532422,Pedro Vargas Huamán,Monitoreo de Incidencias,San Isidro,2023-06-14,Activo,2025,04,2025-04,50.0,192.01035714285715,96.28428571428572,5.956785714285714,68.69,80.89285714285714,88.0,14.821428571428571,27121.0,23931.0,100.0,112.84,4.32,79.9,54.46,80.0,Adecuado,Adecuado,Crítico,Por mejorar,Crítico,Por mejorar,63.74,Rojo,6.89,Rojo,68.05,2025-05
48532422,Pedro Vargas Huamán,Monitoreo de Incidencias,San Isidro,2023-06-14,Activo,2025,05,2025-05,50.0,196.07214285714286,94.67964285714285,5.9625,69.69,82.42857142857143,89.92857142857143,15.178571428571429,25488.0,22971.0,100.0,93.59,3.75,89.9,62.14,99.29,Adecuado,Por mejorar,Crítico,Por mejorar,Crítico,Por mejorar,68.05,Rojo,6.88,Rojo,28.38,2025-06
48532422,Pedro Vargas Huamán,Monitoreo de Incidencias,San Isidro,2023-06-14,Activo,2025,06,2025-06,45.0,189.7725,95.16178571428571,6.051785714285714,60.76,78.42857142857143,87.53571428571429,14.571428571428571,27753.0,24433.0,0.0,101.62,0.0,0.6,42.14,75.36,Crítico,Adecuado,Crítico,Crítico,Crítico,Por mejorar,28.38,Rojo,6.94,Ámbar,78.52,2025-07
48532422,Pedro Vargas Huamán,Monitoreo de Incidencias,San Isidro,2023-06-14,Activo,2025,07,2025-07,50.0,195.46035714285713,94.38428571428571,5.8289285714285715,76.96,81.03571428571429,85.03571428571429,14.857142857142858,27813.0,23554.0,100.0,87.69,17.11,150.0,55.18,50.36,Adecuado,Por mejorar,Crítico,Adecuado,Crítico,Crítico,78.52,Ámbar,6.89,Rojo,36.31,2025-08
48532422,Pedro Vargas Huamán,Monitoreo de Incidencias,San Isidro,2023-06-14,Activo,2025,08,2025-08,45.0,196.65857142857143,94.96428571428571,5.988571428571428,61.87,84.60714285714286,84.96428571428571,15.5,26456.0,22536.0,0.0,99.29,1.14,11.7,73.04,49.64,Crítico,Por mejorar,Crítico,Crítico,Por mejorar,Crítico,36.31,Rojo,6.94,Rojo,63.97,2025-09
48532422,Pedro Vargas Huamán,Monitoreo de Incidencias,San Isidro,2023-06-14,Activo,2025,09,2025-09,50.0,189.57214285714286,95.0625,5.8132142857142854,68.55,79.89285714285714,88.17857142857143,14.535714285714286,25459.0,22396.0,100.0,100.63,18.68,78.5,49.46,81.79,Adecuado,Adecuado,Crítico,Por mejorar,Crítico,Por mejorar,63.97,Rojo,6.86,Rojo,53.78,2025-10
48532422,Pedro Vargas Huamán,Monitoreo de Incidencias,San Isidro,2023-06-14,Activo,2025,10,2025-10,50.0,196.60142857142858,94.93464285714286,6.0407142857142855,67.83,79.92857142857143,83.67857142857143,14.607142857142858,26481.0,22290.0,100.0,98.69,0.0,71.3,49.64,36.79,Adecuado,Por mejorar,Crítico,Por mejorar,Crítico,Crítico,53.78,Rojo,6.98,Rojo,62.8,2025-11
48532422,Pedro Vargas Huamán,Monitoreo de Incidencias,San Isidro,2023-06-14,Activo,2025,11,2025-11,45.0,188.99928571428572,94.77464285714285,6.007857142857143,73.9,79.57142857142857,88.28571428571429,14.535714285714286,27176.0,23938.0,0.0,95.49,0.0,132.0,47.86,82.86,Crítico,Por mejorar,Crítico,Adecuado,Crítico,Por mejorar,62.8,Rojo,6.99,Ámbar,81.17,2025-12
48532422,Pedro Vargas Huamán,Monitoreo de Incidencias,San Isidro,2023-06-14,Activo,2025,12,2025-12,55.0,196.62678571428572,94.94642857142857,6.005714285714285,77.5,78.25,88.46428571428571,14.75,25502.0,22355.0,150.0,98.93,0.0,150.0,41.25,84.64,Adecuado,Por mejorar,Crítico,Adecuado,Crítico,Por mejorar,81.17,Ámbar,7.0,Ámbar,79.24,2026-01
48532422,Pedro Vargas Huamán,Monitoreo de Incidencias,San Isidro,2023-06-14,Activo,2026,01,2026-01,50.0,197.83642857142857,95.53178571428572,5.959642857142857,76.7,79.60714285714286,88.39285714285714,14.25,27418.0,24194.0,100.0,105.32,4.04,150.0,48.04,83.93,Adecuado,Adecuado,Crítico,Adecuado,Crítico,Por mejorar,79.24,Ámbar,6.94,Ámbar,86.56,2026-02
48532422,Pedro Vargas Huamán,Monitoreo de Incidencias,San Isidro,2023-06-14,Activo,2026,02,2026-02,55.0,173.63035714285715,94.32392857142857,5.836071428571429,77.98,81.53571428571429,87.71428571428571,14.785714285714286,26864.0,23709.0,150.0,86.48,16.39,150.0,57.68,77.14,Adecuado,Por mejorar,Crítico,Adecuado,Crítico,Por mejorar,86.56,Ámbar,6.92,Rojo,39.4,2026-03
48532422,Pedro Vargas Huamán,Monitoreo de Incidencias,San Isidro,2023-06-14,Activo,2026,03,2026-03,45.0,198.93928571428572,96.065,6.000357142857143,62.02,84.0,87.53571428571429,15.071428571428571,26892.0,23649.0,0.0,110.65,0.0,13.2,70.0,75.36,Crítico,Adecuado,Crítico,Crítico,Por mejorar,Por mejorar,39.4,Rojo,6.99,Rojo,46.94,2026-04
50283542,Andrés Morales Paredes,Central de Emergencias,Surco,2023-01-12,Cesado,2024,01,2024-01,45.0,164.38533333333334,79.378,6.03,76.94,85.0625,86.8125,15.3125,15157.0,13197.0,0.0,0.0,0.0,150.0,75.31,68.13,Crítico,Crítico,Crítico,Adecuado,Por mejorar,Crítico,63.14,Rojo,6.94,Rojo,50.48,2024-02
50283542,Andrés Morales Paredes,Central de Emergencias,Surco,2023-01-12,Cesado,2024,02,2024-02,50.0,146.89933333333335,76.61066666666666,6.114117647058824,72.34,70.83333333333333,90.66666666666667,12.88888888888889,16677.0,15049.0,100.0,0.0,0.0,116.4,4.17,103.33,Adecuado,Crítico,Crítico,Adecuado,Crítico,Adecuado,50.48,Rojo,6.96,Rojo,60.89,2024-03
50283542,Andrés Morales Paredes,Central de Emergencias,Surco,2023-01-12,Cesado,2024,03,2024-03,45.0,163.8575,79.12416666666667,5.889166666666667,77.88,79.3157894736842,89.52941176470588,14.052631578947368,15610.0,14009.0,0.0,0.0,11.08,150.0,46.58,95.29,Crítico,Crítico,Crítico,Adecuado,Crítico,Por mejorar,60.89,Rojo,6.53,Rojo,49.98,2024-04
50283542,Andrés Morales Paredes,Central de Emergencias,Surco,2023-01-12,Cesado,2024,04,2024-04,45.0,160.91944444444445,80.69333333333333,6.015789473684211,75.59,75.73333333333333,85.58823529411765,13.333333333333334,14657.0,12453.0,0.0,0.0,0.0,148.9,28.67,55.88,Crítico,Crítico,Crítico,Adecuado,Crítico,Crítico,49.98,Rojo,6.95,Rojo,36.58,2024-05
50283542,Andrés Morales Paredes,Central de Emergencias,Surco,2023-01-12,Cesado,2024,05,2024-05,55.0,165.37,79.85375,6.0645,61.94,77.47368421052632,89.13333333333334,13.842105263157896,14470.0,12944.0,150.0,0.0,0.0,12.4,37.37,91.33,Adecuado,Crítico,Crítico,Crítico,Crítico,Por mejorar,36.58,Rojo,6.99,Ámbar,81.3,2024-06
50283542,Andrés Morales Paredes,Central de Emergencias,Surco,2023-01-12,Cesado,2024,06,2024-06,55.0,158.42411764705884,79.4435294117647,5.731111111111111,76.95,80.61111111111111,90.3076923076923,15.055555555555555,11107.0,10092.0,150.0,0.0,26.89,150.0,53.06,101.54,Adecuado,Crítico,Crítico,Adecuado,Crítico,Adecuado,81.3,Ámbar,6.99,Rojo,61.41,2024-07
50283542,Andrés Morales Paredes,Central de Emergencias,Surco,2023-01-12,Cesado,2024,07,2024-07,45.0,169.89,82.03611111111111,6.24,78.94,82.14285714285714,88.73684210526316,14.952380952380953,18401.0,16398.0,0.0,0.0,0.0,150.0,60.71,87.37,Crítico,Crítico,Crítico,Adecuado,Crítico,Por mejorar,61.41,Rojo,6.95,Rojo,68.27,2024-08
50283542,Andrés Morales Paredes,Central de Emergencias,Surco,2023-01-12,Cesado,2024,08,2024-08,50.0,167.536875,80.90125,5.895625,77.52,75.9,92.61111111111111,13.5,16200.0,15030.0,100.0,0.0,10.44,150.0,29.5,113.06,Adecuado,Crítico,Crítico,Adecuado,Crítico,Adecuado,68.27,Rojo,6.99,Rojo,33.93,2024-09
50283542,Andrés Morales Paredes,Central de Emergencias,Surco,2023-01-12,Cesado,2024,09,2024-09,50.0,159.315,79.89055555555555,5.841764705882353,61.46,76.1875,92.26666666666667,14.0625,15141.0,13998.0,100.0,0.0,15.82,7.6,30.94,111.33,Adecuado,Crítico,Crítico,Crítico,Crítico,Adecuado,33.93,Rojo,6.94,Rojo,59.57,2024-10
50283542,Andrés Morales Paredes,Central de Emergencias,Surco,2023-01-12,Cesado,2024,10,2024-10,45.0,167.70714285714286,80.98285714285714,5.932222222222222,77.82,81.22222222222223,86.6875,14.166666666666666,14819.0,12744.0,0.0,0.0,6.78,150.0,56.11,66.88,Crítico,Crítico,Crítico,Adecuado,Crítico,Crítico,59.57,Rojo,7.0,Rojo,64.99,2024-11
50283542,Andrés Morales Paredes,Central de Emergencias,Surco,2023-01-12,Cesado,2024,11,2024-11,55.0,158.41894736842104,79.43947368421053,6.003636363636364,72.67,81.61538461538461,85.54545454545455,15.307692307692308,9467.0,8132.0,150.0,0.0,0.0,119.7,58.08,55.45,Adecuado,Crítico,Crítico,Adecuado,Crítico,Crítico,64.99,Rojo,6.94,Rojo,53.36,2024-12
50283542,Andrés Morales Paredes,Central de Emergencias,Surco,2023-01-12,Cesado,2024,12,2024-12,50.0,164.74333333333334,79.552,5.94875,68.91,83.28571428571429,85.2,15.285714285714286,14200.0,12028.0,100.0,0.0,5.13,82.1,66.43,52.0,Adecuado,Crítico,Crítico,Por mejorar,Crítico,Crítico,53.36,Rojo,6.93,Rojo,53.49,2025-01
50283542,Andrés Morales Paredes,Central de Emergencias,Surco,2023-01-12,Cesado,2025,01,2025-01,50.0,170.33,82.24857142857142,6.136923076923077,67.3,81.875,94.29411764705883,15.1875,17624.0,16573.0,100.0,0.0,0.0,66.0,59.38,121.47,Adecuado,Crítico,Crítico,Crítico,Crítico,Adecuado,53.49,Rojo,6.91,Rojo,59.01,2025-02
50283542,Andrés Morales Paredes,Central de Emergencias,Surco,2023-01-12,Cesado,2025,02,2025-02,55.0,149.304,81.1075,6.284285714285715,75.07,73.73333333333333,83.41666666666667,13.533333333333333,12660.0,10449.0,150.0,0.0,0.0,143.7,18.67,34.17,Adecuado,Crítico,Crítico,Adecuado,Crítico,Crítico,59.01,Rojo,6.94,Rojo,46.54,2025-03
50283542,Andrés Morales Paredes,Central de Emergencias,Surco,2023-01-12,Cesado,2025,03,2025-03,45.0,160.20533333333333,77.36,5.544444444444444,67.12,81.0,87.625,15.5,22341.0,19600.0,0.0,0.0,45.56,64.2,55.0,76.25,Crítico,Crítico,Crítico,Crítico,Crítico,Por mejorar,46.54,Rojo,6.36,Rojo,58.69,2025-04
50283542,Andrés Morales Paredes,Central de Emergencias,Surco,2023-01-12,Cesado,2025,04,2025-04,55.0,157.7665,79.113,5.760588235294118,68.69,80.25,86.11764705882354,14.166666666666666,17150.0,14834.0,150.0,0.0,23.94,79.9,51.25,61.18,Adecuado,Crítico,Crítico,Por mejorar,Crítico,Crítico,58.69,Rojo,6.63,Rojo,46.7,2025-05
50283542,Andrés Morales Paredes,Central de Emergencias,Surco,2023-01-12,Cesado,2025,05,2025-05,50.0,164.5727777777778,79.46888888888888,6.277692307692308,69.69,75.95,86.78947368421052,14.05,19730.0,17184.0,100.0,0.0,0.0,89.9,29.75,67.89,Adecuado,Crítico,Crítico,Por mejorar,Crítico,Crítico,46.7,Rojo,6.99,Rojo,22.49,2025-06
50283542,Andrés Morales Paredes,Central de Emergencias,Surco,2023-01-12,Cesado,2025,06,2025-06,50.0,155.56947368421052,78.01263157894736,5.882105263157895,60.76,72.9375,86.3125,12.9375,15319.0,13219.0,100.0,0.0,11.79,0.6,14.69,63.13,Adecuado,Crítico,Crítico,Crítico,Crítico,Crítico,22.49,Rojo,6.72,Ámbar,79.54,2025-07
50283542,Andrés Morales Paredes,Central de Emergencias,Surco,2023-01-12,Cesado,2025,07,2025-07,55.0,158.96526315789473,76.76210526315789,6.0188235294117645,76.96,84.0,89.53846153846153,15.5,12275.0,10877.0,150.0,0.0,0.0,150.0,70.0,95.38,Adecuado,Crítico,Crítico,Adecuado,Por mejorar,Por mejorar,79.54,Ámbar,6.98,Rojo,43.21,2025-08
50283542,Andrés Morales Paredes,Central de Emergencias,Surco,2023-01-12,Cesado,2025,08,2025-08,50.0,161.76176470588234,78.11235294117647,5.93,61.87,84.83333333333333,90.6923076923077,15.38888888888889,12305.0,11048.0,100.0,0.0,7.0,11.7,74.17,103.46,Adecuado,Crítico,Crítico,Crítico,Por mejorar,Adecuado,43.21,Rojo,6.91,Rojo,60.34,2025-09
50283542,Andrés Morales Paredes,Central de Emergencias,Surco,2023-01-12,Cesado,2025,09,2025-09,50.0,165.3153846153846,82.89769230769231,5.784375,68.55,83.6,89.4,15.466666666666667,13060.0,11636.0,100.0,0.0,21.56,78.5,68.0,94.0,Adecuado,Crítico,Crítico,Por mejorar,Crítico,Por mejorar,60.34,Rojo,6.97,Rojo,52.74,2025-10
50283542,Andrés Morales Paredes,Central de Emergencias,Surco,2023-01-12,Cesado,2025,10,2025-10,50.0,161.37176470588236,77.92470588235294,5.86625,67.83,80.64285714285714,88.93333333333334,14.071428571428571,13946.0,12431.0,100.0,0.0,13.38,71.3,53.21,89.33,Adecuado,Crítico,Crítico,Por mejorar,Crítico,Por mejorar,52.74,Rojo,6.97,Rojo,57.78,2025-11
50283542,Andrés Morales Paredes,Central de Emergencias,Surco,2023-01-12,Cesado,2025,11,2025-11,45.0,159.66105263157894,80.06315789473685,5.641111111111111,73.9,77.4,88.3529411764706,14.2,16142.0,14182.0,0.0,0.0,35.89,132.0,37.0,83.53,Crítico,Crítico,Crítico,Adecuado,Crítico,Por mejorar,57.78,Rojo,6.92,Ámbar,75.54,2025-12
50283542,Andrés Morales Paredes,Central de Emergencias,Surco,2023-01-12,Cesado,2025,12,2025-12,55.0,169.4157894736842,81.80684210526316,5.916666666666667,77.5,81.5,87.0,14.5,13058.0,11351.0,150.0,0.0,8.33,150.0,57.5,70.0,Adecuado,Crítico,Crítico,Adecuado,Crítico,Por mejorar,75.54,Ámbar,6.97,Ámbar,74.51,2026-01
50283542,Andrés Morales Paredes,Central de Emergencias,Surco,2023-01-12,Cesado,2026,01,2026-01,55.0,158.06153846153848,76.32461538461538,5.952,76.7,78.38888888888889,91.125,14.38888888888889,16286.0,14754.0,150.0,0.0,4.8,150.0,41.94,105.63,Adecuado,Crítico,Crítico,Adecuado,Crítico,Adecuado,74.51,Ámbar,6.97,Rojo,62.09,2026-02
50283542,Andrés Morales Paredes,Central de Emergencias,Surco,2023-01-12,Cesado,2026,02,2026-02,50.0,144.87,78.7,5.84,77.98,74.5,85.76470588235294,13.5,14816.0,12707.0,100.0,0.0,16.0,150.0,22.5,57.65,Adecuado,Crítico,Crítico,Adecuado,Crítico,Crítico,62.09,Rojo,6.96,Rojo,32.59,2026-03
50283542,Andrés Morales Paredes,Central de Emergencias,Surco,2023-01-12,Cesado,2026,03,2026-03,50.0,160.77857142857144,77.63785714285714,5.887142857142857,62.02,80.21052631578948,84.26666666666667,14.157894736842104,13292.0,11171.0,100.0,0.0,11.29,13.2,51.05,42.67,Adecuado,Crítico,Crítico,Crítico,Crítico,Crítico,32.59,Rojo,6.72,Rojo,41.75,2026-04
50331281,Fernando García Cabrera,Gestión de Reportes,Surco,2023-02-17,Activo,2024,01,2024-01,55.0,198.09214285714285,95.65571428571428,5.892857142857143,76.94,78.89285714285714,87.53571428571429,14.25,25412.0,22335.0,150.0,106.56,10.71,150.0,44.46,75.36,Adecuado,Adecuado,Crítico,Adecuado,Crítico,Por mejorar,83.95,Ámbar,6.92,Rojo,64.48,2024-02
50331281,Fernando García Cabrera,Gestión de Reportes,Surco,2023-02-17,Activo,2024,02,2024-02,45.0,181.4725,94.64,5.820714285714286,72.34,82.78571428571429,86.53571428571429,15.0,26780.0,23185.0,0.0,92.8,17.93,116.4,63.93,65.36,Crítico,Por mejorar,Crítico,Adecuado,Crítico,Crítico,64.48,Rojo,6.93,Ámbar,71.32,2024-03
50331281,Fernando García Cabrera,Gestión de Reportes,Surco,2023-02-17,Activo,2024,03,2024-03,45.0,199.7692857142857,96.465,5.915357142857143,77.88,78.64285714285714,89.85714285714286,14.821428571428571,27420.0,24688.0,0.0,114.65,8.46,150.0,43.21,98.57,Crítico,Adecuado,Crítico,Adecuado,Crítico,Por mejorar,71.32,Ámbar,6.84,Ámbar,82.57,2024-04
50331281,Fernando García Cabrera,Gestión de Reportes,Surco,2023-02-17,Activo,2024,04,2024-04,55.0,189.68571428571428,95.11892857142857,5.835,75.59,78.42857142857143,86.39285714285714,13.642857142857142,26971.0,23290.0,150.0,101.19,16.5,148.9,42.14,63.93,Adecuado,Adecuado,Crítico,Adecuado,Crítico,Crítico,82.57,Ámbar,6.77,Rojo,50.25,2024-05
50331281,Fernando García Cabrera,Gestión de Reportes,Surco,2023-02-17,Activo,2024,05,2024-05,55.0,197.66285714285715,95.44821428571429,5.967142857142857,61.94,80.60714285714286,87.78571428571429,14.321428571428571,24814.0,21848.0,150.0,104.48,3.29,12.4,53.04,77.86,Adecuado,Adecuado,Crítico,Crítico,Crítico,Por mejorar,50.25,Rojo,6.87,Ámbar,89.94,2024-06
50331281,Fernando García Cabrera,Gestión de Reportes,Surco,2023-02-17,Activo,2024,06,2024-06,55.0,189.8617857142857,95.20678571428572,5.861785714285714,76.95,82.75,88.53571428571429,14.785714285714286,26706.0,23655.0,150.0,102.07,13.82,150.0,63.75,85.36,Adecuado,Adecuado,Crítico,Adecuado,Crítico,Por mejorar,89.94,Ámbar,6.85,Ámbar,74.12,2024-07
50331281,Fernando García Cabrera,Gestión de Reportes,Surco,2023-02-17,Activo,2024,07,2024-07,50.0,196.98,95.11857142857143,6.016071428571428,78.94,78.42857142857143,85.96428571428571,14.214285714285714,25931.0,22060.0,100.0,101.19,0.0,150.0,42.14,59.64,Adecuado,Adecuado,Crítico,Adecuado,Crítico,Crítico,74.12,Ámbar,6.89,Ámbar,90.98,2024-08
50331281,Fernando García Cabrera,Gestión de Reportes,Surco,2023-02-17,Activo,2024,08,2024-08,55.0,196.98035714285714,95.11821428571429,5.880357142857143,77.52,82.07142857142857,91.75,15.178571428571429,28550.0,26144.0,150.0,101.18,11.96,150.0,60.36,108.75,Adecuado,Adecuado,Crítico,Adecuado,Crítico,Adecuado,90.98,Ámbar,6.99,Rojo,53.73,2024-09
50331281,Fernando García Cabrera,Gestión de Reportes,Surco,2023-02-17,Activo,2024,09,2024-09,55.0,188.78,94.66428571428571,5.785,61.46,80.42857142857143,90.32142857142857,14.214285714285714,27386.0,24823.0,150.0,93.29,21.5,7.6,52.14,101.61,Adecuado,Por mejorar,Crítico,Crítico,Crítico,Adecuado,53.73,Rojo,6.92,Ámbar,84.79,2024-10
50331281,Fernando García Cabrera,Gestión de Reportes,Surco,2023-02-17,Activo,2024,10,2024-10,50.0,197.5067857142857,95.37107142857143,5.8878571428571425,77.82,83.71428571428571,87.53571428571429,15.25,24539.0,21471.0,100.0,103.71,11.21,150.0,68.57,75.36,Adecuado,Adecuado,Crítico,Adecuado,Crítico,Por mejorar,84.79,Ámbar,6.99,Ámbar,73.3,2024-11
50331281,Fernando García Cabrera,Gestión de Reportes,Surco,2023-02-17,Activo,2024,11,2024-11,50.0,189.52035714285714,95.03607142857143,6.076785714285714,72.67,80.35714285714286,90.78571428571429,14.571428571428571,27198.0,24674.0,100.0,100.36,0.0,119.7,51.79,103.93,Adecuado,Adecuado,Crítico,Adecuado,Crítico,Adecuado,73.3,Ámbar,7.0,Rojo,46.85,2024-12
50331281,Fernando García Cabrera,Gestión de Reportes,Surco,2023-02-17,Activo,2024,12,2024-12,45.0,195.14357142857142,94.23178571428572,6.091428571428572,68.91,79.14285714285714,86.42857142857143,14.607142857142858,26750.0,23202.0,0.0,84.64,0.0,82.1,45.71,64.29,Crítico,Por mejorar,Crítico,Por mejorar,Crítico,Crítico,46.85,Rojo,6.96,Rojo,56.91,2025-01
50331281,Fernando García Cabrera,Gestión de Reportes,Surco,2023-02-17,Activo,2025,01,2025-01,50.0,196.49928571428572,94.88607142857143,5.966428571428572,67.3,79.28571428571429,88.35714285714286,14.642857142857142,25597.0,22470.0,100.0,97.72,3.36,66.0,46.43,83.57,Adecuado,Por mejorar,Crítico,Crítico,Crítico,Por mejorar,56.91,Rojo,6.99,Ámbar,75.97,2025-02
50331281,Fernando García Cabrera,Gestión de Reportes,Surco,2023-02-17,Activo,2025,02,2025-02,50.0,173.74892857142856,94.3875,6.058571428571429,75.07,82.64285714285714,85.46428571428571,14.785714285714286,27217.0,23215.0,100.0,87.75,0.0,143.7,63.21,54.64,Adecuado,Por mejorar,Crítico,Adecuado,Crítico,Crítico,75.97,Ámbar,6.98,Rojo,65.97,2025-03
50331281,Fernando García Cabrera,Gestión de Reportes,Surco,2023-02-17,Activo,2025,03,2025-03,55.0,197.12678571428572,95.18857142857142,5.845714285714286,67.12,81.85714285714286,86.82142857142857,14.464285714285714,28303.0,24604.0,150.0,101.89,15.43,64.2,59.29,68.21,Adecuado,Adecuado,Crítico,Crítico,Crítico,Crítico,65.97,Rojo,6.84,Rojo,49.3,2025-04
50331281,Fernando García Cabrera,Gestión de Reportes,Surco,2023-02-17,Activo,2025,04,2025-04,45.0,189.17857142857142,94.86535714285715,5.933571428571429,68.69,78.92857142857143,87.10714285714286,13.785714285714286,26502.0,23060.0,0.0,97.31,6.64,79.9,44.64,71.07,Crítico,Por mejorar,Crítico,Por mejorar,Crítico,Por mejorar,49.3,Rojo,6.79,Rojo,55.46,2025-05
50331281,Fernando García Cabrera,Gestión de Reportes,Surco,2023-02-17,Activo,2025,05,2025-05,55.0,198.89678571428573,96.04428571428572,5.962857142857143,69.69,71.64285714285714,84.14285714285714,13.285714285714286,26777.0,22496.0,150.0,110.44,3.71,89.9,8.21,41.43,Adecuado,Adecuado,Crítico,Por mejorar,Crítico,Crítico,55.46,Rojo,6.94,Rojo,34.05,2025-06
50331281,Fernando García Cabrera,Gestión de Reportes,Surco,2023-02-17,Activo,2025,06,2025-06,45.0,188.48392857142858,94.51571428571428,5.9053571428571425,60.76,79.67857142857143,91.75,14.857142857142858,27281.0,24986.0,0.0,90.31,9.46,0.6,48.39,108.75,Crítico,Por mejorar,Crítico,Crítico,Crítico,Adecuado,34.05,Rojo,6.87,Ámbar,83.69,2025-07
50331281,Fernando García Cabrera,Gestión de Reportes,Surco,2023-02-17,Activo,2025,07,2025-07,50.0,196.07357142857143,94.68142857142857,5.740714285714286,76.96,79.85714285714286,89.32142857142857,14.321428571428571,25482.0,22858.0,100.0,93.63,25.93,150.0,49.29,93.21,Adecuado,Por mejorar,Crítico,Adecuado,Crítico,Por mejorar,83.69,Ámbar,6.82,Rojo,37.31,2025-08
50331281,Fernando García Cabrera,Gestión de Reportes,Surco,2023-02-17,Activo,2025,08,2025-08,50.0,195.98357142857142,94.63642857142857,6.203214285714286,61.87,78.17857142857143,84.89285714285714,14.25,25687.0,21894.0,100.0,92.73,0.0,11.7,40.89,48.93,Adecuado,Por mejorar,Crítico,Crítico,Crítico,Crítico,37.31,Rojo,6.95,Rojo,62.63,2025-09
50331281,Fernando García Cabrera,Gestión de Reportes,Surco,2023-02-17,Activo,2025,09,2025-09,55.0,187.05464285714285,93.79892857142858,6.0217857142857145,68.55,80.78571428571429,86.92857142857143,14.5,28242.0,24406.0,150.0,75.98,0.0,78.5,53.93,69.29,Adecuado,Por mejorar,Crítico,Por mejorar,Crítico,Crítico,62.63,Rojo,6.98,Rojo,68.01,2025-10
50331281,Fernando García Cabrera,Gestión de Reportes,Surco,2023-02-17,Activo,2025,10,2025-10,55.0,196.00642857142856,94.64821428571429,5.905,67.83,84.96428571428571,85.28571428571429,15.607142857142858,25409.0,21604.0,150.0,92.96,9.5,71.3,74.82,52.86,Adecuado,Por mejorar,Crítico,Por mejorar,Por mejorar,Crítico,68.01,Rojo,6.92,Rojo,62.59,2025-11
50331281,Fernando García Cabrera,Gestión de Reportes,Surco,2023-02-17,Activo,2025,11,2025-11,45.0,190.12785714285715,95.33964285714286,5.941428571428571,73.9,81.46428571428571,83.75,14.642857142857142,28464.0,23822.0,0.0,103.4,5.86,132.0,57.32,37.5,Crítico,Adecuado,Crítico,Adecuado,Crítico,Crítico,62.59,Rojo,6.98,Ámbar,78.66,2025-12
50331281,Fernando García Cabrera,Gestión de Reportes,Surco,2023-02-17,Activo,2025,12,2025-12,50.0,196.25857142857143,94.76964285714286,5.9660714285714285,77.5,81.5,86.57142857142857,14.607142857142858,26494.0,22888.0,100.0,95.39,3.39,150.0,57.5,65.71,Adecuado,Por mejorar,Crítico,Adecuado,Crítico,Crítico,78.66,Ámbar,6.86,Ámbar,90.15,2026-01
50331281,Fernando García Cabrera,Gestión de Reportes,Surco,2023-02-17,Activo,2026,01,2026-01,55.0,197.74535714285713,95.4875,5.804285714285714,76.7,82.28571428571429,87.89285714285714,15.285714285714286,27152.0,23903.0,150.0,104.88,19.57,150.0,61.43,78.93,Adecuado,Adecuado,Crítico,Adecuado,Crítico,Por mejorar,90.15,Ámbar,6.98,Ámbar,80.75,2026-02
50331281,Fernando García Cabrera,Gestión de Reportes,Surco,2023-02-17,Activo,2026,02,2026-02,50.0,174.41892857142858,94.75214285714286,5.866785714285714,77.98,80.32142857142857,88.17857142857143,14.642857142857142,27861.0,24476.0,100.0,95.04,13.32,150.0,51.61,81.79,Adecuado,Por mejorar,Crítico,Adecuado,Crítico,Por mejorar,80.75,Ámbar,6.98,Rojo,30.38,2026-03
50331281,Fernando García Cabrera,Gestión de Reportes,Surco,2023-02-17,Activo,2026,03,2026-03,45.0,197.15678571428572,95.20321428571428,5.878571428571429,62.02,75.78571428571429,87.21428571428571,13.464285714285714,26096.0,22766.0,0.0,102.03,12.14,13.2,28.93,72.14,Crítico,Adecuado,Crítico,Crítico,Crítico,Por mejorar,30.38,Rojo,6.94,Rojo,43.88,2026-04
50446862,Daniela Aguilar Salazar,Gestión de Reportes,Lima Centro,2023-04-01,Activo,2024,01,2024-01,50.0,196.4467857142857,94.86,6.0025,76.94,83.07142857142857,87.78571428571429,15.142857142857142,26122.0,22527.0,100.0,97.2,0.0,150.0,65.36,77.86,Adecuado,Por mejorar,Crítico,Adecuado,Crítico,Por mejorar,81.35,Ámbar,6.84,Rojo,65.71,2024-02
50446862,Daniela Aguilar Salazar,Gestión de Reportes,Lima Centro,2023-04-01,Activo,2024,02,2024-02,45.0,181.43321428571429,94.61964285714286,5.8425,72.34,84.32142857142857,86.32142857142857,15.5,27611.0,23843.0,0.0,92.39,15.75,116.4,71.61,63.21,Crítico,Por mejorar,Crítico,Adecuado,Por mejorar,Crítico,65.71,Rojo,6.94,Ámbar,72.88,2024-03
50446862,Daniela Aguilar Salazar,Gestión de Reportes,Lima Centro,2023-04-01,Activo,2024,03,2024-03,45.0,196.3382142857143,94.80821428571429,6.036071428571429,77.88,84.03571428571429,88.21428571428571,15.035714285714286,28214.0,24772.0,0.0,96.16,0.0,150.0,70.18,82.14,Crítico,Por mejorar,Crítico,Adecuado,Por mejorar,Por mejorar,72.88,Ámbar,6.97,Rojo,62.81,2024-04
50446862,Daniela Aguilar Salazar,Gestión de Reportes,Lima Centro,2023-04-01,Activo,2024,04,2024-04,45.0,189.33857142857144,94.94571428571429,6.168571428571429,75.59,77.35714285714286,86.5,14.785714285714286,26199.0,22694.0,0.0,98.91,0.0,148.9,36.79,65.0,Crítico,Por mejorar,Crítico,Adecuado,Crítico,Crítico,62.81,Rojo,6.99,Rojo,47.53,2024-05
50446862,Daniela Aguilar Salazar,Gestión de Reportes,Lima Centro,2023-04-01,Activo,2024,05,2024-05,55.0,194.18642857142856,93.76857142857143,5.929285714285714,61.94,78.60714285714286,89.71428571428571,14.214285714285714,26498.0,23783.0,150.0,75.37,7.07,12.4,43.04,97.14,Adecuado,Por mejorar,Crítico,Crítico,Crítico,Por mejorar,47.53,Rojo,6.98,Ámbar,87.25,2024-06
50446862,Daniela Aguilar Salazar,Gestión de Reportes,Lima Centro,2023-04-01,Activo,2024,06,2024-06,55.0,189.08607142857142,94.81821428571429,5.708214285714286,76.95,80.67857142857143,85.92857142857143,14.392857142857142,27557.0,23628.0,150.0,96.36,29.18,150.0,53.39,59.29,Adecuado,Por mejorar,Crítico,Adecuado,Crítico,Crítico,87.25,Ámbar,6.84,Rojo,66.94,2024-07
50446862,Daniela Aguilar Salazar,Gestión de Reportes,Lima Centro,2023-04-01,Activo,2024,07,2024-07,45.0,195.54035714285715,94.42285714285714,6.069285714285714,78.94,83.82142857142857,83.32142857142857,15.25,26300.0,21722.0,0.0,88.46,0.0,150.0,69.11,33.21,Crítico,Por mejorar,Crítico,Adecuado,Crítico,Crítico,66.94,Rojo,7.0,Ámbar,79.52,2024-08
50446862,Daniela Aguilar Salazar,Gestión de Reportes,Lima Centro,2023-04-01,Activo,2024,08,2024-08,55.0,197.23285714285714,95.23964285714285,6.1153571428571425,77.52,78.82142857142857,85.75,14.857142857142858,26449.0,22660.0,150.0,102.4,0.0,150.0,44.11,57.5,Adecuado,Adecuado,Crítico,Adecuado,Crítico,Crítico,79.52,Ámbar,6.96,Rojo,29.01,2024-09
50446862,Daniela Aguilar Salazar,Gestión de Reportes,Lima Centro,2023-04-01,Activo,2024,09,2024-09,45.0,188.65857142857143,94.60392857142857,5.8975,61.46,79.10714285714286,84.46428571428571,14.642857142857142,26784.0,22592.0,0.0,92.08,10.25,7.6,45.54,44.64,Crítico,Por mejorar,Crítico,Crítico,Crítico,Crítico,29.01,Rojo,6.99,Rojo,68.62,2024-10
50446862,Daniela Aguilar Salazar,Gestión de Reportes,Lima Centro,2023-04-01,Activo,2024,10,2024-10,45.0,198.66357142857143,95.93214285714286,5.949642857142857,77.82,78.57142857142857,88.46428571428571,14.321428571428571,25462.0,22464.0,0.0,109.32,5.04,150.0,42.86,84.64,Crítico,Adecuado,Crítico,Adecuado,Crítico,Por mejorar,68.62,Rojo,6.92,Ámbar,74.81,2024-11
50446862,Daniela Aguilar Salazar,Gestión de Reportes,Lima Centro,2023-04-01,Activo,2024,11,2024-11,45.0,191.45392857142858,96.00607142857143,5.785,72.67,85.75,89.89285714285714,15.392857142857142,26913.0,24146.0,0.0,110.06,21.5,119.7,78.75,98.93,Crítico,Adecuado,Crítico,Adecuado,Por mejorar,Por mejorar,74.81,Ámbar,6.85,Rojo,49.44,2024-12
50446862,Daniela Aguilar Salazar,Gestión de Reportes,Lima Centro,2023-04-01,Activo,2024,12,2024-12,45.0,195.95357142857142,94.62214285714286,6.036785714285714,68.91,80.82142857142857,86.14285714285714,14.607142857142858,25800.0,22365.0,0.0,92.44,0.0,82.1,54.11,61.43,Crítico,Por mejorar,Crítico,Por mejorar,Crítico,Crítico,49.44,Rojo,6.98,Rojo,47.4,2025-01
50446862,Daniela Aguilar Salazar,Gestión de Reportes,Lima Centro,2023-04-01,Activo,2025,01,2025-01,45.0,195.45964285714285,94.38428571428571,6.058571428571429,67.3,80.67857142857143,88.78571428571429,14.785714285714286,25922.0,22908.0,0.0,87.69,0.0,66.0,53.39,87.86,Crítico,Por mejorar,Crítico,Crítico,Crítico,Por mejorar,47.4,Rojo,6.86,Ámbar,90.36,2025-02
50446862,Daniela Aguilar Salazar,Gestión de Reportes,Lima Centro,2023-04-01,Activo,2025,02,2025-02,55.0,175.3982142857143,95.28428571428572,5.767857142857143,75.07,81.60714285714286,90.0,15.535714285714286,25752.0,23066.0,150.0,102.84,23.21,143.7,58.04,100.0,Adecuado,Adecuado,Crítico,Adecuado,Crítico,Adecuado,90.36,Ámbar,6.85,Rojo,59.03,2025-03
50446862,Daniela Aguilar Salazar,Gestión de Reportes,Lima Centro,2023-04-01,Activo,2025,03,2025-03,55.0,196.22321428571428,94.75214285714286,5.976428571428571,67.12,79.89285714285714,85.64285714285714,14.0,27045.0,23010.0,150.0,95.04,2.36,64.2,49.46,56.43,Adecuado,Por mejorar,Crítico,Crítico,Crítico,Crítico,59.03,Rojo,6.98,Rojo,55.81,2025-04
50446862,Daniela Aguilar Salazar,Gestión de Reportes,Lima Centro,2023-04-01,Activo,2025,04,2025-04,45.0,190.8617857142857,95.70928571428571,6.093214285714286,68.69,83.78571428571429,87.89285714285714,14.892857142857142,28923.0,25332.0,0.0,107.09,0.0,79.9,68.93,78.93,Crítico,Adecuado,Crítico,Por mejorar,Crítico,Por mejorar,55.81,Rojo,6.77,Rojo,67.86,2025-05
50446862,Daniela Aguilar Salazar,Gestión de Reportes,Lima Centro,2023-04-01,Activo,2025,05,2025-05,50.0,195.66571428571427,94.48321428571428,5.945714285714286,69.69,85.60714285714286,85.82142857142857,15.892857142857142,26290.0,22658.0,100.0,89.66,5.43,89.9,78.04,58.21,Adecuado,Por mejorar,Crítico,Por mejorar,Por mejorar,Crítico,67.86,Rojo,6.92,Rojo,34.36,2025-06
50446862,Daniela Aguilar Salazar,Gestión de Reportes,Lima Centro,2023-04-01,Activo,2025,06,2025-06,50.0,189.48,95.01571428571428,5.845357142857143,60.76,74.14285714285714,85.92857142857143,14.0,24588.0,21127.0,100.0,100.16,15.46,0.6,20.71,59.29,Adecuado,Adecuado,Crítico,Crítico,Crítico,Crítico,34.36,Rojo,6.96,Rojo,65.84,2025-07
50446862,Daniela Aguilar Salazar,Gestión de Reportes,Lima Centro,2023-04-01,Activo,2025,07,2025-07,45.0,196.24607142857144,94.76285714285714,5.9246428571428575,76.96,76.92857142857143,88.64285714285714,13.714285714285714,26239.0,23212.0,0.0,95.26,7.54,150.0,34.64,86.43,Crítico,Por mejorar,Crítico,Adecuado,Crítico,Por mejorar,65.84,Rojo,6.99,Rojo,33.22,2025-08
50446862,Daniela Aguilar Salazar,Gestión de Reportes,Lima Centro,2023-04-01,Activo,2025,08,2025-08,45.0,195.31178571428572,94.31321428571428,5.932857142857143,61.87,79.75,88.14285714285714,14.142857142857142,27963.0,24619.0,0.0,86.26,6.71,11.7,48.75,81.43,Crítico,Por mejorar,Crítico,Crítico,Crítico,Por mejorar,33.22,Rojo,6.99,Rojo,58.37,2025-09
50446862,Daniela Aguilar Salazar,Gestión de Reportes,Lima Centro,2023-04-01,Activo,2025,09,2025-09,45.0,188.75107142857144,94.65,5.8167857142857144,68.55,84.96428571428571,87.07142857142857,15.392857142857142,26723.0,23332.0,0.0,93.0,18.32,78.5,74.82,70.71,Crítico,Por mejorar,Crítico,Por mejorar,Por mejorar,Por mejorar,58.37,Rojo,6.98,Rojo,56.03,2025-10
50446862,Daniela Aguilar Salazar,Gestión de Reportes,Lima Centro,2023-04-01,Activo,2025,10,2025-10,50.0,195.6325,94.46785714285714,6.144642857142857,67.83,81.64285714285714,84.71428571428571,15.035714285714286,26375.0,22147.0,100.0,89.36,0.0,71.3,58.21,47.14,Adecuado,Por mejorar,Crítico,Por mejorar,Crítico,Crítico,56.03,Rojo,6.98,Rojo,67.37,2025-11
50446862,Daniela Aguilar Salazar,Gestión de Reportes,Lima Centro,2023-04-01,Activo,2025,11,2025-11,45.0,190.11928571428572,95.33571428571429,5.962142857142857,73.9,81.10714285714286,89.39285714285714,14.464285714285714,25817.0,23181.0,0.0,103.36,3.79,132.0,55.54,93.93,Crítico,Adecuado,Crítico,Adecuado,Crítico,Por mejorar,67.37,Rojo,6.95,Ámbar,83.9,2025-12
50446862,Daniela Aguilar Salazar,Gestión de Reportes,Lima Centro,2023-04-01,Activo,2025,12,2025-12,50.0,199.3282142857143,96.2525,5.944642857142857,77.5,82.17857142857143,88.82142857142857,15.035714285714286,27437.0,24323.0,100.0,112.53,5.54,150.0,60.89,88.21,Adecuado,Adecuado,Crítico,Adecuado,Crítico,Por mejorar,83.9,Ámbar,6.95,Rojo,67.57,2026-01
50446862,Daniela Aguilar Salazar,Gestión de Reportes,Lima Centro,2023-04-01,Activo,2026,01,2026-01,45.0,197.03607142857143,95.14642857142857,6.050714285714285,76.7,79.25,88.35714285714286,13.964285714285714,26737.0,23655.0,0.0,101.46,0.0,150.0,46.25,83.57,Crítico,Adecuado,Crítico,Adecuado,Crítico,Por mejorar,67.57,Rojo,6.82,Ámbar,71.02,2026-02
50446862,Daniela Aguilar Salazar,Gestión de Reportes,Lima Centro,2023-04-01,Activo,2026,02,2026-02,50.0,175.59642857142856,95.39142857142858,6.091785714285714,77.98,76.21428571428571,85.35714285714286,14.321428571428571,24897.0,21400.0,100.0,103.91,0.0,150.0,31.07,53.57,Adecuado,Adecuado,Crítico,Adecuado,Crítico,Crítico,71.02,Ámbar,6.99,Rojo,56.32,2026-03
50446862,Daniela Aguilar Salazar,Gestión de Reportes,Lima Centro,2023-04-01,Activo,2026,03,2026-03,55.0,196.85071428571428,95.05571428571429,5.992857142857143,62.02,84.57142857142857,89.60714285714286,15.214285714285714,26509.0,23686.0,150.0,100.56,0.71,13.2,72.86,96.07,Adecuado,Adecuado,Crítico,Crítico,Por mejorar,Por mejorar,56.32,Rojo,6.95,Rojo,48.2,2026-04
53276073,Claudia Aguilar Flores,Central de Emergencias,San Isidro,2023-11-08,Activo,2024,01,2024-01,50.0,194.82214285714286,94.07535714285714,5.954642857142857,76.94,79.67857142857143,88.17857142857143,14.785714285714286,27922.0,24672.0,100.0,81.51,4.54,150.0,48.39,81.79,Adecuado,Por mejorar,Crítico,Adecuado,Crítico,Por mejorar,76.84,Ámbar,6.97,Rojo,67.22,2024-02
53276073,Claudia Aguilar Flores,Central de Emergencias,San Isidro,2023-11-08,Activo,2024,02,2024-02,45.0,182.35142857142858,95.0975,5.770714285714286,72.34,80.39285714285714,90.89285714285714,14.535714285714286,27316.0,24871.0,0.0,100.98,22.93,116.4,51.96,104.46,Crítico,Adecuado,Crítico,Adecuado,Crítico,Adecuado,67.22,Rojo,6.92,Ámbar,70.65,2024-03
53276073,Claudia Aguilar Flores,Central de Emergencias,San Isidro,2023-11-08,Activo,2024,03,2024-03,45.0,197.5725,95.40392857142857,6.043571428571429,77.88,82.14285714285714,87.57142857142857,14.571428571428571,27059.0,23528.0,0.0,104.04,0.0,150.0,60.71,75.71,Crítico,Adecuado,Crítico,Adecuado,Crítico,Por mejorar,70.65,Ámbar,6.97,Ámbar,79.61,2024-04
53276073,Claudia Aguilar Flores,Central de Emergencias,San Isidro,2023-11-08,Activo,2024,04,2024-04,55.0,188.40964285714287,94.47857142857143,5.8532142857142855,75.59,81.25,81.42857142857143,14.714285714285714,24762.0,20361.0,150.0,89.57,14.68,148.9,56.25,14.29,Adecuado,Por mejorar,Crítico,Adecuado,Crítico,Crítico,79.61,Ámbar,6.55,Rojo,44.96,2024-05
53276073,Claudia Aguilar Flores,Central de Emergencias,San Isidro,2023-11-08,Activo,2024,05,2024-05,50.0,197.43035714285713,95.335,6.053928571428571,61.94,79.17857142857143,90.10714285714286,14.821428571428571,26810.0,24321.0,100.0,103.35,0.0,12.4,45.89,100.54,Adecuado,Adecuado,Crítico,Crítico,Crítico,Adecuado,44.96,Rojo,6.95,Ámbar,89.19,2024-06
53276073,Claudia Aguilar Flores,Central de Emergencias,San Isidro,2023-11-08,Activo,2024,06,2024-06,55.0,189.55678571428572,95.05392857142857,5.882857142857143,76.95,85.32142857142857,85.14285714285714,15.535714285714286,27339.0,23237.0,150.0,100.54,11.71,150.0,76.61,51.43,Adecuado,Adecuado,Crítico,Adecuado,Por mejorar,Crítico,89.19,Ámbar,6.98,Ámbar,80.85,2024-07
53276073,Claudia Aguilar Flores,Central de Emergencias,San Isidro,2023-11-08,Activo,2024,07,2024-07,50.0,196.0325,94.66071428571429,5.9192857142857145,78.94,81.78571428571429,87.67857142857143,14.785714285714286,27786.0,24454.0,100.0,93.21,8.07,150.0,58.93,76.79,Adecuado,Por mejorar,Crítico,Adecuado,Crítico,Por mejorar,80.85,Ámbar,6.96,Ámbar,79.37,2024-08
53276073,Claudia Aguilar Flores,Central de Emergencias,San Isidro,2023-11-08,Activo,2024,08,2024-08,50.0,196.34821428571428,94.81214285714286,5.703571428571428,77.52,75.82142857142857,89.03571428571429,14.107142857142858,25610.0,22628.0,100.0,96.24,29.64,150.0,29.11,90.36,Adecuado,Por mejorar,Crítico,Adecuado,Crítico,Por mejorar,79.37,Ámbar,6.98,Rojo,45.91,2024-09
53276073,Claudia Aguilar Flores,Central de Emergencias,San Isidro,2023-11-08,Activo,2024,09,2024-09,55.0,189.27892857142857,94.91464285714285,5.859285714285714,61.46,79.03571428571429,85.07142857142857,14.392857142857142,24986.0,20985.0,150.0,98.29,14.07,7.6,45.18,50.71,Adecuado,Por mejorar,Crítico,Crítico,Crítico,Crítico,45.91,Rojo,6.92,Ámbar,79.39,2024-10
53276073,Claudia Aguilar Flores,Central de Emergencias,San Isidro,2023-11-08,Activo,2024,10,2024-10,50.0,197.47214285714287,95.35607142857143,5.8875,77.82,77.42857142857143,90.0,14.142857142857142,25305.0,22708.0,100.0,103.56,11.25,150.0,37.14,100.0,Adecuado,Adecuado,Crítico,Adecuado,Crítico,Adecuado,79.39,Ámbar,6.97,Ámbar,73.99,2024-11
53276073,Claudia Aguilar Flores,Central de Emergencias,San Isidro,2023-11-08,Activo,2024,11,2024-11,50.0,189.38785714285714,94.96964285714286,5.751428571428572,72.67,80.32142857142857,86.25,14.535714285714286,25350.0,21796.0,100.0,99.39,24.86,119.7,51.61,62.5,Adecuado,Por mejorar,Crítico,Adecuado,Crítico,Crítico,73.99,Ámbar,6.93,Rojo,57.97,2024-12
53276073,Claudia Aguilar Flores,Central de Emergencias,San Isidro,2023-11-08,Activo,2024,12,2024-12,50.0,195.87428571428572,94.585,5.8757142857142854,68.91,77.17857142857143,86.82142857142857,14.5,27028.0,23486.0,100.0,91.7,12.43,82.1,35.89,68.21,Adecuado,Por mejorar,Crítico,Por mejorar,Crítico,Crítico,57.97,Rojo,6.88,Rojo,50.62,2025-01
53276073,Claudia Aguilar Flores,Central de Emergencias,San Isidro,2023-11-08,Activo,2025,01,2025-01,50.0,196.22071428571428,94.75071428571428,5.936428571428571,67.3,75.10714285714286,86.96428571428571,14.357142857142858,26274.0,22813.0,100.0,95.01,6.36,66.0,25.54,69.64,Adecuado,Por mejorar,Crítico,Crítico,Crítico,Crítico,50.62,Rojo,6.99,Rojo,60.17,2025-02
53276073,Claudia Aguilar Flores,Central de Emergencias,San Isidro,2023-11-08,Activo,2025,02,2025-02,45.0,175.14607142857142,95.14714285714285,6.0575,75.07,73.25,90.07142857142857,13.428571428571429,23393.0,21107.0,0.0,101.47,0.0,143.7,16.25,100.36,Crítico,Adecuado,Crítico,Adecuado,Crítico,Adecuado,60.17,Rojo,6.87,Rojo,54.79,2025-03
53276073,Claudia Aguilar Flores,Central de Emergencias,San Isidro,2023-11-08,Activo,2025,03,2025-03,55.0,197.0742857142857,95.16321428571429,6.008928571428571,67.12,75.89285714285714,86.21428571428571,13.821428571428571,27872.0,24133.0,150.0,101.63,0.0,64.2,29.46,62.14,Adecuado,Adecuado,Crítico,Crítico,Crítico,Crítico,54.79,Rojo,6.96,Rojo,56.52,2025-04
53276073,Claudia Aguilar Flores,Central de Emergencias,San Isidro,2023-11-08,Activo,2025,04,2025-04,50.0,188.80714285714285,94.67785714285715,6.033214285714286,68.69,78.32142857142857,86.78571428571429,14.071428571428571,25919.0,22505.0,100.0,93.56,0.0,79.9,41.61,67.86,Adecuado,Por mejorar,Crítico,Por mejorar,Crítico,Crítico,56.52,Rojo,6.89,Rojo,62.87,2025-05
53276073,Claudia Aguilar Flores,Central de Emergencias,San Isidro,2023-11-08,Activo,2025,05,2025-05,50.0,198.2332142857143,95.72392857142857,5.912857142857143,69.69,76.85714285714286,89.35714285714286,13.464285714285714,26992.0,23974.0,100.0,107.24,8.71,89.9,34.29,93.57,Adecuado,Adecuado,Crítico,Por mejorar,Crítico,Por mejorar,62.87,Rojo,6.98,Rojo,41.56,2025-06
53276073,Claudia Aguilar Flores,Central de Emergencias,San Isidro,2023-11-08,Activo,2025,06,2025-06,55.0,190.40321428571428,95.47821428571429,5.839285714285714,60.76,74.71428571428571,86.82142857142857,14.107142857142858,27814.0,24081.0,150.0,104.78,16.07,0.6,23.57,68.21,Adecuado,Adecuado,Crítico,Crítico,Crítico,Crítico,41.56,Rojo,6.96,Ámbar,86.67,2025-07
53276073,Claudia Aguilar Flores,Central de Emergencias,San Isidro,2023-11-08,Activo,2025,07,2025-07,55.0,196.65535714285716,94.96035714285715,6.12,76.96,82.85714285714286,88.17857142857143,15.25,25107.0,22108.0,150.0,99.21,0.0,150.0,64.29,81.79,Adecuado,Por mejorar,Crítico,Adecuado,Crítico,Por mejorar,86.67,Ámbar,6.85,Rojo,40.77,2025-08
53276073,Claudia Aguilar Flores,Central de Emergencias,San Isidro,2023-11-08,Activo,2025,08,2025-08,50.0,197.00714285714287,95.13107142857143,6.076785714285714,61.87,78.42857142857143,87.17857142857143,14.428571428571429,29697.0,25794.0,100.0,101.31,0.0,11.7,42.14,71.79,Adecuado,Adecuado,Crítico,Crítico,Crítico,Por mejorar,40.77,Rojo,6.93,Rojo,55.41,2025-09
53276073,Claudia Aguilar Flores,Central de Emergencias,San Isidro,2023-11-08,Activo,2025,09,2025-09,45.0,192.37428571428572,96.46678571428572,5.7821428571428575,68.55,79.53571428571429,88.03571428571429,14.5,26171.0,23133.0,0.0,114.67,21.79,78.5,47.68,80.36,Crítico,Adecuado,Crítico,Por mejorar,Crítico,Por mejorar,55.41,Rojo,6.93,Rojo,50.79,2025-10
53276073,Claudia Aguilar Flores,Central de Emergencias,San Isidro,2023-11-08,Activo,2025,10,2025-10,45.0,196.92785714285714,95.09142857142857,5.8914285714285715,67.83,81.10714285714286,86.82142857142857,14.964285714285714,25851.0,22436.0,0.0,100.91,10.86,71.3,55.54,68.21,Crítico,Adecuado,Crítico,Por mejorar,Crítico,Crítico,50.79,Rojo,6.83,Ámbar,78.79,2025-11
53276073,Claudia Aguilar Flores,Central de Emergencias,San Isidro,2023-11-08,Activo,2025,11,2025-11,50.0,190.03464285714287,95.29428571428572,5.913928571428571,73.9,81.07142857142857,89.92857142857143,14.785714285714286,24717.0,22094.0,100.0,102.94,8.61,132.0,55.36,99.29,Adecuado,Adecuado,Crítico,Adecuado,Crítico,Por mejorar,78.79,Ámbar,6.93,Ámbar,75.7,2025-12
53276073,Claudia Aguilar Flores,Central de Emergencias,San Isidro,2023-11-08,Activo,2025,12,2025-12,50.0,197.16142857142856,95.20607142857143,5.9871428571428575,77.5,78.92857142857143,86.57142857142857,14.214285714285714,25302.0,21726.0,100.0,102.06,1.29,150.0,44.64,65.71,Adecuado,Adecuado,Crítico,Adecuado,Crítico,Crítico,75.7,Ámbar,6.95,Ámbar,76.8,2026-01
53276073,Claudia Aguilar Flores,Central de Emergencias,San Isidro,2023-11-08,Activo,2026,01,2026-01,55.0,194.45,93.89607142857143,5.975357142857143,76.7,76.78571428571429,87.53571428571429,13.785714285714286,26943.0,23520.0,150.0,77.92,2.46,150.0,33.93,75.36,Adecuado,Por mejorar,Crítico,Adecuado,Crítico,Por mejorar,76.8,Ámbar,6.79,Ámbar,75.71,2026-02
53276073,Claudia Aguilar Flores,Central de Emergencias,San Isidro,2023-11-08,Activo,2026,02,2026-02,50.0,172.8917857142857,93.92214285714286,5.963571428571429,77.98,82.14285714285714,84.46428571428571,14.857142857142858,26962.0,22842.0,100.0,78.44,3.64,150.0,60.71,44.64,Adecuado,Por mejorar,Crítico,Adecuado,Crítico,Crítico,75.71,Ámbar,6.99,Rojo,47.88,2026-03
53276073,Claudia Aguilar Flores,Central de Emergencias,San Isidro,2023-11-08,Activo,2026,03,2026-03,55.0,197.09785714285715,95.17464285714286,6.2282142857142855,62.02,78.32142857142857,89.0,14.25,25731.0,22857.0,150.0,101.75,0.0,13.2,41.61,90.0,Adecuado,Adecuado,Crítico,Crítico,Crítico,Por mejorar,47.88,Rojo,6.89,Rojo,54.14,2026-04
53683480,Andrés Huamán Rodríguez,Atención Operativa,San Isidro,2023-12-06,Activo,2024,01,2024-01,55.0,195.5157142857143,94.41178571428571,5.913928571428571,76.94,81.32142857142857,85.46428571428571,14.928571428571429,26795.0,23048.0,150.0,88.24,8.61,150.0,56.61,54.64,Adecuado,Por mejorar,Crítico,Adecuado,Crítico,Crítico,82.66,Ámbar,6.97,Rojo,64.75,2024-02
53683480,Andrés Huamán Rodríguez,Atención Operativa,San Isidro,2023-12-06,Activo,2024,02,2024-02,45.0,181.385,94.59428571428572,5.863928571428572,72.34,81.82142857142857,88.96428571428571,14.857142857142858,27836.0,24734.0,0.0,91.89,13.61,116.4,59.11,89.64,Crítico,Por mejorar,Crítico,Adecuado,Crítico,Por mejorar,64.75,Rojo,6.83,Ámbar,92.73,2024-03
53683480,Andrés Huamán Rodríguez,Atención Operativa,San Isidro,2023-12-06,Activo,2024,03,2024-03,55.0,197.41571428571427,95.32785714285714,5.959642857142857,77.88,85.35714285714286,89.89285714285714,15.678571428571429,27065.0,24448.0,150.0,103.28,4.04,150.0,76.79,98.93,Adecuado,Adecuado,Crítico,Adecuado,Por mejorar,Por mejorar,92.73,Ámbar,6.94,Ámbar,80.06,2024-04
53683480,Andrés Huamán Rodríguez,Atención Operativa,San Isidro,2023-12-06,Activo,2024,04,2024-04,50.0,187.89642857142857,94.22142857142858,6.152857142857143,75.59,81.57142857142857,89.92857142857143,14.714285714285714,24760.0,22134.0,100.0,84.43,0.0,148.9,57.86,99.29,Adecuado,Por mejorar,Crítico,Adecuado,Crítico,Por mejorar,80.06,Ámbar,7.0,Rojo,49.09,2024-05
53683480,Andrés Huamán Rodríguez,Atención Operativa,San Isidro,2023-12-06,Activo,2024,05,2024-05,50.0,197.36142857142858,95.30357142857143,5.906428571428571,61.94,80.67857142857143,90.92857142857143,14.392857142857142,26525.0,24070.0,100.0,103.04,9.36,12.4,53.39,104.64,Adecuado,Adecuado,Crítico,Crítico,Crítico,Adecuado,49.09,Rojo,6.91,Rojo,65.13,2024-06
53683480,Andrés Huamán Rodríguez,Atención Operativa,San Isidro,2023-12-06,Activo,2024,06,2024-06,45.0,188.835,94.6925,6.165357142857143,76.95,79.82142857142857,85.96428571428571,14.714285714285714,27025.0,23345.0,0.0,93.85,0.0,150.0,49.11,59.64,Crítico,Por mejorar,Crítico,Adecuado,Crítico,Crítico,65.13,Rojo,6.99,Ámbar,75.33,2024-07
53683480,Andrés Huamán Rodríguez,Atención Operativa,San Isidro,2023-12-06,Activo,2024,07,2024-07,45.0,196.23214285714286,94.7575,5.885714285714286,78.94,82.96428571428571,89.82142857142857,14.75,26724.0,23960.0,0.0,95.15,11.43,150.0,64.82,98.21,Crítico,Por mejorar,Crítico,Adecuado,Crítico,Por mejorar,75.33,Ámbar,6.94,Ámbar,75.05,2024-08
53683480,Andrés Huamán Rodríguez,Atención Operativa,San Isidro,2023-12-06,Activo,2024,08,2024-08,50.0,195.8867857142857,94.59,6.006785714285714,77.52,79.92857142857143,85.96428571428571,14.285714285714286,27737.0,24033.0,100.0,91.8,0.0,150.0,49.64,59.64,Adecuado,Por mejorar,Crítico,Adecuado,Crítico,Crítico,75.05,Ámbar,7.0,Rojo,47.82,2024-09
53683480,Andrés Huamán Rodríguez,Atención Operativa,San Isidro,2023-12-06,Activo,2024,09,2024-09,50.0,189.88607142857143,95.22,5.998214285714286,61.46,85.67857142857143,86.07142857142857,15.75,25956.0,22242.0,100.0,102.2,0.18,7.6,78.39,60.71,Adecuado,Adecuado,Crítico,Crítico,Por mejorar,Crítico,47.82,Rojo,7.0,Rojo,60.28,2024-10
53683480,Andrés Huamán Rodríguez,Atención Operativa,San Isidro,2023-12-06,Activo,2024,10,2024-10,45.0,196.3632142857143,94.82,6.095357142857143,77.82,74.71428571428571,87.25,14.0,24655.0,21451.0,0.0,96.4,0.0,150.0,23.57,72.5,Crítico,Por mejorar,Crítico,Adecuado,Crítico,Por mejorar,60.28,Rojo,6.99,Rojo,67.53,2024-11
53683480,Andrés Huamán Rodríguez,Atención Operativa,San Isidro,2023-12-06,Activo,2024,11,2024-11,50.0,189.73285714285714,95.14107142857142,5.951785714285714,72.67,75.85714285714286,89.17857142857143,13.892857142857142,28833.0,25697.0,100.0,101.41,4.82,119.7,29.29,91.79,Adecuado,Adecuado,Crítico,Adecuado,Crítico,Por mejorar,67.53,Rojo,6.94,Rojo,59.94,2024-12
53683480,Andrés Huamán Rodríguez,Atención Operativa,San Isidro,2023-12-06,Activo,2024,12,2024-12,50.0,197.44535714285715,95.34285714285714,5.843928571428571,68.91,77.78571428571429,86.21428571428571,13.75,24003.0,20537.0,100.0,103.43,15.61,82.1,38.93,62.14,Adecuado,Adecuado,Crítico,Por mejorar,Crítico,Crítico,59.94,Rojo,6.92,Rojo,62.32,2025-01
53683480,Andrés Huamán Rodríguez,Atención Operativa,San Isidro,2023-12-06,Activo,2025,01,2025-01,55.0,196.78571428571428,95.02392857142857,5.886071428571428,67.3,78.64285714285714,87.71428571428571,14.142857142857142,27576.0,24192.0,150.0,100.24,11.39,66.0,43.21,77.14,Adecuado,Adecuado,Crítico,Crítico,Crítico,Por mejorar,62.32,Rojo,6.96,Ámbar,70.75,2025-02
53683480,Andrés Huamán Rodríguez,Atención Operativa,San Isidro,2023-12-06,Activo,2025,02,2025-02,50.0,174.78285714285715,94.94928571428571,5.980714285714286,75.07,75.57142857142857,87.57142857142857,13.714285714285714,26801.0,23361.0,100.0,98.99,1.93,143.7,27.86,75.71,Adecuado,Por mejorar,Crítico,Adecuado,Crítico,Por mejorar,70.75,Ámbar,6.95,Rojo,66.15,2025-03
53683480,Andrés Huamán Rodríguez,Atención Operativa,San Isidro,2023-12-06,Activo,2025,03,2025-03,55.0,197.49392857142857,95.36535714285715,5.8532142857142855,67.12,83.32142857142857,85.14285714285714,15.571428571428571,26261.0,22343.0,150.0,103.65,14.68,64.2,66.61,51.43,Adecuado,Adecuado,Crítico,Crítico,Crítico,Crítico,66.15,Rojo,6.99,Rojo,54.87,2025-04
53683480,Andrés Huamán Rodríguez,Atención Operativa,San Isidro,2023-12-06,Activo,2025,04,2025-04,45.0,188.84892857142856,94.7,5.8132142857142854,68.69,81.32142857142857,87.60714285714286,15.035714285714286,26268.0,22977.0,0.0,94.0,18.68,79.9,56.61,76.07,Crítico,Por mejorar,Crítico,Por mejorar,Crítico,Por mejorar,54.87,Rojo,6.97,Rojo,51.45,2025-05
53683480,Andrés Huamán Rodríguez,Atención Operativa,San Isidro,2023-12-06,Activo,2025,05,2025-05,45.0,197.87607142857144,95.55071428571429,6.086071428571429,69.69,78.14285714285714,88.25,14.607142857142858,27518.0,24158.0,0.0,105.51,0.0,89.9,40.71,82.5,Crítico,Adecuado,Crítico,Por mejorar,Crítico,Por mejorar,51.45,Rojo,6.98,Rojo,27.73,2025-06
53683480,Andrés Huamán Rodríguez,Atención Operativa,San Isidro,2023-12-06,Activo,2025,06,2025-06,45.0,189.42464285714286,94.98821428571429,5.914285714285715,60.76,78.71428571428571,85.0,14.178571428571429,25917.0,21697.0,0.0,99.76,8.57,0.6,43.57,50.0,Crítico,Por mejorar,Crítico,Crítico,Crítico,Crítico,27.73,Rojo,6.91,Ámbar,76.46,2025-07
53683480,Andrés Huamán Rodríguez,Atención Operativa,San Isidro,2023-12-06,Activo,2025,07,2025-07,50.0,196.98892857142857,95.12214285714286,5.9575,76.96,79.10714285714286,86.60714285714286,14.428571428571429,25862.0,22216.0,100.0,101.22,4.25,150.0,45.54,66.07,Adecuado,Adecuado,Crítico,Adecuado,Crítico,Crítico,76.46,Ámbar,6.93,Rojo,47.03,2025-08
53683480,Andrés Huamán Rodríguez,Atención Operativa,San Isidro,2023-12-06,Activo,2025,08,2025-08,55.0,196.76964285714286,95.01785714285714,5.969285714285714,61.87,76.89285714285714,89.85714285714286,14.071428571428571,26823.0,24076.0,150.0,100.18,3.07,11.7,34.46,98.57,Adecuado,Adecuado,Crítico,Crítico,Crítico,Por mejorar,47.03,Rojo,6.97,Ámbar,77.63,2025-09
53683480,Andrés Huamán Rodríguez,Atención Operativa,San Isidro,2023-12-06,Activo,2025,09,2025-09,55.0,189.7375,95.14428571428572,5.868214285714286,68.55,86.60714285714286,89.46428571428571,16.107142857142858,25790.0,23070.0,150.0,101.44,13.18,78.5,83.04,94.64,Adecuado,Adecuado,Crítico,Por mejorar,Por mejorar,Por mejorar,77.63,Ámbar,6.96,Rojo,55.73,2025-10
53683480,Andrés Huamán Rodríguez,Atención Operativa,San Isidro,2023-12-06,Activo,2025,10,2025-10,50.0,196.55464285714285,94.91214285714285,6.062142857142857,67.83,79.46428571428571,86.25,14.75,26951.0,23105.0,100.0,98.24,0.0,71.3,47.32,62.5,Adecuado,Por mejorar,Crítico,Por mejorar,Crítico,Crítico,55.73,Rojo,7.0,Rojo,67.32,2025-11
53683480,Andrés Huamán Rodríguez,Atención Operativa,San Isidro,2023-12-06,Activo,2025,11,2025-11,45.0,187.7307142857143,94.13821428571428,5.926071428571428,73.9,83.39285714285714,87.82142857142857,15.75,26354.0,23138.0,0.0,82.76,7.39,132.0,66.96,78.21,Crítico,Por mejorar,Crítico,Adecuado,Crítico,Por mejorar,67.32,Rojo,6.79,Ámbar,85.82,2025-12
53683480,Andrés Huamán Rodríguez,Atención Operativa,San Isidro,2023-12-06,Activo,2025,12,2025-12,55.0,195.09607142857143,94.20821428571429,5.956428571428571,77.5,82.14285714285714,88.85714285714286,15.642857142857142,27606.0,24507.0,150.0,84.16,4.36,150.0,60.71,88.57,Adecuado,Por mejorar,Crítico,Adecuado,Crítico,Por mejorar,85.82,Ámbar,6.89,Ámbar,89.98,2026-01
53683480,Andrés Huamán Rodríguez,Atención Operativa,San Isidro,2023-12-06,Activo,2026,01,2026-01,55.0,196.06464285714284,94.67535714285714,5.882142857142857,76.7,85.21428571428571,86.75,15.428571428571429,24630.0,21248.0,150.0,93.51,11.79,150.0,76.07,67.5,Adecuado,Por mejorar,Crítico,Adecuado,Por mejorar,Crítico,89.98,Ámbar,6.96,Rojo,62.16,2026-02
53683480,Andrés Huamán Rodríguez,Atención Operativa,San Isidro,2023-12-06,Activo,2026,02,2026-02,45.0,174.11785714285713,94.58821428571429,6.0175,77.98,77.78571428571429,85.75,13.857142857142858,26988.0,23207.0,0.0,91.76,0.0,150.0,38.93,57.5,Crítico,Por mejorar,Crítico,Adecuado,Crítico,Crítico,62.16,Rojo,6.98,Rojo,41.47,2026-03
53683480,Andrés Huamán Rodríguez,Atención Operativa,San Isidro,2023-12-06,Activo,2026,03,2026-03,55.0,196.92392857142858,95.09035714285714,5.948928571428572,62.02,74.92857142857143,85.89285714285714,12.964285714285714,24015.0,20703.0,150.0,100.9,5.11,13.2,24.64,58.93,Adecuado,Adecuado,Crítico,Crítico,Crítico,Crítico,41.47,Rojo,6.88,Rojo,51.34,2026-04
54097330,Gabriela Ramírez Quispe,Atención Operativa,Ate,2022-05-24,Cesado,2024,01,2024-01,45.0,163.751875,79.0725,6.062142857142857,76.94,81.5625,85.26666666666667,15.625,15659.0,13534.0,0.0,0.0,0.0,150.0,57.81,52.67,Crítico,Crítico,Crítico,Adecuado,Crítico,Crítico,57.22,Rojo,6.94,Rojo,56.71,2024-02
54097330,Gabriela Ramírez Quispe,Atención Operativa,Ate,2022-05-24,Cesado,2024,02,2024-02,50.0,157.20947368421054,81.98789473684211,5.874705882352941,72.34,77.72222222222223,85.45454545454545,13.833333333333334,10844.0,9198.0,100.0,0.0,12.53,116.4,38.61,54.55,Adecuado,Crítico,Crítico,Adecuado,Crítico,Crítico,56.71,Rojo,6.87,Ámbar,82.01,2024-03
54097330,Gabriela Ramírez Quispe,Atención Operativa,Ate,2022-05-24,Cesado,2024,03,2024-03,55.0,168.92882352941177,81.57176470588236,5.788333333333333,77.88,84.0,87.77777777777777,15.352941176470589,17828.0,15685.0,150.0,0.0,21.17,150.0,70.0,77.78,Adecuado,Crítico,Crítico,Adecuado,Por mejorar,Por mejorar,82.01,Ámbar,6.75,Rojo,69.53,2024-04
54097330,Gabriela Ramírez Quispe,Atención Operativa,Ate,2022-05-24,Cesado,2024,04,2024-04,50.0,159.2464705882353,79.85588235294118,5.92,75.59,80.21428571428571,87.93333333333334,14.785714285714286,13546.0,11800.0,100.0,0.0,8.0,148.9,51.07,79.33,Adecuado,Crítico,Crítico,Adecuado,Crítico,Por mejorar,69.53,Rojo,6.92,Rojo,23.63,2024-05
54097330,Gabriela Ramírez Quispe,Atención Operativa,Ate,2022-05-24,Cesado,2024,05,2024-05,45.0,168.57266666666666,81.40066666666667,5.767894736842106,61.94,76.3125,88.0,13.4375,16580.0,14627.0,0.0,0.0,23.21,12.4,31.56,80.0,Crítico,Crítico,Crítico,Crítico,Crítico,Por mejorar,23.63,Rojo,6.99,Rojo,66.61,2024-06
54097330,Gabriela Ramírez Quispe,Atención Operativa,Ate,2022-05-24,Cesado,2024,06,2024-06,50.0,157.68125,79.07,6.002380952380952,76.95,81.15789473684211,85.15789473684211,14.736842105263158,17126.0,14500.0,100.0,0.0,0.0,150.0,55.79,51.58,Adecuado,Crítico,Crítico,Adecuado,Crítico,Crítico,66.61,Rojo,6.95,Rojo,61.66,2024-07
54097330,Gabriela Ramírez Quispe,Atención Operativa,Ate,2022-05-24,Cesado,2024,07,2024-07,45.0,163.9011111111111,79.14444444444445,6.17,78.94,83.375,87.44444444444444,15.5625,16998.0,14902.0,0.0,0.0,0.0,150.0,66.88,74.44,Crítico,Crítico,Crítico,Adecuado,Crítico,Por mejorar,61.66,Rojo,6.96,Rojo,56.61,2024-08
54097330,Gabriela Ramírez Quispe,Atención Operativa,Ate,2022-05-24,Cesado,2024,08,2024-08,45.0,161.7277777777778,78.095,6.2125,77.52,80.33333333333333,86.1875,14.733333333333333,14829.0,12767.0,0.0,0.0,0.0,150.0,51.67,61.88,Crítico,Crítico,Crítico,Adecuado,Crítico,Crítico,56.61,Rojo,6.94,Rojo,16.91,2024-09
54097330,Gabriela Ramírez Quispe,Atención Operativa,Ate,2022-05-24,Cesado,2024,09,2024-09,45.0,163.613125,82.045,6.181764705882353,61.46,76.52631578947368,86.85,14.157894736842104,19677.0,16964.0,0.0,0.0,0.0,7.6,32.63,68.5,Crítico,Crítico,Crítico,Crítico,Crítico,Crítico,16.91,Rojo,6.88,Rojo,67.18,2024-10
54097330,Gabriela Ramírez Quispe,Atención Operativa,Ate,2022-05-24,Cesado,2024,10,2024-10,50.0,164.2542105263158,79.31526315789473,5.727333333333333,77.82,78.05882352941177,84.15789473684211,14.352941176470589,18474.0,15622.0,100.0,0.0,27.27,150.0,40.29,41.58,Adecuado,Crítico,Crítico,Adecuado,Crítico,Crítico,67.18,Rojo,6.64,Rojo,68.43,2024-11
54097330,Gabriela Ramírez Quispe,Atención Operativa,Ate,2022-05-24,Cesado,2024,11,2024-11,55.0,160.41466666666668,80.44066666666667,6.09,72.67,80.22222222222223,91.46153846153847,14.88888888888889,11903.0,10838.0,150.0,0.0,0.0,119.7,51.11,107.31,Adecuado,Crítico,Crítico,Adecuado,Crítico,Adecuado,68.43,Rojo,6.79,Rojo,49.09,2024-12
54097330,Gabriela Ramírez Quispe,Atención Operativa,Ate,2022-05-24,Cesado,2024,12,2024-12,55.0,167.4088888888889,80.83722222222222,5.904,68.91,72.11111111111111,89.0,13.333333333333334,8336.0,7439.0,150.0,0.0,9.6,82.1,10.56,90.0,Adecuado,Crítico,Crítico,Por mejorar,Crítico,Por mejorar,49.09,Rojo,6.84,Rojo,39.64,2025-01
54097330,Gabriela Ramírez Quispe,Atención Operativa,Ate,2022-05-24,Cesado,2025,01,2025-01,45.0,162.85882352941175,78.64235294117647,5.85,67.3,77.4,91.77272727272727,14.666666666666666,21776.0,19940.0,0.0,0.0,15.0,66.0,37.0,108.86,Crítico,Crítico,Crítico,Crítico,Crítico,Adecuado,39.64,Rojo,6.89,Rojo,58.97,2025-02
54097330,Gabriela Ramírez Quispe,Atención Operativa,Ate,2022-05-24,Cesado,2025,02,2025-02,50.0,147.69315789473683,80.23421052631579,6.076190476190476,75.07,75.25,86.47826086956522,13.1875,21645.0,18681.0,100.0,0.0,0.0,143.7,26.25,64.78,Adecuado,Crítico,Crítico,Adecuado,Crítico,Crítico,58.97,Rojo,6.92,Rojo,46.18,2025-03
54097330,Gabriela Ramírez Quispe,Atención Operativa,Ate,2022-05-24,Cesado,2025,03,2025-03,50.0,166.402,80.352,6.310714285714286,67.12,81.73684210526316,85.45454545454545,14.736842105263158,10396.0,8936.0,100.0,0.0,0.0,64.2,58.68,54.55,Adecuado,Crítico,Crítico,Crítico,Crítico,Crítico,46.18,Rojo,6.94,Rojo,56.72,2025-04
54097330,Gabriela Ramírez Quispe,Atención Operativa,Ate,2022-05-24,Cesado,2025,04,2025-04,55.0,157.5247619047619,78.99142857142857,5.7455,68.69,81.38888888888889,82.42105263157895,14.333333333333334,17701.0,14510.0,150.0,0.0,25.45,79.9,56.94,24.21,Adecuado,Crítico,Crítico,Por mejorar,Crítico,Crítico,56.72,Rojo,6.84,Rojo,44.63,2025-05
54097330,Gabriela Ramírez Quispe,Atención Operativa,Ate,2022-05-24,Cesado,2025,05,2025-05,45.0,166.06157894736842,80.18736842105262,5.839411764705883,69.69,77.05555555555556,90.23809523809524,14.0,19470.0,17562.0,0.0,0.0,16.06,89.9,35.28,101.19,Crítico,Crítico,Crítico,Por mejorar,Crítico,Adecuado,44.63,Rojo,6.83,Rojo,32.93,2025-06
54097330,Gabriela Ramírez Quispe,Atención Operativa,Ate,2022-05-24,Cesado,2025,06,2025-06,55.0,152.610625,76.528125,6.106875,60.76,81.75,83.0952380952381,14.8125,21205.0,17562.0,150.0,0.0,0.0,0.6,58.75,30.95,Adecuado,Crítico,Crítico,Crítico,Crítico,Crítico,32.93,Rojo,6.95,Rojo,59.05,2025-07
54097330,Gabriela Ramírez Quispe,Atención Operativa,Ate,2022-05-24,Cesado,2025,07,2025-07,45.0,159.61,77.0725,5.9115789473684215,76.96,78.4375,89.23809523809524,13.875,19170.0,17034.0,0.0,0.0,8.84,150.0,42.19,92.38,Crítico,Crítico,Crítico,Adecuado,Crítico,Por mejorar,59.05,Rojo,6.97,Rojo,20.74,2025-08
54097330,Gabriela Ramírez Quispe,Atención Operativa,Ate,2022-05-24,Cesado,2025,08,2025-08,45.0,162.96466666666666,78.69266666666667,5.9471428571428575,61.87,75.6842105263158,89.6470588235294,13.210526315789474,16142.0,14490.0,0.0,0.0,5.29,11.7,28.42,96.47,Crítico,Crítico,Crítico,Crítico,Crítico,Por mejorar,20.74,Rojo,6.95,Rojo,54.46,2025-09
54097330,Gabriela Ramírez Quispe,Atención Operativa,Ate,2022-05-24,Cesado,2025,09,2025-09,50.0,154.0792857142857,77.26285714285714,6.0575,68.55,82.84210526315789,88.78571428571429,15.052631578947368,13581.0,12003.0,100.0,0.0,0.0,78.5,64.21,87.86,Adecuado,Crítico,Crítico,Por mejorar,Crítico,Por mejorar,54.46,Rojo,6.99,Rojo,46.99,2025-10
54097330,Gabriela Ramírez Quispe,Atención Operativa,Ate,2022-05-24,Cesado,2025,10,2025-10,55.0,169.246875,81.726875,6.354444444444445,67.83,75.3076923076923,87.52631578947368,13.538461538461538,17893.0,15706.0,150.0,0.0,0.0,71.3,26.54,75.26,Adecuado,Crítico,Crítico,Por mejorar,Crítico,Por mejorar,46.99,Rojo,6.89,Rojo,50.96,2025-11
54097330,Gabriela Ramírez Quispe,Atención Operativa,Ate,2022-05-24,Cesado,2025,11,2025-11,50.0,158.89238095238096,79.67714285714285,6.097,73.9,73.88235294117646,83.10526315789474,13.647058823529411,17632.0,14529.0,100.0,0.0,0.0,132.0,19.41,31.05,Adecuado,Crítico,Crítico,Adecuado,Crítico,Crítico,50.96,Rojo,6.84,Rojo,69.44,2025-12
54097330,Gabriela Ramírez Quispe,Atención Operativa,Ate,2022-05-24,Cesado,2025,12,2025-12,55.0,163.160625,78.786875,6.026470588235294,77.5,77.71428571428571,87.29411764705883,14.0,16477.0,14408.0,150.0,0.0,0.0,150.0,38.57,72.94,Adecuado,Crítico,Crítico,Adecuado,Crítico,Por mejorar,69.44,Rojo,6.87,Rojo,62.06,2026-01
54097330,Gabriela Ramírez Quispe,Atención Operativa,Ate,2022-05-24,Cesado,2026,01,2026-01,50.0,167.47368421052633,80.87105263157895,6.002,76.7,76.33333333333333,86.6470588235294,13.916666666666666,14559.0,12611.0,100.0,0.0,0.0,150.0,31.67,66.47,Adecuado,Crítico,Crítico,Adecuado,Crítico,Crítico,62.06,Rojo,6.91,Rojo,48.07,2026-02
54097330,Gabriela Ramírez Quispe,Atención Operativa,Ate,2022-05-24,Cesado,2026,02,2026-02,45.0,143.76125,78.096875,6.106470588235294,77.98,73.76923076923077,85.85714285714286,13.692307692307692,13891.0,11829.0,0.0,0.0,0.0,150.0,18.85,58.57,Crítico,Crítico,Crítico,Adecuado,Crítico,Crítico,48.07,Rojo,6.96,Rojo,21.62,2026-03
54097330,Gabriela Ramírez Quispe,Atención Operativa,Ate,2022-05-24,Cesado,2026,03,2026-03,45.0,161.23388888888888,77.85666666666667,5.780714285714286,62.02,75.94736842105263,86.5,13.789473684210526,18941.0,16397.0,0.0,0.0,21.93,13.2,29.74,65.0,Crítico,Crítico,Crítico,Crítico,Crítico,Crítico,21.62,Rojo,6.82,Rojo,38.27,2026-04
55531640,Rosa Chávez Medina,Monitoreo de Incidencias,Lima Centro,2024-01-26,Cesado,2024,01,2024-01,50.0,173.34947368421052,83.70684210526316,6.131578947368421,76.94,82.29411764705883,87.15789473684211,14.823529411764707,17763.0,15380.0,100.0,0.0,0.0,150.0,61.47,71.58,Adecuado,Crítico,Crítico,Adecuado,Crítico,Por mejorar,70.03,Ámbar,6.93,Rojo,56.9,2024-02
55531640,Rosa Chávez Medina,Monitoreo de Incidencias,Lima Centro,2024-01-26,Cesado,2024,02,2024-02,50.0,150.29846153846154,78.38153846153845,6.089411764705883,72.34,79.9090909090909,85.41176470588235,14.818181818181818,15044.0,12810.0,100.0,0.0,0.0,116.4,49.55,54.12,Adecuado,Crítico,Crítico,Adecuado,Crítico,Crítico,56.9,Rojo,6.97,Ámbar,74.83,2024-03
55531640,Rosa Chávez Medina,Monitoreo de Incidencias,Lima Centro,2024-01-26,Cesado,2024,03,2024-03,50.0,165.6675,79.998,6.038421052631579,77.88,83.77777777777777,90.21428571428571,14.833333333333334,12314.0,11035.0,100.0,0.0,0.0,150.0,68.89,101.07,Adecuado,Crítico,Crítico,Adecuado,Crítico,Adecuado,74.83,Ámbar,6.81,Rojo,66.0,2024-04
55531640,Rosa Chávez Medina,Monitoreo de Incidencias,Lima Centro,2024-01-26,Cesado,2024,04,2024-04,50.0,163.09105263157895,81.78263157894737,5.831875,75.59,78.5625,84.70588235294117,15.25,17721.0,14966.0,100.0,0.0,16.81,148.9,42.81,47.06,Adecuado,Crítico,Crítico,Adecuado,Crítico,Crítico,66.0,Rojo,6.69,Rojo,42.1,2024-05
55531640,Rosa Chávez Medina,Monitoreo de Incidencias,Lima Centro,2024-01-26,Cesado,2024,05,2024-05,55.0,163.18444444444444,78.79944444444445,5.810625,61.94,79.3157894736842,88.57142857142857,14.526315789473685,12171.0,10676.0,150.0,0.0,18.94,12.4,46.58,85.71,Adecuado,Crítico,Crítico,Crítico,Crítico,Por mejorar,42.1,Rojo,6.76,Rojo,61.73,2024-06
55531640,Rosa Chávez Medina,Monitoreo de Incidencias,Lima Centro,2024-01-26,Cesado,2024,06,2024-06,45.0,159.555,80.01,5.885625,76.95,79.31818181818181,90.58333333333333,14.772727272727273,11791.0,10668.0,0.0,0.0,11.44,150.0,46.59,102.92,Crítico,Crítico,Crítico,Adecuado,Crítico,Adecuado,61.73,Rojo,6.89,Rojo,60.33,2024-07
55531640,Rosa Chávez Medina,Monitoreo de Incidencias,Lima Centro,2024-01-26,Cesado,2024,07,2024-07,50.0,169.705625,81.94625,6.0075,78.94,75.1,86.45,13.45,19948.0,17252.0,100.0,0.0,0.0,150.0,25.5,64.5,Adecuado,Crítico,Crítico,Adecuado,Crítico,Crítico,60.33,Rojo,6.98,Rojo,56.62,2024-08
55531640,Rosa Chávez Medina,Monitoreo de Incidencias,Lima Centro,2024-01-26,Cesado,2024,08,2024-08,45.0,167.995625,81.12125,5.978571428571429,77.52,78.5,88.0625,14.954545454545455,14358.0,12566.0,0.0,0.0,2.14,150.0,42.5,80.63,Crítico,Crítico,Crítico,Adecuado,Crítico,Por mejorar,56.62,Rojo,6.97,Rojo,28.74,2024-09
55531640,Rosa Chávez Medina,Monitoreo de Incidencias,Lima Centro,2024-01-26,Cesado,2024,09,2024-09,50.0,154.06333333333333,77.25722222222223,5.905882352941177,61.46,75.15,88.52380952380952,13.05,19383.0,17123.0,100.0,0.0,9.41,7.6,25.75,85.24,Adecuado,Crítico,Crítico,Crítico,Crítico,Por mejorar,28.74,Rojo,6.82,Rojo,67.19,2024-10
55531640,Rosa Chávez Medina,Monitoreo de Incidencias,Lima Centro,2024-01-26,Cesado,2024,10,2024-10,45.0,165.59,79.96095238095238,5.936842105263158,77.82,86.25,88.11111111111111,15.4375,17025.0,15048.0,0.0,0.0,6.32,150.0,81.25,81.11,Crítico,Crítico,Crítico,Adecuado,Por mejorar,Por mejorar,67.19,Rojo,6.93,Rojo,43.37,2024-11
55531640,Rosa Chávez Medina,Monitoreo de Incidencias,Lima Centro,2024-01-26,Cesado,2024,11,2024-11,45.0,162.933125,81.70375,6.060666666666667,72.67,75.5,86.57142857142857,14.277777777777779,18665.0,16098.0,0.0,0.0,0.0,119.7,27.5,65.71,Crítico,Crítico,Crítico,Adecuado,Crítico,Crítico,43.37,Rojo,6.91,Rojo,47.15,2024-12
55531640,Rosa Chávez Medina,Monitoreo de Incidencias,Lima Centro,2024-01-26,Cesado,2024,12,2024-12,50.0,167.5929411764706,80.92764705882352,6.031333333333333,68.91,77.92857142857143,86.71428571428571,14.5,13466.0,11717.0,100.0,0.0,0.0,82.1,39.64,67.14,Adecuado,Crítico,Crítico,Por mejorar,Crítico,Crítico,47.15,Rojo,6.91,Rojo,54.16,2025-01
55531640,Rosa Chávez Medina,Monitoreo de Incidencias,Lima Centro,2024-01-26,Cesado,2025,01,2025-01,55.0,162.53411764705882,78.48529411764706,6.02125,67.3,81.6842105263158,88.05882352941177,14.31578947368421,16896.0,14867.0,150.0,0.0,0.0,66.0,58.42,80.59,Adecuado,Crítico,Crítico,Crítico,Crítico,Por mejorar,54.16,Rojo,6.91,Rojo,69.91,2025-02
55531640,Rosa Chávez Medina,Monitoreo de Incidencias,Lima Centro,2024-01-26,Cesado,2025,02,2025-02,55.0,143.2341176470588,77.80882352941177,5.912857142857143,75.07,75.5,90.73333333333333,13.333333333333334,13121.0,11907.0,150.0,0.0,8.71,143.7,27.5,103.67,Adecuado,Crítico,Crítico,Adecuado,Crítico,Adecuado,69.91,Rojo,6.82,Rojo,54.77,2025-03
55531640,Rosa Chávez Medina,Monitoreo de Incidencias,Lima Centro,2024-01-26,Cesado,2025,03,2025-03,55.0,162.88941176470587,78.65529411764706,5.8577272727272724,67.12,79.5,89.0,15.0,14212.0,12719.0,150.0,0.0,14.23,64.2,47.5,90.0,Adecuado,Crítico,Crítico,Crítico,Crítico,Por mejorar,54.77,Rojo,6.99,Rojo,58.6,2025-04
55531640,Rosa Chávez Medina,Monitoreo de Incidencias,Lima Centro,2024-01-26,Cesado,2025,04,2025-04,55.0,158.49235294117648,79.47588235294117,6.132352941176471,68.69,79.7,93.0,14.7,15201.0,14078.0,150.0,0.0,0.0,79.9,48.5,115.0,Adecuado,Crítico,Crítico,Por mejorar,Crítico,Adecuado,58.6,Rojo,6.96,Rojo,62.68,2025-05
55531640,Rosa Chávez Medina,Monitoreo de Incidencias,Lima Centro,2024-01-26,Cesado,2025,05,2025-05,50.0,161.7509090909091,78.1059090909091,6.034117647058824,69.69,86.375,89.73684210526316,15.5,18755.0,16883.0,100.0,0.0,0.0,89.9,81.88,97.37,Adecuado,Crítico,Crítico,Por mejorar,Por mejorar,Por mejorar,62.68,Rojo,6.99,Rojo,24.82,2025-06
55531640,Rosa Chávez Medina,Monitoreo de Incidencias,Lima Centro,2024-01-26,Cesado,2025,06,2025-06,50.0,159.756875,80.11,6.016666666666667,60.76,76.75,86.23529411764706,14.083333333333334,15666.0,13503.0,100.0,0.0,0.0,0.6,33.75,62.35,Adecuado,Crítico,Crítico,Crítico,Crítico,Crítico,24.82,Rojo,6.99,Rojo,60.97,2025-07
55531640,Rosa Chávez Medina,Monitoreo de Incidencias,Lima Centro,2024-01-26,Cesado,2025,07,2025-07,45.0,169.39714285714285,81.79928571428572,6.121176470588235,76.96,82.58823529411765,87.73684210526316,15.294117647058824,16297.0,14225.0,0.0,0.0,0.0,150.0,62.94,77.37,Crítico,Crítico,Crítico,Adecuado,Crítico,Por mejorar,60.97,Rojo,6.89,Rojo,25.37,2025-08
55531640,Rosa Chávez Medina,Monitoreo de Incidencias,Lima Centro,2024-01-26,Cesado,2025,08,2025-08,50.0,161.4442105263158,77.95842105263158,5.9575,61.87,73.94444444444444,86.66666666666667,13.166666666666666,11398.0,9828.0,100.0,0.0,4.25,11.7,19.72,66.67,Adecuado,Crítico,Crítico,Crítico,Crítico,Crítico,25.37,Rojo,6.94,Rojo,40.41,2025-09
55531640,Rosa Chávez Medina,Monitoreo de Incidencias,Lima Centro,2024-01-26,Cesado,2025,09,2025-09,45.0,163.43894736842105,81.95894736842105,5.98625,68.55,80.21052631578948,87.75,13.789473684210526,10638.0,9402.0,0.0,0.0,1.38,78.5,51.05,77.5,Crítico,Crítico,Crítico,Por mejorar,Crítico,Por mejorar,40.41,Rojo,6.86,Rojo,53.36,2025-10
55531640,Rosa Chávez Medina,Monitoreo de Incidencias,Lima Centro,2024-01-26,Cesado,2025,10,2025-10,50.0,170.15944444444443,82.1661111111111,5.905333333333333,67.83,83.73684210526316,86.47058823529412,15.157894736842104,17303.0,14917.0,100.0,0.0,9.47,71.3,68.68,64.71,Adecuado,Crítico,Crítico,Por mejorar,Crítico,Crítico,53.36,Rojo,6.88,Rojo,63.6,2025-11
55531640,Rosa Chávez Medina,Monitoreo de Incidencias,Lima Centro,2024-01-26,Cesado,2025,11,2025-11,50.0,162.73875,81.605,5.7345,73.9,76.95454545454545,86.6,14.272727272727273,13144.0,11278.0,100.0,0.0,26.55,132.0,34.77,66.0,Adecuado,Crítico,Crítico,Adecuado,Crítico,Crítico,63.6,Rojo,6.56,Ámbar,70.44,2025-12
55531640,Rosa Chávez Medina,Monitoreo de Incidencias,Lima Centro,2024-01-26,Cesado,2025,12,2025-12,55.0,163.90285714285713,79.14428571428572,6.113125,77.5,78.47058823529412,87.3529411764706,14.058823529411764,17127.0,15030.0,150.0,0.0,0.0,150.0,42.35,73.53,Adecuado,Crítico,Crítico,Adecuado,Crítico,Por mejorar,70.44,Ámbar,6.91,Rojo,54.98,2026-01
55531640,Rosa Chávez Medina,Monitoreo de Incidencias,Lima Centro,2024-01-26,Cesado,2026,01,2026-01,50.0,167.6458823529412,80.95235294117647,6.075555555555556,76.7,72.73913043478261,84.05882352941177,13.217391304347826,17837.0,14845.0,100.0,0.0,0.0,150.0,13.7,40.59,Adecuado,Crítico,Crítico,Adecuado,Crítico,Crítico,54.98,Rojo,7.0,Ámbar,82.94,2026-02
55531640,Rosa Chávez Medina,Monitoreo de Incidencias,Lima Centro,2024-01-26,Cesado,2026,02,2026-02,55.0,146.18047619047618,79.41190476190476,6.073333333333333,77.98,86.4,89.94117647058823,16.066666666666666,16635.0,14886.0,150.0,0.0,0.0,150.0,82.0,99.41,Adecuado,Crítico,Crítico,Adecuado,Por mejorar,Por mejorar,82.94,Ámbar,6.88,Rojo,34.63,2026-03
55531640,Rosa Chávez Medina,Monitoreo de Incidencias,Lima Centro,2024-01-26,Cesado,2026,03,2026-03,50.0,163.565,78.98214285714286,5.985333333333333,62.02,80.47368421052632,87.94444444444444,14.631578947368421,18070.0,15752.0,100.0,0.0,1.47,13.2,52.37,79.44,Adecuado,Crítico,Crítico,Crítico,Crítico,Por mejorar,34.63,Rojo,6.82,Rojo,28.69,2026-04
56184795,Diego Chávez Paredes,Gestión de Reportes,Los Olivos,2022-02-23,Cesado,2024,01,2024-01,50.0,164.0859090909091,79.235,6.070833333333333,76.94,81.33333333333333,89.52173913043478,14.733333333333333,20518.0,18276.0,100.0,0.0,0.0,150.0,56.67,95.22,Adecuado,Crítico,Crítico,Adecuado,Crítico,Por mejorar,71.19,Ámbar,6.92,Rojo,66.7,2024-02
56184795,Diego Chávez Paredes,Gestión de Reportes,Los Olivos,2022-02-23,Cesado,2024,02,2024-02,50.0,150.56315789473683,78.52,5.934444444444444,72.34,81.71428571428571,93.28571428571429,15.142857142857142,13561.0,12617.0,100.0,0.0,6.56,116.4,58.57,116.43,Adecuado,Crítico,Crítico,Adecuado,Crítico,Adecuado,66.7,Rojo,6.96,Rojo,67.62,2024-03
56184795,Diego Chávez Paredes,Gestión de Reportes,Los Olivos,2022-02-23,Cesado,2024,03,2024-03,50.0,168.85666666666665,81.53777777777778,5.837142857142857,77.88,77.13333333333334,87.94117647058823,13.866666666666667,15959.0,13890.0,100.0,0.0,16.29,150.0,35.67,79.41,Adecuado,Crítico,Crítico,Adecuado,Crítico,Por mejorar,67.62,Rojo,6.92,Rojo,63.26,2024-04
56184795,Diego Chávez Paredes,Gestión de Reportes,Los Olivos,2022-02-23,Cesado,2024,04,2024-04,45.0,156.10777777777778,78.28111111111112,5.909090909090909,75.59,86.07692307692308,84.125,15.0,15092.0,12709.0,0.0,0.0,9.09,148.9,80.38,41.25,Crítico,Crítico,Crítico,Adecuado,Por mejorar,Crítico,63.26,Rojo,6.99,Rojo,36.65,2024-05
56184795,Diego Chávez Paredes,Gestión de Reportes,Los Olivos,2022-02-23,Cesado,2024,05,2024-05,50.0,162.45777777777778,78.44833333333334,5.841333333333333,61.94,78.11111111111111,90.47058823529412,14.166666666666666,15840.0,14198.0,100.0,0.0,15.87,12.4,40.56,102.35,Adecuado,Crítico,Crítico,Crítico,Crítico,Adecuado,36.65,Rojo,6.83,Ámbar,76.42,2024-06
56184795,Diego Chávez Paredes,Gestión de Reportes,Los Olivos,2022-02-23,Cesado,2024,06,2024-06,55.0,165.541875,83.011875,6.1061538461538465,76.95,80.25,92.21428571428571,14.1875,13659.0,12605.0,150.0,0.0,0.0,150.0,51.25,111.07,Adecuado,Crítico,Crítico,Adecuado,Crítico,Adecuado,76.42,Ámbar,6.95,Ámbar,78.9,2024-07
56184795,Diego Chávez Paredes,Gestión de Reportes,Los Olivos,2022-02-23,Cesado,2024,07,2024-07,50.0,170.0235294117647,82.10235294117648,5.477142857142857,78.94,81.66666666666667,86.36363636363636,15.066666666666666,19503.0,16744.0,100.0,0.0,52.29,150.0,58.33,63.64,Adecuado,Crítico,Crítico,Adecuado,Crítico,Crítico,78.9,Ámbar,6.38,Rojo,61.5,2024-08
56184795,Diego Chávez Paredes,Gestión de Reportes,Los Olivos,2022-02-23,Cesado,2024,08,2024-08,45.0,167.489375,80.878125,6.04,77.52,82.0,89.0,14.4375,19034.0,16970.0,0.0,0.0,0.0,150.0,60.0,90.0,Crítico,Crítico,Crítico,Adecuado,Crítico,Por mejorar,61.5,Rojo,6.95,Rojo,31.93,2024-09
56184795,Diego Chávez Paredes,Gestión de Reportes,Los Olivos,2022-02-23,Cesado,2024,09,2024-09,50.0,160.004375,80.234375,5.949375,61.46,79.33333333333333,87.34782608695652,14.6,23553.0,20541.0,100.0,0.0,5.06,7.6,46.67,73.48,Adecuado,Crítico,Crítico,Crítico,Crítico,Por mejorar,31.93,Rojo,6.85,Ámbar,74.33,2024-10
56184795,Diego Chávez Paredes,Gestión de Reportes,Los Olivos,2022-02-23,Cesado,2024,10,2024-10,55.0,170.79529411764705,82.47294117647058,5.828,77.82,79.83333333333333,86.0952380952381,14.833333333333334,18981.0,16225.0,150.0,0.0,17.2,150.0,49.17,60.95,Adecuado,Crítico,Crítico,Adecuado,Crítico,Crítico,74.33,Ámbar,6.95,Rojo,65.99,2024-11
56184795,Diego Chávez Paredes,Gestión de Reportes,Los Olivos,2022-02-23,Cesado,2024,11,2024-11,55.0,159.2423076923077,79.85384615384615,6.404,72.67,82.6923076923077,85.2,14.923076923076923,17869.0,15294.0,150.0,0.0,0.0,119.7,63.46,52.0,Adecuado,Crítico,Crítico,Adecuado,Crítico,Crítico,65.99,Rojo,6.91,Rojo,41.13,2024-12
56184795,Diego Chávez Paredes,Gestión de Reportes,Los Olivos,2022-02-23,Cesado,2024,12,2024-12,45.0,163.78,79.0865,6.094117647058823,68.91,78.2,90.71428571428571,14.066666666666666,21507.0,19488.0,0.0,0.0,0.0,82.1,41.0,103.57,Crítico,Crítico,Crítico,Por mejorar,Crítico,Adecuado,41.13,Rojo,7.0,Rojo,37.24,2025-01
56184795,Diego Chávez Paredes,Gestión de Reportes,Los Olivos,2022-02-23,Cesado,2025,01,2025-01,45.0,165.795,80.05928571428572,6.057368421052631,67.3,84.0,83.23529411764706,14.866666666666667,15643.0,13098.0,0.0,0.0,0.0,66.0,70.0,32.35,Crítico,Crítico,Crítico,Crítico,Por mejorar,Crítico,37.24,Rojo,6.96,Ámbar,76.79,2025-02
56184795,Diego Chávez Paredes,Gestión de Reportes,Los Olivos,2022-02-23,Cesado,2025,02,2025-02,55.0,149.99,81.48105263157895,6.138571428571429,75.07,83.38888888888889,89.13333333333334,15.333333333333334,14356.0,12838.0,150.0,0.0,0.0,143.7,66.94,91.33,Adecuado,Crítico,Crítico,Adecuado,Crítico,Por mejorar,76.79,Ámbar,6.97,Rojo,45.14,2025-03
56184795,Diego Chávez Paredes,Gestión de Reportes,Los Olivos,2022-02-23,Cesado,2025,03,2025-03,45.0,162.015,78.23444444444445,5.711666666666667,67.12,82.55555555555556,87.625,14.722222222222221,14919.0,13043.0,0.0,0.0,28.83,64.2,62.78,76.25,Crítico,Crítico,Crítico,Crítico,Crítico,Por mejorar,45.14,Rojo,6.86,Rojo,49.02,2025-04
56184795,Diego Chávez Paredes,Gestión de Reportes,Los Olivos,2022-02-23,Cesado,2025,04,2025-04,50.0,158.016,79.238,5.923529411764706,68.69,77.76190476190476,87.8125,13.857142857142858,14955.0,13033.0,100.0,0.0,7.65,79.9,38.81,78.13,Adecuado,Crítico,Crítico,Por mejorar,Crítico,Por mejorar,49.02,Rojo,6.92,Rojo,51.08,2025-05
56184795,Diego Chávez Paredes,Gestión de Reportes,Los Olivos,2022-02-23,Cesado,2025,05,2025-05,50.0,163.78764705882352,79.08941176470589,5.903684210526316,69.69,77.88235294117646,86.82352941176471,14.058823529411764,15816.0,13589.0,100.0,0.0,9.63,89.9,39.41,68.24,Adecuado,Crítico,Crítico,Por mejorar,Crítico,Crítico,51.08,Rojo,6.97,Rojo,20.91,2025-06
56184795,Diego Chávez Paredes,Gestión de Reportes,Los Olivos,2022-02-23,Cesado,2025,06,2025-06,45.0,160.3375,80.401875,5.973529411764706,60.76,81.33333333333333,86.05882352941177,14.555555555555555,15043.0,12915.0,0.0,0.0,2.65,0.6,56.67,60.59,Crítico,Crítico,Crítico,Crítico,Crítico,Crítico,20.91,Rojo,6.89,Rojo,58.8,2025-07
56184795,Diego Chávez Paredes,Gestión de Reportes,Los Olivos,2022-02-23,Cesado,2025,07,2025-07,50.0,170.698125,82.4275,6.0,76.96,75.25,84.73333333333333,14.5,13695.0,11494.0,100.0,0.0,0.0,150.0,26.25,47.33,Adecuado,Crítico,Crítico,Adecuado,Crítico,Crítico,58.8,Rojo,6.93,Rojo,32.36,2025-08
56184795,Diego Chávez Paredes,Gestión de Reportes,Los Olivos,2022-02-23,Cesado,2025,08,2025-08,50.0,167.17761904761906,80.72761904761904,6.059444444444444,61.87,79.78947368421052,87.2,14.052631578947368,18646.0,16296.0,100.0,0.0,0.0,11.7,48.95,72.0,Adecuado,Crítico,Crítico,Crítico,Crítico,Por mejorar,32.36,Rojo,6.94,Rojo,51.08,2025-09
56184795,Diego Chávez Paredes,Gestión de Reportes,Los Olivos,2022-02-23,Cesado,2025,09,2025-09,50.0,162.26142857142858,81.36714285714285,5.835,68.55,77.55555555555556,88.71428571428571,13.5,14095.0,12468.0,100.0,0.0,16.5,78.5,37.78,87.14,Adecuado,Crítico,Crítico,Por mejorar,Crítico,Por mejorar,51.08,Rojo,6.56,Rojo,42.81,2025-10
56184795,Diego Chávez Paredes,Gestión de Reportes,Los Olivos,2022-02-23,Cesado,2025,10,2025-10,45.0,167.286,80.7795,5.833333333333333,67.83,79.94117647058823,89.22222222222223,14.647058823529411,17159.0,15392.0,0.0,0.0,16.67,71.3,49.71,92.22,Crítico,Crítico,Crítico,Por mejorar,Crítico,Por mejorar,42.81,Rojo,6.46,Rojo,57.64,2025-11
56184795,Diego Chávez Paredes,Gestión de Reportes,Los Olivos,2022-02-23,Cesado,2025,11,2025-11,55.0,160.08894736842106,80.27736842105263,5.822307692307692,73.9,72.61538461538461,82.8125,12.846153846153847,14992.0,12366.0,150.0,0.0,17.77,132.0,13.08,28.13,Adecuado,Crítico,Crítico,Adecuado,Crítico,Crítico,57.64,Rojo,6.91,Rojo,53.98,2025-12
56184795,Diego Chávez Paredes,Gestión de Reportes,Los Olivos,2022-02-23,Cesado,2025,12,2025-12,45.0,161.62,78.04368421052632,6.1626315789473685,77.5,80.33333333333333,83.5625,13.833333333333334,15236.0,12813.0,0.0,0.0,0.0,150.0,51.67,35.63,Crítico,Crítico,Crítico,Adecuado,Crítico,Crítico,53.98,Rojo,6.85,Ámbar,81.23,2026-01
56184795,Diego Chávez Paredes,Gestión de Reportes,Los Olivos,2022-02-23,Cesado,2026,01,2026-01,55.0,172.36615384615385,83.23153846153846,6.012,76.7,85.46666666666667,89.4,15.733333333333333,17108.0,15354.0,150.0,0.0,0.0,150.0,77.33,94.0,Adecuado,Crítico,Crítico,Adecuado,Por mejorar,Por mejorar,81.23,Ámbar,6.88,Rojo,57.09,2026-02
56184795,Diego Chávez Paredes,Gestión de Reportes,Los Olivos,2022-02-23,Cesado,2026,02,2026-02,50.0,146.058,79.3445,6.0176923076923075,77.98,72.58823529411765,86.3529411764706,13.058823529411764,16417.0,14207.0,100.0,0.0,0.0,150.0,12.94,63.53,Adecuado,Crítico,Crítico,Adecuado,Crítico,Crítico,57.09,Rojo,6.95,Rojo,38.08,2026-03
56184795,Diego Chávez Paredes,Gestión de Reportes,Los Olivos,2022-02-23,Cesado,2026,03,2026-03,50.0,165.04266666666666,79.69666666666667,5.925789473684211,62.02,81.05555555555556,89.47368421052632,14.555555555555555,17539.0,15715.0,100.0,0.0,7.42,13.2,55.28,94.74,Adecuado,Crítico,Crítico,Crítico,Crítico,Por mejorar,38.08,Rojo,6.93,Rojo,42.67,2026-04
56908288,Raúl Salazar Torres,Gestión de Reportes,Miraflores,2023-11-15,Activo,2024,01,2024-01,55.0,196.2917857142857,94.78571428571429,6.087857142857143,76.94,80.21428571428571,83.21428571428571,14.928571428571429,27809.0,23130.0,150.0,95.71,0.0,150.0,51.07,32.14,Adecuado,Por mejorar,Crítico,Adecuado,Crítico,Crítico,78.05,Ámbar,6.97,Ámbar,79.05,2024-02
56908288,Raúl Salazar Torres,Gestión de Reportes,Miraflores,2023-11-15,Activo,2024,02,2024-02,55.0,184.3175,96.125,5.942857142857143,72.34,81.71428571428571,88.03571428571429,15.428571428571429,27266.0,23864.0,150.0,111.25,5.71,116.4,58.57,80.36,Adecuado,Adecuado,Crítico,Adecuado,Crítico,Por mejorar,79.05,Ámbar,7.0,Rojo,63.01,2024-03
56908288,Raúl Salazar Torres,Gestión de Reportes,Miraflores,2023-11-15,Activo,2024,03,2024-03,45.0,196.40285714285713,94.83964285714286,6.057857142857143,77.88,78.32142857142857,85.42857142857143,14.535714285714286,28535.0,24301.0,0.0,96.79,0.0,150.0,41.61,54.29,Crítico,Por mejorar,Crítico,Adecuado,Crítico,Crítico,63.01,Rojo,6.93,Ámbar,79.55,2024-04
56908288,Raúl Salazar Torres,Gestión de Reportes,Miraflores,2023-11-15,Activo,2024,04,2024-04,50.0,189.60892857142858,95.08071428571428,5.926071428571428,75.59,80.21428571428571,88.0,15.25,28219.0,24751.0,100.0,100.81,7.39,148.9,51.07,80.0,Adecuado,Adecuado,Crítico,Adecuado,Crítico,Por mejorar,79.55,Ámbar,6.66,Rojo,45.46,2024-05
56908288,Raúl Salazar Torres,Gestión de Reportes,Miraflores,2023-11-15,Activo,2024,05,2024-05,50.0,195.02357142857142,94.17392857142858,5.912142857142857,61.94,80.28571428571429,89.39285714285714,14.678571428571429,24662.0,22064.0,100.0,83.48,8.79,12.4,51.43,93.93,Adecuado,Por mejorar,Crítico,Crítico,Crítico,Por mejorar,45.46,Rojo,6.76,Ámbar,85.2,2024-06
56908288,Raúl Salazar Torres,Gestión de Reportes,Miraflores,2023-11-15,Activo,2024,06,2024-06,50.0,190.29535714285714,95.42535714285714,5.861071428571429,76.95,82.85714285714286,88.42857142857143,14.714285714285714,27477.0,24186.0,100.0,104.25,13.89,150.0,64.29,84.29,Adecuado,Adecuado,Crítico,Adecuado,Crítico,Por mejorar,85.2,Ámbar,6.98,Ámbar,79.96,2024-07
56908288,Raúl Salazar Torres,Gestión de Reportes,Miraflores,2023-11-15,Activo,2024,07,2024-07,50.0,196.63892857142858,94.9525,5.974285714285714,78.94,80.85714285714286,88.46428571428571,14.678571428571429,26229.0,23237.0,100.0,99.05,2.57,150.0,54.29,84.64,Adecuado,Por mejorar,Crítico,Adecuado,Crítico,Por mejorar,79.96,Ámbar,6.93,Ámbar,84.08,2024-08
56908288,Raúl Salazar Torres,Gestión de Reportes,Miraflores,2023-11-15,Activo,2024,08,2024-08,50.0,197.3625,95.3025,6.034285714285715,77.52,82.03571428571429,92.46428571428571,15.535714285714286,27084.0,25006.0,100.0,103.03,0.0,150.0,60.18,112.32,Adecuado,Adecuado,Crítico,Adecuado,Crítico,Adecuado,84.08,Ámbar,6.95,Rojo,32.76,2024-09
56908288,Raúl Salazar Torres,Gestión de Reportes,Miraflores,2023-11-15,Activo,2024,09,2024-09,45.0,188.5507142857143,94.55,6.008571428571429,61.46,80.46428571428571,88.67857142857143,14.857142857142858,27249.0,24220.0,0.0,91.0,0.0,7.6,52.32,86.79,Crítico,Por mejorar,Crítico,Crítico,Crítico,Por mejorar,32.76,Rojo,6.92,Ámbar,79.76,2024-10
56908288,Raúl Salazar Torres,Gestión de Reportes,Miraflores,2023-11-15,Activo,2024,10,2024-10,50.0,198.15892857142856,95.6875,5.966428571428572,77.82,81.03571428571429,87.10714285714286,14.392857142857142,26490.0,23274.0,100.0,106.88,3.36,150.0,55.18,71.07,Adecuado,Adecuado,Crítico,Adecuado,Crítico,Por mejorar,79.76,Ámbar,6.92,Rojo,63.61,2024-11
56908288,Raúl Salazar Torres,Gestión de Reportes,Miraflores,2023-11-15,Activo,2024,11,2024-11,50.0,188.56857142857143,94.55964285714286,5.898928571428572,72.67,76.17857142857143,84.82142857142857,13.785714285714286,24796.0,21095.0,100.0,91.19,10.11,119.7,30.89,48.21,Adecuado,Por mejorar,Crítico,Adecuado,Crítico,Crítico,63.61,Rojo,6.96,Rojo,48.87,2024-12
56908288,Raúl Salazar Torres,Gestión de Reportes,Miraflores,2023-11-15,Activo,2024,12,2024-12,45.0,194.7107142857143,94.02178571428571,5.952142857142857,68.91,82.78571428571429,83.35714285714286,14.821428571428571,26016.0,21840.0,0.0,80.44,4.79,82.1,63.93,33.57,Crítico,Por mejorar,Crítico,Por mejorar,Crítico,Crítico,48.87,Rojo,6.95,Rojo,58.74,2025-01
56908288,Raúl Salazar Torres,Gestión de Reportes,Miraflores,2023-11-15,Activo,2025,01,2025-01,50.0,197.14607142857142,95.19857142857143,6.064285714285714,67.3,81.75,87.35714285714286,15.0,25896.0,22558.0,100.0,101.99,0.0,66.0,58.75,73.57,Adecuado,Adecuado,Crítico,Crítico,Crítico,Por mejorar,58.74,Rojo,7.0,Ámbar,75.24,2025-02
56908288,Raúl Salazar Torres,Gestión de Reportes,Miraflores,2023-11-15,Activo,2025,02,2025-02,50.0,175.02607142857144,95.08071428571428,6.115,75.07,79.5,87.35714285714286,14.607142857142858,26103.0,22801.0,100.0,100.81,0.0,143.7,47.5,73.57,Adecuado,Adecuado,Crítico,Adecuado,Crítico,Por mejorar,75.24,Ámbar,6.99,Rojo,62.72,2025-03
56908288,Raúl Salazar Torres,Gestión de Reportes,Miraflores,2023-11-15,Activo,2025,03,2025-03,50.0,197.4375,95.33857142857143,5.9053571428571425,67.12,82.60714285714286,88.67857142857143,14.928571428571429,26686.0,23587.0,100.0,103.39,9.46,64.2,63.04,86.79,Adecuado,Adecuado,Crítico,Crítico,Crítico,Por mejorar,62.72,Rojo,6.93,Rojo,53.79,2025-04
56908288,Raúl Salazar Torres,Gestión de Reportes,Miraflores,2023-11-15,Activo,2025,04,2025-04,45.0,190.42642857142857,95.49142857142857,6.073571428571428,68.69,83.28571428571429,86.71428571428571,15.0,25850.0,22418.0,0.0,104.91,0.0,79.9,66.43,67.14,Crítico,Adecuado,Crítico,Por mejorar,Crítico,Crítico,53.79,Rojo,6.98,Rojo,63.39,2025-05
56908288,Raúl Salazar Torres,Gestión de Reportes,Miraflores,2023-11-15,Activo,2025,05,2025-05,50.0,196.16107142857143,94.72321428571429,5.7682142857142855,69.69,78.75,85.89285714285714,14.392857142857142,26546.0,22955.0,100.0,94.46,23.18,89.9,43.75,58.93,Adecuado,Por mejorar,Crítico,Por mejorar,Crítico,Crítico,63.39,Rojo,6.94,Rojo,47.09,2025-06
56908288,Raúl Salazar Torres,Gestión de Reportes,Miraflores,2023-11-15,Activo,2025,06,2025-06,50.0,189.855,95.20357142857142,5.883571428571429,60.76,84.21428571428571,86.64285714285714,15.642857142857142,25619.0,22084.0,100.0,102.04,11.64,0.6,71.07,66.43,Adecuado,Adecuado,Crítico,Crítico,Por mejorar,Crítico,47.09,Rojo,6.81,Ámbar,78.7,2025-07
56908288,Raúl Salazar Torres,Gestión de Reportes,Miraflores,2023-11-15,Activo,2025,07,2025-07,55.0,198.23142857142858,95.72178571428572,6.0525,76.96,76.5,87.35714285714286,13.392857142857142,27087.0,23668.0,150.0,107.22,0.0,150.0,32.5,73.57,Adecuado,Adecuado,Crítico,Adecuado,Crítico,Por mejorar,78.7,Ámbar,6.95,Rojo,32.2,2025-08
56908288,Raúl Salazar Torres,Gestión de Reportes,Miraflores,2023-11-15,Activo,2025,08,2025-08,45.0,195.79535714285714,94.54535714285714,5.8825,61.87,78.75,86.89285714285714,14.178571428571429,25618.0,22197.0,0.0,90.91,11.75,11.7,43.75,68.93,Crítico,Por mejorar,Crítico,Crítico,Crítico,Crítico,32.2,Rojo,6.93,Rojo,61.23,2025-09
56908288,Raúl Salazar Torres,Gestión de Reportes,Miraflores,2023-11-15,Activo,2025,09,2025-09,50.0,190.6967857142857,95.62642857142858,6.105,68.55,79.64285714285714,88.92857142857143,14.571428571428571,26162.0,23191.0,100.0,106.26,0.0,78.5,48.21,89.29,Adecuado,Adecuado,Crítico,Por mejorar,Crítico,Por mejorar,61.23,Rojo,6.93,Rojo,53.03,2025-10
56908288,Raúl Salazar Torres,Gestión de Reportes,Miraflores,2023-11-15,Activo,2025,10,2025-10,50.0,196.34892857142856,94.81357142857142,6.034642857142857,67.83,78.46428571428571,85.0,14.178571428571429,26901.0,22880.0,100.0,96.27,0.0,71.3,42.32,50.0,Adecuado,Por mejorar,Crítico,Por mejorar,Crítico,Crítico,53.03,Rojo,6.92,Ámbar,82.0,2025-11
56908288,Raúl Salazar Torres,Gestión de Reportes,Miraflores,2023-11-15,Activo,2025,11,2025-11,55.0,192.06821428571428,96.31357142857142,6.0164285714285715,73.9,81.32142857142857,88.53571428571429,14.857142857142858,25545.0,22520.0,150.0,113.14,0.0,132.0,56.61,85.36,Adecuado,Adecuado,Crítico,Adecuado,Crítico,Por mejorar,82.0,Ámbar,6.98,Ámbar,77.35,2025-12
56908288,Raúl Salazar Torres,Gestión de Reportes,Miraflores,2023-11-15,Activo,2025,12,2025-12,50.0,196.69785714285715,94.98142857142857,5.954285714285715,77.5,78.46428571428571,88.39285714285714,14.607142857142858,27364.0,24105.0,100.0,99.63,4.57,150.0,42.32,83.93,Adecuado,Por mejorar,Crítico,Adecuado,Crítico,Por mejorar,77.35,Ámbar,6.87,Ámbar,78.13,2026-01
56908288,Raúl Salazar Torres,Gestión de Reportes,Miraflores,2023-11-15,Activo,2026,01,2026-01,50.0,195.08892857142857,94.20464285714286,5.968571428571429,76.7,80.92857142857143,87.92857142857143,15.25,28016.0,24637.0,100.0,84.09,3.14,150.0,54.64,79.29,Adecuado,Por mejorar,Crítico,Adecuado,Crítico,Por mejorar,78.13,Ámbar,6.78,Rojo,62.03,2026-02
56908288,Raúl Salazar Torres,Gestión de Reportes,Miraflores,2023-11-15,Activo,2026,02,2026-02,45.0,176.4625,95.86178571428572,5.998571428571428,77.98,77.0,84.89285714285714,13.142857142857142,26966.0,22932.0,0.0,108.62,0.14,150.0,35.0,48.93,Crítico,Adecuado,Crítico,Adecuado,Crítico,Crítico,62.03,Rojo,6.99,Rojo,47.95,2026-03
56908288,Raúl Salazar Torres,Gestión de Reportes,Miraflores,2023-11-15,Activo,2026,03,2026-03,50.0,196.26642857142858,94.77321428571429,5.866071428571429,62.02,82.71428571428571,86.53571428571429,14.714285714285714,26967.0,23036.0,100.0,95.46,13.39,13.2,63.57,65.36,Adecuado,Por mejorar,Crítico,Crítico,Crítico,Crítico,47.95,Rojo,6.99,Rojo,54.08,2026-04
57327974,Miguel Huamán Huamán,Monitoreo de Incidencias,San Isidro,2021-01-28,Activo,2024,01,2024-01,50.0,196.06214285714285,94.67464285714286,6.0564285714285715,76.94,76.21428571428571,89.46428571428571,13.857142857142858,26302.0,23499.0,100.0,93.49,0.0,150.0,31.07,94.64,Adecuado,Por mejorar,Crítico,Adecuado,Crítico,Por mejorar,74.08,Ámbar,7.0,Rojo,66.39,2024-02
57327974,Miguel Huamán Huamán,Monitoreo de Incidencias,San Isidro,2021-01-28,Activo,2024,02,2024-02,50.0,182.7617857142857,95.31178571428572,6.021428571428571,72.34,77.92857142857143,87.07142857142857,14.107142857142858,26812.0,23314.0,100.0,103.12,0.0,116.4,39.64,70.71,Adecuado,Adecuado,Crítico,Adecuado,Crítico,Por mejorar,66.39,Rojo,6.97,Rojo,61.85,2024-03
57327974,Miguel Huamán Huamán,Monitoreo de Incidencias,San Isidro,2021-01-28,Activo,2024,03,2024-03,45.0,197.32071428571427,95.2825,6.0217857142857145,77.88,77.42857142857143,84.78571428571429,13.642857142857142,25357.0,21522.0,0.0,102.83,0.0,150.0,37.14,47.86,Crítico,Adecuado,Crítico,Adecuado,Crítico,Crítico,61.85,Rojo,6.94,Rojo,68.25,2024-04
57327974,Miguel Huamán Huamán,Monitoreo de Incidencias,San Isidro,2021-01-28,Activo,2024,04,2024-04,45.0,190.62678571428572,95.59107142857142,5.8117857142857146,75.59,75.10714285714286,90.57142857142857,13.75,25150.0,22716.0,0.0,105.91,18.82,148.9,25.54,102.86,Crítico,Adecuado,Crítico,Adecuado,Crítico,Adecuado,68.25,Rojo,6.92,Rojo,28.82,2024-05
57327974,Miguel Huamán Huamán,Monitoreo de Incidencias,San Isidro,2021-01-28,Activo,2024,05,2024-05,45.0,197.25,95.24821428571428,5.8675,61.94,74.85714285714286,86.75,13.821428571428571,25282.0,21951.0,0.0,102.48,13.25,12.4,24.29,67.5,Crítico,Adecuado,Crítico,Crítico,Crítico,Crítico,28.82,Rojo,6.98,Ámbar,79.63,2024-06
57327974,Miguel Huamán Huamán,Monitoreo de Incidencias,San Isidro,2021-01-28,Activo,2024,06,2024-06,55.0,190.36714285714285,95.46071428571429,5.947857142857143,76.95,78.78571428571429,84.64285714285714,14.678571428571429,26153.0,22164.0,150.0,104.61,5.21,150.0,43.93,46.43,Adecuado,Adecuado,Crítico,Adecuado,Crítico,Crítico,79.63,Ámbar,6.85,Ámbar,77.08,2024-07
57327974,Miguel Huamán Huamán,Monitoreo de Incidencias,San Isidro,2021-01-28,Activo,2024,07,2024-07,50.0,196.07,94.67857142857143,6.197857142857143,78.94,79.46428571428571,88.39285714285714,14.428571428571429,26911.0,23807.0,100.0,93.57,0.0,150.0,47.32,83.93,Adecuado,Por mejorar,Crítico,Adecuado,Crítico,Por mejorar,77.08,Ámbar,6.97,Ámbar,82.66,2024-08
57327974,Miguel Huamán Huamán,Monitoreo de Incidencias,San Isidro,2021-01-28,Activo,2024,08,2024-08,50.0,196.93964285714284,95.09892857142857,5.914285714285715,77.52,83.25,86.78571428571429,15.178571428571429,29154.0,25233.0,100.0,100.99,8.57,150.0,66.25,67.86,Adecuado,Adecuado,Crítico,Adecuado,Crítico,Crítico,82.66,Ámbar,6.92,Rojo,39.11,2024-09
57327974,Miguel Huamán Huamán,Monitoreo de Incidencias,San Isidro,2021-01-28,Activo,2024,09,2024-09,50.0,189.5367857142857,95.04392857142857,5.894642857142857,61.46,77.5,85.67857142857143,14.107142857142858,26265.0,22337.0,100.0,100.44,10.54,7.6,37.5,56.79,Adecuado,Adecuado,Crítico,Crítico,Crítico,Crítico,39.11,Rojo,6.93,Ámbar,81.99,2024-10
57327974,Miguel Huamán Huamán,Monitoreo de Incidencias,San Isidro,2021-01-28,Activo,2024,10,2024-10,55.0,196.755,95.00892857142857,6.072857142857143,77.82,81.35714285714286,85.28571428571429,14.678571428571429,24844.0,21147.0,150.0,100.09,0.0,150.0,56.79,52.86,Adecuado,Adecuado,Crítico,Adecuado,Crítico,Crítico,81.99,Ámbar,6.87,Ámbar,75.25,2024-11
57327974,Miguel Huamán Huamán,Monitoreo de Incidencias,San Isidro,2021-01-28,Activo,2024,11,2024-11,50.0,189.8632142857143,95.2075,5.833214285714286,72.67,81.96428571428571,86.82142857142857,14.607142857142858,27144.0,23391.0,100.0,102.08,16.68,119.7,59.82,68.21,Adecuado,Adecuado,Crítico,Adecuado,Crítico,Crítico,75.25,Ámbar,6.97,Rojo,64.85,2024-12
57327974,Miguel Huamán Huamán,Monitoreo de Incidencias,San Isidro,2021-01-28,Activo,2024,12,2024-12,55.0,196.35214285714287,94.81571428571428,5.928928571428571,68.91,79.39285714285714,86.53571428571429,14.821428571428571,27990.0,24263.0,150.0,96.31,7.11,82.1,46.96,65.36,Adecuado,Por mejorar,Crítico,Por mejorar,Crítico,Crítico,64.85,Rojo,6.97,Rojo,53.05,2025-01
57327974,Miguel Huamán Huamán,Monitoreo de Incidencias,San Isidro,2021-01-28,Activo,2025,01,2025-01,45.0,199.59678571428572,96.3825,6.0875,67.3,84.96428571428571,86.46428571428571,15.75,27973.0,24172.0,0.0,113.83,0.0,66.0,74.82,64.64,Crítico,Adecuado,Crítico,Crítico,Por mejorar,Crítico,53.05,Rojo,6.98,Rojo,65.14,2025-02
57327974,Miguel Huamán Huamán,Monitoreo de Incidencias,San Isidro,2021-01-28,Activo,2025,02,2025-02,45.0,173.71964285714284,94.37178571428572,5.880714285714285,75.07,77.32142857142857,88.92857142857143,13.857142857142858,25807.0,22847.0,0.0,87.44,11.93,143.7,36.61,89.29,Crítico,Por mejorar,Crítico,Adecuado,Crítico,Por mejorar,65.14,Rojo,6.93,Rojo,56.7,2025-03
57327974,Miguel Huamán Huamán,Monitoreo de Incidencias,San Isidro,2021-01-28,Activo,2025,03,2025-03,50.0,196.43714285714285,94.85535714285714,5.883928571428571,67.12,79.46428571428571,86.78571428571429,13.964285714285714,25833.0,22262.0,100.0,97.11,11.61,64.2,47.32,67.86,Adecuado,Por mejorar,Crítico,Crítico,Crítico,Crítico,56.7,Rojo,6.94,Rojo,67.98,2025-04
57327974,Miguel Huamán Huamán,Monitoreo de Incidencias,San Isidro,2021-01-28,Activo,2025,04,2025-04,55.0,188.8267857142857,94.6875,5.918571428571429,68.69,82.57142857142857,86.28571428571429,15.035714285714286,25263.0,21828.0,150.0,93.75,8.14,79.9,62.86,62.86,Adecuado,Por mejorar,Crítico,Por mejorar,Crítico,Crítico,67.98,Rojo,6.95,Rojo,53.27,2025-05
57327974,Miguel Huamán Huamán,Monitoreo de Incidencias,San Isidro,2021-01-28,Activo,2025,05,2025-05,50.0,196.72714285714287,94.99571428571429,6.110357142857143,69.69,76.35714285714286,82.85714285714286,13.678571428571429,27572.0,22767.0,100.0,99.91,0.0,89.9,31.79,28.57,Adecuado,Por mejorar,Crítico,Por mejorar,Crítico,Crítico,53.27,Rojo,6.99,Rojo,42.29,2025-06
57327974,Miguel Huamán Huamán,Monitoreo de Incidencias,San Isidro,2021-01-28,Activo,2025,06,2025-06,50.0,187.27178571428573,93.90785714285714,6.1935714285714285,60.76,83.42857142857143,87.53571428571429,15.321428571428571,25315.0,22101.0,100.0,78.16,0.0,0.6,67.14,75.36,Adecuado,Por mejorar,Crítico,Crítico,Crítico,Por mejorar,42.29,Rojo,6.95,Rojo,66.79,2025-07
57327974,Miguel Huamán Huamán,Monitoreo de Incidencias,San Isidro,2021-01-28,Activo,2025,07,2025-07,45.0,196.92607142857142,95.09285714285714,5.928928571428571,76.96,77.96428571428571,87.82142857142857,13.964285714285714,26229.0,22829.0,0.0,100.93,7.11,150.0,39.82,78.21,Crítico,Adecuado,Crítico,Adecuado,Crítico,Por mejorar,66.79,Rojo,6.91,Rojo,56.02,2025-08
57327974,Miguel Huamán Huamán,Monitoreo de Incidencias,San Isidro,2021-01-28,Activo,2025,08,2025-08,55.0,195.09964285714287,94.21,5.706785714285714,61.87,82.10714285714286,88.67857142857143,14.928571428571429,24828.0,22062.0,150.0,84.2,29.32,11.7,60.54,86.79,Adecuado,Por mejorar,Crítico,Crítico,Crítico,Por mejorar,56.02,Rojo,6.98,Rojo,58.64,2025-09
57327974,Miguel Huamán Huamán,Monitoreo de Incidencias,San Isidro,2021-01-28,Activo,2025,09,2025-09,50.0,189.80214285714285,95.1775,5.784642857142857,68.55,77.53571428571429,85.10714285714286,14.107142857142858,28044.0,23808.0,100.0,101.78,21.54,78.5,37.68,51.07,Adecuado,Adecuado,Crítico,Por mejorar,Crítico,Crítico,58.64,Rojo,6.88,Rojo,61.29,2025-10
57327974,Miguel Huamán Huamán,Monitoreo de Incidencias,San Isidro,2021-01-28,Activo,2025,10,2025-10,50.0,198.5992857142857,95.89928571428571,6.006785714285714,67.83,84.14285714285714,84.89285714285714,15.535714285714286,28203.0,23950.0,100.0,108.99,0.0,71.3,70.71,48.93,Adecuado,Adecuado,Crítico,Por mejorar,Por mejorar,Crítico,61.29,Rojo,6.99,Rojo,66.9,2025-11
57327974,Miguel Huamán Huamán,Monitoreo de Incidencias,San Isidro,2021-01-28,Activo,2025,11,2025-11,45.0,190.63214285714287,95.59428571428572,5.720714285714286,73.9,77.85714285714286,87.89285714285714,14.714285714285714,26202.0,23000.0,0.0,105.94,27.93,132.0,39.29,78.93,Crítico,Adecuado,Crítico,Adecuado,Crítico,Por mejorar,66.9,Rojo,6.97,Ámbar,76.86,2025-12
57327974,Miguel Huamán Huamán,Monitoreo de Incidencias,San Isidro,2021-01-28,Activo,2025,12,2025-12,55.0,196.41857142857143,94.84821428571429,6.168571428571429,77.5,75.64285714285714,87.60714285714286,13.464285714285714,27201.0,23776.0,150.0,96.96,0.0,150.0,28.21,76.07,Adecuado,Por mejorar,Crítico,Adecuado,Crítico,Por mejorar,76.86,Ámbar,6.98,Ámbar,88.65,2026-01
57327974,Miguel Huamán Huamán,Monitoreo de Incidencias,San Isidro,2021-01-28,Activo,2026,01,2026-01,50.0,197.58535714285713,95.41035714285714,5.876428571428572,76.7,85.21428571428571,89.25,15.392857142857142,28107.0,25099.0,100.0,104.1,12.36,150.0,76.07,92.5,Adecuado,Adecuado,Crítico,Adecuado,Por mejorar,Por mejorar,88.65,Ámbar,6.84,Ámbar,77.77,2026-02
57327974,Miguel Huamán Huamán,Monitoreo de Incidencias,San Isidro,2021-01-28,Activo,2026,02,2026-02,50.0,174.35857142857142,94.71928571428572,6.048214285714286,77.98,81.46428571428571,86.5,15.035714285714286,27929.0,23950.0,100.0,94.39,0.0,150.0,57.32,65.0,Adecuado,Por mejorar,Crítico,Adecuado,Crítico,Crítico,77.77,Ámbar,6.99,Rojo,49.43,2026-03
57327974,Miguel Huamán Huamán,Monitoreo de Incidencias,San Isidro,2021-01-28,Activo,2026,03,2026-03,55.0,197.12964285714287,95.19035714285714,5.9246428571428575,62.02,79.28571428571429,87.82142857142857,14.035714285714286,27095.0,23813.0,150.0,101.9,7.54,13.2,46.43,78.21,Adecuado,Adecuado,Crítico,Crítico,Crítico,Por mejorar,49.43,Rojo,6.95,Rojo,56.58,2026-04
58042604,Miguel Rojas Vargas,Central de Emergencias,Ate,2023-11-01,Activo,2024,01,2024-01,50.0,195.23857142857142,94.27785714285714,5.845,76.94,83.25,88.21428571428571,15.571428571428571,26050.0,23086.0,100.0,85.56,15.5,150.0,66.25,82.14,Adecuado,Por mejorar,Crítico,Adecuado,Crítico,Por mejorar,83.93,Ámbar,6.94,Ámbar,75.05,2024-02
58042604,Miguel Rojas Vargas,Central de Emergencias,Ate,2023-11-01,Activo,2024,02,2024-02,55.0,181.17642857142857,94.48642857142858,5.862857142857143,72.34,80.07142857142857,86.64285714285714,14.214285714285714,27344.0,23932.0,150.0,89.73,13.71,116.4,50.36,66.43,Adecuado,Por mejorar,Crítico,Adecuado,Crítico,Crítico,75.05,Ámbar,6.89,Rojo,66.43,2024-03
58042604,Miguel Rojas Vargas,Central de Emergencias,Ate,2023-11-01,Activo,2024,03,2024-03,45.0,196.59714285714287,94.93357142857143,6.002857142857143,77.88,80.67857142857143,85.71428571428571,14.464285714285714,25759.0,21990.0,0.0,98.67,0.0,150.0,53.39,57.14,Crítico,Por mejorar,Crítico,Adecuado,Crítico,Crítico,66.43,Rojo,6.98,Ámbar,82.27,2024-04
58042604,Miguel Rojas Vargas,Central de Emergencias,Ate,2023-11-01,Activo,2024,04,2024-04,50.0,189.72607142857143,95.13892857142856,6.0321428571428575,75.59,82.89285714285714,88.78571428571429,15.5,26891.0,23799.0,100.0,101.39,0.0,148.9,64.46,87.86,Adecuado,Adecuado,Crítico,Adecuado,Crítico,Por mejorar,82.27,Ámbar,6.97,Rojo,32.58,2024-05
58042604,Miguel Rojas Vargas,Central de Emergencias,Ate,2023-11-01,Activo,2024,05,2024-05,45.0,196.47785714285715,94.875,5.911428571428571,61.94,78.53571428571429,87.28571428571429,13.964285714285714,26056.0,22815.0,0.0,97.5,8.86,12.4,42.68,72.86,Crítico,Por mejorar,Crítico,Crítico,Crítico,Por mejorar,32.58,Rojo,6.95,Ámbar,80.12,2024-06
58042604,Miguel Rojas Vargas,Central de Emergencias,Ate,2023-11-01,Activo,2024,06,2024-06,50.0,191.52785714285713,96.04321428571428,5.805357142857143,76.95,75.96428571428571,90.46428571428571,13.75,26477.0,23994.0,100.0,110.43,19.46,150.0,29.82,102.32,Adecuado,Adecuado,Crítico,Adecuado,Crítico,Adecuado,80.12,Ámbar,6.94,Ámbar,71.62,2024-07
58042604,Miguel Rojas Vargas,Central de Emergencias,Ate,2023-11-01,Activo,2024,07,2024-07,45.0,197.3567857142857,95.30071428571429,5.998928571428571,78.94,81.89285714285714,88.92857142857143,14.964285714285714,25191.0,22466.0,0.0,103.01,0.11,150.0,59.46,89.29,Crítico,Adecuado,Crítico,Adecuado,Crítico,Por mejorar,71.62,Ámbar,6.87,Rojo,68.92,2024-08
58042604,Miguel Rojas Vargas,Central de Emergencias,Ate,2023-11-01,Activo,2024,08,2024-08,45.0,196.85607142857143,95.05785714285715,5.936071428571428,77.52,79.46428571428571,88.25,14.607142857142858,26240.0,23187.0,0.0,100.58,6.39,150.0,47.32,82.5,Crítico,Adecuado,Crítico,Adecuado,Crítico,Por mejorar,68.92,Rojo,6.97,Rojo,51.3,2024-09
58042604,Miguel Rojas Vargas,Central de Emergencias,Ate,2023-11-01,Activo,2024,09,2024-09,55.0,188.40357142857144,94.47535714285715,5.786785714285714,61.46,79.89285714285714,88.82142857142857,14.428571428571429,27066.0,24121.0,150.0,89.51,21.32,7.6,49.46,88.21,Adecuado,Por mejorar,Crítico,Crítico,Crítico,Por mejorar,51.3,Rojo,6.87,Ámbar,88.34,2024-10
58042604,Miguel Rojas Vargas,Central de Emergencias,Ate,2023-11-01,Activo,2024,10,2024-10,55.0,195.39357142857142,94.3525,5.914285714285715,77.82,83.82142857142857,88.14285714285714,15.857142857142858,24716.0,21812.0,150.0,87.05,8.57,150.0,69.11,81.43,Adecuado,Por mejorar,Crítico,Adecuado,Crítico,Por mejorar,88.34,Ámbar,6.78,Rojo,60.7,2024-11
58042604,Miguel Rojas Vargas,Central de Emergencias,Ate,2023-11-01,Activo,2024,11,2024-11,45.0,189.21928571428572,94.88428571428571,6.039285714285715,72.67,81.89285714285714,86.14285714285714,14.357142857142858,27571.0,23794.0,0.0,97.69,0.0,119.7,59.46,61.43,Crítico,Por mejorar,Crítico,Adecuado,Crítico,Crítico,60.7,Rojo,6.93,Rojo,60.48,2024-12
58042604,Miguel Rojas Vargas,Central de Emergencias,Ate,2023-11-01,Activo,2024,12,2024-12,55.0,196.4507142857143,94.86178571428572,6.114285714285714,68.91,76.64285714285714,86.92857142857143,13.714285714285714,28942.0,25201.0,150.0,97.24,0.0,82.1,33.21,69.29,Adecuado,Por mejorar,Crítico,Por mejorar,Crítico,Crítico,60.48,Rojo,6.96,Ámbar,72.68,2025-01
58042604,Miguel Rojas Vargas,Central de Emergencias,Ate,2023-11-01,Activo,2025,01,2025-01,55.0,198.7967857142857,95.995,6.083571428571428,67.3,87.46428571428571,88.35714285714286,15.892857142857142,27040.0,23929.0,150.0,109.95,0.0,66.0,87.32,83.57,Adecuado,Adecuado,Crítico,Crítico,Por mejorar,Por mejorar,72.68,Ámbar,6.98,Ámbar,79.02,2025-02
58042604,Miguel Rojas Vargas,Central de Emergencias,Ate,2023-11-01,Activo,2025,02,2025-02,50.0,175.10642857142858,95.125,5.821785714285714,75.07,77.60714285714286,89.89285714285714,14.607142857142858,25259.0,22755.0,100.0,101.25,17.82,143.7,38.04,98.93,Adecuado,Adecuado,Crítico,Adecuado,Crítico,Por mejorar,79.02,Ámbar,6.91,Rojo,65.81,2025-03
58042604,Miguel Rojas Vargas,Central de Emergencias,Ate,2023-11-01,Activo,2025,03,2025-03,55.0,198.99964285714285,96.09392857142858,5.8464285714285715,67.12,78.32142857142857,90.39285714285714,13.964285714285714,25834.0,23334.0,150.0,110.94,15.36,64.2,41.61,101.96,Adecuado,Adecuado,Crítico,Crítico,Crítico,Adecuado,65.81,Rojo,6.98,Rojo,52.47,2025-04
58042604,Miguel Rojas Vargas,Central de Emergencias,Ate,2023-11-01,Activo,2025,04,2025-04,45.0,187.39357142857142,93.96857142857142,5.884285714285714,68.69,79.39285714285714,91.0,14.642857142857142,26683.0,24068.0,0.0,79.37,11.57,79.9,46.96,105.0,Crítico,Por mejorar,Crítico,Por mejorar,Crítico,Adecuado,52.47,Rojo,7.0,Rojo,53.08,2025-05
58042604,Miguel Rojas Vargas,Central de Emergencias,Ate,2023-11-01,Activo,2025,05,2025-05,45.0,196.6432142857143,94.95571428571428,6.107857142857143,69.69,79.5,88.82142857142857,14.178571428571429,28017.0,24823.0,0.0,99.11,0.0,89.9,47.5,88.21,Crítico,Por mejorar,Crítico,Por mejorar,Crítico,Por mejorar,53.08,Rojo,6.91,Rojo,38.5,2025-06
58042604,Miguel Rojas Vargas,Central de Emergencias,Ate,2023-11-01,Activo,2025,06,2025-06,45.0,190.24535714285713,95.4,5.785357142857143,60.76,81.64285714285714,89.10714285714286,14.357142857142858,26049.0,23176.0,0.0,104.0,21.46,0.6,58.21,91.07,Crítico,Adecuado,Crítico,Crítico,Crítico,Por mejorar,38.5,Rojo,6.81,Ámbar,77.91,2025-07
58042604,Miguel Rojas Vargas,Central de Emergencias,Ate,2023-11-01,Activo,2025,07,2025-07,50.0,197.7967857142857,95.5125,6.052142857142857,76.96,80.71428571428571,86.5,14.785714285714286,28299.0,24595.0,100.0,105.13,0.0,150.0,53.57,65.0,Adecuado,Adecuado,Crítico,Adecuado,Crítico,Crítico,77.91,Ámbar,6.97,Rojo,44.05,2025-08
58042604,Miguel Rojas Vargas,Central de Emergencias,Ate,2023-11-01,Activo,2025,08,2025-08,50.0,197.6617857142857,95.44714285714285,5.975357142857143,61.87,80.46428571428571,87.10714285714286,14.785714285714286,27442.0,23946.0,100.0,104.47,2.46,11.7,52.32,71.07,Adecuado,Adecuado,Crítico,Crítico,Crítico,Por mejorar,44.05,Rojo,6.87,Rojo,49.19,2025-09
58042604,Miguel Rojas Vargas,Central de Emergencias,Ate,2023-11-01,Activo,2025,09,2025-09,45.0,188.2725,94.41035714285714,6.076071428571429,68.55,80.10714285714286,88.10714285714286,14.964285714285714,27903.0,24747.0,0.0,88.21,0.0,78.5,50.54,81.07,Crítico,Por mejorar,Crítico,Por mejorar,Crítico,Por mejorar,49.19,Rojo,6.97,Rojo,57.75,2025-10
58042604,Miguel Rojas Vargas,Central de Emergencias,Ate,2023-11-01,Activo,2025,10,2025-10,50.0,197.42785714285714,95.33357142857143,5.812857142857143,67.83,78.25,85.53571428571429,14.357142857142858,27021.0,23151.0,100.0,103.34,18.71,71.3,41.25,55.36,Adecuado,Adecuado,Crítico,Por mejorar,Crítico,Crítico,57.75,Rojo,6.62,Ámbar,76.51,2025-11
58042604,Miguel Rojas Vargas,Central de Emergencias,Ate,2023-11-01,Activo,2025,11,2025-11,55.0,188.10357142857143,94.32428571428571,5.833214285714286,73.9,76.25,88.71428571428571,13.785714285714286,27545.0,24465.0,150.0,86.49,16.68,132.0,31.25,87.14,Adecuado,Por mejorar,Crítico,Adecuado,Crítico,Por mejorar,76.51,Ámbar,6.96,Ámbar,90.64,2025-12
58042604,Miguel Rojas Vargas,Central de Emergencias,Ate,2023-11-01,Activo,2025,12,2025-12,55.0,196.3875,94.83071428571428,5.9575,77.5,86.07142857142857,87.53571428571429,15.714285714285714,28037.0,24465.0,150.0,96.61,4.25,150.0,80.36,75.36,Adecuado,Por mejorar,Crítico,Adecuado,Por mejorar,Por mejorar,90.64,Ámbar,6.95,Rojo,65.8,2026-01
58042604,Miguel Rojas Vargas,Central de Emergencias,Ate,2023-11-01,Activo,2026,01,2026-01,45.0,197.34,95.29285714285714,5.993571428571428,76.7,78.07142857142857,87.78571428571429,14.035714285714286,26848.0,23549.0,0.0,102.93,0.64,150.0,40.36,77.86,Crítico,Adecuado,Crítico,Adecuado,Crítico,Por mejorar,65.8,Rojo,6.97,Ámbar,80.68,2026-02
58042604,Miguel Rojas Vargas,Central de Emergencias,Ate,2023-11-01,Activo,2026,02,2026-02,55.0,173.6082142857143,94.31107142857142,5.925714285714285,77.98,80.85714285714286,84.5,14.714285714285714,25577.0,21622.0,150.0,86.22,7.43,150.0,54.29,45.0,Adecuado,Por mejorar,Crítico,Adecuado,Crítico,Crítico,80.68,Ámbar,6.98,Rojo,45.32,2026-03
58042604,Miguel Rojas Vargas,Central de Emergencias,Ate,2023-11-01,Activo,2026,03,2026-03,50.0,196.33535714285713,94.80714285714286,6.0875,62.02,81.17857142857143,88.42857142857143,13.964285714285714,25123.0,22234.0,100.0,96.14,0.0,13.2,55.89,84.29,Adecuado,Por mejorar,Crítico,Crítico,Crítico,Por mejorar,45.32,Rojo,6.99,Rojo,43.88,2026-04
58337899,Luis Castillo Morales,Gestión de Reportes,Los Olivos,2023-08-11,Activo,2024,01,2024-01,45.0,196.00571428571428,94.64642857142857,5.913214285714286,76.94,83.35714285714286,88.82142857142857,14.464285714285714,26124.0,23377.0,0.0,92.93,8.68,150.0,66.79,88.21,Crítico,Por mejorar,Crítico,Adecuado,Crítico,Por mejorar,74.05,Ámbar,6.91,Ámbar,70.27,2024-02
58337899,Luis Castillo Morales,Gestión de Reportes,Los Olivos,2023-08-11,Activo,2024,02,2024-02,55.0,181.4475,94.6275,6.008571428571429,72.34,77.07142857142857,88.07142857142857,13.714285714285714,25886.0,22614.0,150.0,92.55,0.0,116.4,35.36,80.71,Adecuado,Por mejorar,Crítico,Adecuado,Crítico,Por mejorar,70.27,Ámbar,6.96,Ámbar,76.32,2024-03
58337899,Luis Castillo Morales,Gestión de Reportes,Los Olivos,2023-08-11,Activo,2024,03,2024-03,50.0,197.84321428571428,95.535,5.909285714285715,77.88,77.75,86.78571428571429,13.75,26651.0,23196.0,100.0,105.35,9.07,150.0,38.75,67.86,Adecuado,Adecuado,Crítico,Adecuado,Crítico,Crítico,76.32,Ámbar,6.88,Ámbar,75.82,2024-04
58337899,Luis Castillo Morales,Gestión de Reportes,Los Olivos,2023-08-11,Activo,2024,04,2024-04,50.0,188.85392857142858,94.70142857142856,6.127857142857143,75.59,81.92857142857143,84.28571428571429,15.428571428571429,25912.0,21782.0,100.0,94.03,0.0,148.9,59.64,42.86,Adecuado,Por mejorar,Crítico,Adecuado,Crítico,Crítico,75.82,Ámbar,6.96,Rojo,53.84,2024-05
58337899,Luis Castillo Morales,Gestión de Reportes,Los Olivos,2023-08-11,Activo,2024,05,2024-05,50.0,197.06035714285716,95.15642857142858,5.771428571428571,61.94,83.75,88.82142857142857,15.142857142857142,27066.0,23968.0,100.0,101.56,22.86,12.4,68.75,88.21,Adecuado,Adecuado,Crítico,Crítico,Crítico,Por mejorar,53.84,Rojo,6.96,Ámbar,85.92,2024-06
58337899,Luis Castillo Morales,Gestión de Reportes,Los Olivos,2023-08-11,Activo,2024,06,2024-06,50.0,189.32857142857142,94.93857142857142,5.976071428571428,76.95,85.53571428571429,88.64285714285714,15.285714285714286,26999.0,23816.0,100.0,98.77,2.39,150.0,77.68,86.43,Adecuado,Por mejorar,Crítico,Adecuado,Por mejorar,Por mejorar,85.92,Ámbar,6.79,Ámbar,75.92,2024-07
58337899,Luis Castillo Morales,Gestión de Reportes,Los Olivos,2023-08-11,Activo,2024,07,2024-07,55.0,195.7317857142857,94.51535714285714,6.08,78.94,76.42857142857143,86.35714285714286,13.785714285714286,26845.0,23270.0,150.0,90.31,0.0,150.0,32.14,63.57,Adecuado,Por mejorar,Crítico,Adecuado,Crítico,Crítico,75.92,Ámbar,6.97,Ámbar,73.59,2024-08
58337899,Luis Castillo Morales,Gestión de Reportes,Los Olivos,2023-08-11,Activo,2024,08,2024-08,50.0,197.93321428571429,95.57821428571428,5.95,77.52,73.25,90.89285714285714,13.214285714285714,25562.0,23205.0,100.0,105.78,5.0,150.0,16.25,104.46,Adecuado,Adecuado,Crítico,Adecuado,Crítico,Adecuado,73.59,Ámbar,7.0,Rojo,51.97,2024-09
58337899,Luis Castillo Morales,Gestión de Reportes,Los Olivos,2023-08-11,Activo,2024,09,2024-09,55.0,188.2975,94.42285714285714,5.848214285714286,61.46,83.46428571428571,86.35714285714286,15.035714285714286,26371.0,22757.0,150.0,88.46,15.18,7.6,67.32,63.57,Adecuado,Por mejorar,Crítico,Crítico,Crítico,Crítico,51.97,Rojo,6.87,Ámbar,71.05,2024-10
58337899,Luis Castillo Morales,Gestión de Reportes,Los Olivos,2023-08-11,Activo,2024,10,2024-10,45.0,196.5092857142857,94.88964285714286,5.973928571428571,77.82,80.71428571428571,89.85714285714286,14.892857142857142,26217.0,23441.0,0.0,97.79,2.61,150.0,53.57,98.57,Crítico,Por mejorar,Crítico,Adecuado,Crítico,Por mejorar,71.05,Ámbar,7.0,Ámbar,72.76,2024-11
58337899,Luis Castillo Morales,Gestión de Reportes,Los Olivos,2023-08-11,Activo,2024,11,2024-11,55.0,191.06607142857143,95.81142857142858,6.053928571428571,72.67,77.53571428571429,87.60714285714286,13.964285714285714,24561.0,21688.0,150.0,108.11,0.0,119.7,37.68,76.07,Adecuado,Adecuado,Crítico,Adecuado,Crítico,Por mejorar,72.76,Ámbar,6.92,Rojo,54.9,2024-12
58337899,Luis Castillo Morales,Gestión de Reportes,Los Olivos,2023-08-11,Activo,2024,12,2024-12,45.0,197.75071428571428,95.49,6.063928571428572,68.91,80.89285714285714,90.53571428571429,14.642857142857142,24645.0,22241.0,0.0,104.9,0.0,82.1,54.46,102.68,Crítico,Adecuado,Crítico,Por mejorar,Crítico,Adecuado,54.9,Rojo,6.89,Rojo,43.66,2025-01
58337899,Luis Castillo Morales,Gestión de Reportes,Los Olivos,2023-08-11,Activo,2025,01,2025-01,45.0,196.77642857142857,95.01928571428572,6.023571428571429,67.3,76.85714285714286,88.57142857142857,13.678571428571429,25603.0,22463.0,0.0,100.19,0.0,66.0,34.29,85.71,Crítico,Adecuado,Crítico,Crítico,Crítico,Por mejorar,43.66,Rojo,6.98,Ámbar,76.39,2025-02
58337899,Luis Castillo Morales,Gestión de Reportes,Los Olivos,2023-08-11,Activo,2025,02,2025-02,50.0,174.5457142857143,94.81928571428571,5.811428571428571,75.07,77.64285714285714,87.5,14.75,27139.0,23806.0,100.0,96.39,18.86,143.7,38.21,75.0,Adecuado,Por mejorar,Crítico,Adecuado,Crítico,Por mejorar,76.39,Ámbar,6.98,Rojo,61.71,2025-03
58337899,Luis Castillo Morales,Gestión de Reportes,Los Olivos,2023-08-11,Activo,2025,03,2025-03,50.0,196.645,94.95607142857143,5.9660714285714285,67.12,82.14285714285714,89.89285714285714,15.25,25384.0,22894.0,100.0,99.12,3.39,64.2,60.71,98.93,Adecuado,Por mejorar,Crítico,Crítico,Crítico,Por mejorar,61.71,Rojo,7.0,Rojo,67.41,2025-04
58337899,Luis Castillo Morales,Gestión de Reportes,Los Olivos,2023-08-11,Activo,2025,04,2025-04,55.0,188.6625,94.60642857142857,5.808928571428571,68.69,80.89285714285714,85.78571428571429,14.535714285714286,26631.0,22975.0,150.0,92.13,19.11,79.9,54.46,57.86,Adecuado,Por mejorar,Crítico,Por mejorar,Crítico,Crítico,67.41,Rojo,7.0,Rojo,67.28,2025-05
58337899,Luis Castillo Morales,Gestión de Reportes,Los Olivos,2023-08-11,Activo,2025,05,2025-05,50.0,196.9675,95.11142857142858,5.928214285714286,69.69,82.46428571428571,87.67857142857143,15.178571428571429,26347.0,23132.0,100.0,101.11,7.18,89.9,62.32,76.79,Adecuado,Adecuado,Crítico,Por mejorar,Crítico,Por mejorar,67.28,Rojo,6.96,Rojo,46.99,2025-06
58337899,Luis Castillo Morales,Gestión de Reportes,Los Olivos,2023-08-11,Activo,2025,06,2025-06,45.0,191.00642857142856,95.78142857142858,5.639285714285714,60.76,85.53571428571429,89.42857142857143,15.464285714285714,26672.0,23885.0,0.0,107.81,36.07,0.6,77.68,94.29,Crítico,Adecuado,Crítico,Crítico,Por mejorar,Por mejorar,46.99,Rojo,6.93,Ámbar,79.6,2025-07
58337899,Luis Castillo Morales,Gestión de Reportes,Los Olivos,2023-08-11,Activo,2025,07,2025-07,50.0,195.82,94.5575,5.911428571428571,76.96,81.42857142857143,86.92857142857143,14.928571428571429,28475.0,24571.0,100.0,91.15,8.86,150.0,57.14,69.29,Adecuado,Por mejorar,Crítico,Adecuado,Crítico,Crítico,79.6,Ámbar,6.91,Rojo,59.54,2025-08
58337899,Luis Castillo Morales,Gestión de Reportes,Los Olivos,2023-08-11,Activo,2025,08,2025-08,55.0,196.99821428571428,95.12714285714286,5.679642857142857,61.87,83.46428571428571,88.25,15.321428571428571,26552.0,23395.0,150.0,101.27,32.04,11.7,67.32,82.5,Adecuado,Adecuado,Crítico,Crítico,Crítico,Por mejorar,59.54,Rojo,6.89,Rojo,45.28,2025-09
58337899,Luis Castillo Morales,Gestión de Reportes,Los Olivos,2023-08-11,Activo,2025,09,2025-09,45.0,187.67214285714286,94.10857142857142,5.891785714285715,68.55,77.53571428571429,85.85714285714286,14.571428571428571,26180.0,22530.0,0.0,82.17,10.82,78.5,37.68,58.57,Crítico,Por mejorar,Crítico,Por mejorar,Crítico,Crítico,45.28,Rojo,6.93,Rojo,65.46,2025-10
58337899,Luis Castillo Morales,Gestión de Reportes,Los Olivos,2023-08-11,Activo,2025,10,2025-10,55.0,195.43964285714284,94.37392857142858,5.938928571428572,67.83,81.96428571428571,87.71428571428571,15.0,26007.0,22792.0,150.0,87.48,6.11,71.3,59.82,77.14,Adecuado,Por mejorar,Crítico,Por mejorar,Crítico,Por mejorar,65.46,Rojo,6.91,Ámbar,74.0,2025-11
58337899,Luis Castillo Morales,Gestión de Reportes,Los Olivos,2023-08-11,Activo,2025,11,2025-11,50.0,187.2475,93.89642857142857,5.8475,73.9,83.64285714285714,83.10714285714286,15.607142857142858,28418.0,23584.0,100.0,77.93,15.25,132.0,68.21,31.07,Adecuado,Por mejorar,Crítico,Adecuado,Crítico,Crítico,74.0,Ámbar,6.94,Ámbar,71.92,2025-12
58337899,Luis Castillo Morales,Gestión de Reportes,Los Olivos,2023-08-11,Activo,2025,12,2025-12,50.0,195.97821428571427,94.63464285714285,5.907857142857143,77.5,73.96428571428571,88.35714285714286,13.392857142857142,27553.0,24243.0,100.0,92.69,9.21,150.0,19.82,83.57,Adecuado,Por mejorar,Crítico,Adecuado,Crítico,Por mejorar,71.92,Ámbar,6.82,Ámbar,79.15,2026-01
58337899,Luis Castillo Morales,Gestión de Reportes,Los Olivos,2023-08-11,Activo,2026,01,2026-01,50.0,197.60035714285715,95.41785714285714,5.954642857142857,76.7,78.57142857142857,89.60714285714286,14.25,27482.0,24733.0,100.0,104.18,4.54,150.0,42.86,96.07,Adecuado,Adecuado,Crítico,Adecuado,Crítico,Por mejorar,79.15,Ámbar,6.86,Ámbar,79.45,2026-02
58337899,Luis Castillo Morales,Gestión de Reportes,Los Olivos,2023-08-11,Activo,2026,02,2026-02,55.0,173.44392857142856,94.22142857142858,5.986071428571429,77.98,78.21428571428571,87.96428571428571,14.392857142857142,25757.0,22562.0,150.0,84.43,1.39,150.0,41.07,79.64,Adecuado,Por mejorar,Crítico,Adecuado,Crítico,Por mejorar,79.45,Ámbar,7.0,Rojo,49.03,2026-03
58337899,Luis Castillo Morales,Gestión de Reportes,Los Olivos,2023-08-11,Activo,2026,03,2026-03,55.0,195.57964285714286,94.44107142857143,6.020357142857143,62.02,79.53571428571429,89.92857142857143,13.964285714285714,27187.0,24401.0,150.0,88.82,0.0,13.2,47.68,99.29,Adecuado,Por mejorar,Crítico,Crítico,Crítico,Por mejorar,49.03,Rojo,7.0,Rojo,49.22,2026-04
60877311,Daniela Flores Rodríguez,Gestión de Reportes,Ate,2024-06-02,Activo,2024,01,2024-01,50.0,196.17214285714286,94.72714285714285,6.025714285714286,76.94,79.5,87.75,14.821428571428571,25975.0,22855.0,100.0,94.54,0.0,150.0,47.5,77.5,Adecuado,Por mejorar,Crítico,Adecuado,Crítico,Por mejorar,76.58,Ámbar,6.91,Ámbar,70.56,2024-02
60877311,Daniela Flores Rodríguez,Gestión de Reportes,Ate,2024-06-02,Activo,2024,02,2024-02,55.0,181.26285714285714,94.53,6.056785714285715,72.34,80.46428571428571,84.32142857142857,15.25,28291.0,23834.0,150.0,90.6,0.0,116.4,52.32,43.21,Adecuado,Por mejorar,Crítico,Adecuado,Crítico,Crítico,70.56,Ámbar,6.91,Rojo,69.97,2024-03
60877311,Daniela Flores Rodríguez,Gestión de Reportes,Ate,2024-06-02,Activo,2024,03,2024-03,45.0,197.5882142857143,95.41214285714285,5.735714285714286,77.88,78.5,86.14285714285714,13.892857142857142,27509.0,23886.0,0.0,104.12,26.43,150.0,42.5,61.43,Crítico,Adecuado,Crítico,Adecuado,Crítico,Crítico,69.97,Rojo,6.87,Rojo,68.5,2024-04
60877311,Daniela Flores Rodríguez,Gestión de Reportes,Ate,2024-06-02,Activo,2024,04,2024-04,45.0,189.22321428571428,94.88714285714286,5.951071428571429,75.59,78.67857142857143,89.67857142857143,14.285714285714286,25930.0,23249.0,0.0,97.74,4.89,148.9,43.39,96.79,Crítico,Por mejorar,Crítico,Adecuado,Crítico,Por mejorar,68.5,Rojo,6.99,Rojo,48.05,2024-05
60877311,Daniela Flores Rodríguez,Gestión de Reportes,Ate,2024-06-02,Activo,2024,05,2024-05,50.0,197.36714285714285,95.30428571428571,5.9925,61.94,82.0,89.5,14.714285714285714,27219.0,24312.0,100.0,103.04,0.75,12.4,60.0,95.0,Adecuado,Adecuado,Crítico,Crítico,Crítico,Por mejorar,48.05,Rojo,6.95,Ámbar,82.02,2024-06
60877311,Daniela Flores Rodríguez,Gestión de Reportes,Ate,2024-06-02,Activo,2024,06,2024-06,45.0,188.34178571428572,94.44571428571429,5.6814285714285715,76.95,87.32142857142857,87.60714285714286,15.928571428571429,26431.0,23241.0,0.0,88.91,31.86,150.0,86.61,76.07,Crítico,Por mejorar,Crítico,Adecuado,Por mejorar,Por mejorar,82.02,Ámbar,6.89,Ámbar,76.88,2024-07
60877311,Daniela Flores Rodríguez,Gestión de Reportes,Ate,2024-06-02,Activo,2024,07,2024-07,55.0,197.0575,95.15428571428572,6.131428571428572,78.94,77.17857142857143,85.25,14.178571428571429,28748.0,24563.0,150.0,101.54,0.0,150.0,35.89,52.5,Adecuado,Adecuado,Crítico,Adecuado,Crítico,Crítico,76.88,Ámbar,6.94,Ámbar,86.95,2024-08
60877311,Daniela Flores Rodríguez,Gestión de Reportes,Ate,2024-06-02,Activo,2024,08,2024-08,50.0,198.9192857142857,96.05357142857143,5.7403571428571425,77.52,81.39285714285714,88.96428571428571,14.642857142857142,25193.0,22416.0,100.0,110.54,25.96,150.0,56.96,89.64,Adecuado,Adecuado,Crítico,Adecuado,Crítico,Por mejorar,86.95,Ámbar,6.95,Rojo,49.79,2024-09
60877311,Daniela Flores Rodríguez,Gestión de Reportes,Ate,2024-06-02,Activo,2024,09,2024-09,50.0,189.58107142857142,95.06642857142857,6.078214285714286,61.46,86.28571428571429,87.46428571428571,16.214285714285715,27506.0,24023.0,100.0,100.66,0.0,7.6,81.43,74.64,Adecuado,Adecuado,Crítico,Crítico,Por mejorar,Por mejorar,49.79,Rojo,6.99,Rojo,66.39,2024-10
60877311,Daniela Flores Rodríguez,Gestión de Reportes,Ate,2024-06-02,Activo,2024,10,2024-10,45.0,197.83857142857144,95.53285714285714,6.094285714285714,77.82,78.42857142857143,87.82142857142857,14.0,26531.0,23184.0,0.0,105.33,0.0,150.0,42.14,78.21,Crítico,Adecuado,Crítico,Adecuado,Crítico,Por mejorar,66.39,Rojo,6.98,Rojo,69.64,2024-11
60877311,Daniela Flores Rodríguez,Gestión de Reportes,Ate,2024-06-02,Activo,2024,11,2024-11,50.0,189.92678571428573,95.23964285714285,6.044642857142857,72.67,80.32142857142857,86.57142857142857,14.428571428571429,24834.0,21405.0,100.0,102.4,0.0,119.7,51.61,65.71,Adecuado,Adecuado,Crítico,Adecuado,Crítico,Crítico,69.64,Rojo,7.0,Rojo,62.67,2024-12
60877311,Daniela Flores Rodríguez,Gestión de Reportes,Ate,2024-06-02,Activo,2024,12,2024-12,50.0,196.43714285714285,94.855,5.8532142857142855,68.91,77.35714285714286,90.60714285714286,13.857142857142858,25922.0,23420.0,100.0,97.1,14.68,82.1,36.79,103.04,Adecuado,Por mejorar,Crítico,Por mejorar,Crítico,Adecuado,62.67,Rojo,6.93,Rojo,64.17,2025-01
60877311,Daniela Flores Rodríguez,Gestión de Reportes,Ate,2024-06-02,Activo,2025,01,2025-01,55.0,195.1417857142857,94.23,5.9782142857142855,67.3,82.07142857142857,88.67857142857143,14.785714285714286,27646.0,24652.0,150.0,84.6,2.18,66.0,60.36,86.79,Adecuado,Por mejorar,Crítico,Crítico,Crítico,Por mejorar,64.17,Rojo,6.96,Ámbar,75.55,2025-02
60877311,Daniela Flores Rodríguez,Gestión de Reportes,Ate,2024-06-02,Activo,2025,02,2025-02,50.0,174.17035714285714,94.61678571428571,5.818928571428572,75.07,78.78571428571429,85.78571428571429,14.535714285714286,28047.0,24006.0,100.0,92.34,18.11,143.7,43.93,57.86,Adecuado,Por mejorar,Crítico,Adecuado,Crítico,Crítico,75.55,Ámbar,6.88,Rojo,54.73,2025-03
60877311,Daniela Flores Rodríguez,Gestión de Reportes,Ate,2024-06-02,Activo,2025,03,2025-03,50.0,195.96964285714284,94.63035714285714,5.851428571428571,67.12,76.21428571428571,88.67857142857143,13.75,26146.0,23296.0,100.0,92.61,14.86,64.2,31.07,86.79,Adecuado,Por mejorar,Crítico,Crítico,Crítico,Por mejorar,54.73,Rojo,6.87,Rojo,64.11,2025-04
60877311,Daniela Flores Rodríguez,Gestión de Reportes,Ate,2024-06-02,Activo,2025,04,2025-04,55.0,190.21285714285713,95.38321428571429,5.991428571428571,68.69,77.75,88.89285714285714,14.035714285714286,27025.0,24043.0,150.0,103.83,0.86,79.9,38.75,88.93,Adecuado,Adecuado,Crítico,Por mejorar,Crítico,Por mejorar,64.11,Rojo,6.98,Rojo,57.69,2025-05
60877311,Daniela Flores Rodríguez,Gestión de Reportes,Ate,2024-06-02,Activo,2025,05,2025-05,50.0,197.8607142857143,95.54321428571428,5.9957142857142856,69.69,75.60714285714286,87.57142857142857,13.785714285714286,29042.0,25463.0,100.0,105.43,0.43,89.9,28.04,75.71,Adecuado,Adecuado,Crítico,Por mejorar,Crítico,Por mejorar,57.69,Rojo,6.96,Rojo,23.3,2025-06
60877311,Daniela Flores Rodríguez,Gestión de Reportes,Ate,2024-06-02,Activo,2025,06,2025-06,45.0,187.45,93.9975,6.028928571428572,60.76,75.75,87.96428571428571,13.678571428571429,27559.0,24377.0,0.0,79.95,0.0,0.6,28.75,79.64,Crítico,Por mejorar,Crítico,Crítico,Crítico,Por mejorar,23.3,Rojo,6.99,Ámbar,79.95,2025-07
60877311,Daniela Flores Rodríguez,Gestión de Reportes,Ate,2024-06-02,Activo,2025,07,2025-07,50.0,196.99428571428572,95.12535714285714,5.892857142857143,76.96,81.46428571428571,85.85714285714286,14.75,27017.0,23151.0,100.0,101.25,10.71,150.0,57.32,58.57,Adecuado,Adecuado,Crítico,Adecuado,Crítico,Crítico,79.95,Ámbar,6.98,Rojo,50.72,2025-08
60877311,Daniela Flores Rodríguez,Gestión de Reportes,Ate,2024-06-02,Activo,2025,08,2025-08,55.0,195.87678571428572,94.585,6.103571428571429,61.87,83.78571428571429,86.39285714285714,15.142857142857142,25940.0,22516.0,150.0,91.7,0.0,11.7,68.93,63.93,Adecuado,Por mejorar,Crítico,Crítico,Crítico,Crítico,50.72,Rojo,6.99,Rojo,48.57,2025-09
60877311,Daniela Flores Rodríguez,Gestión de Reportes,Ate,2024-06-02,Activo,2025,09,2025-09,45.0,187.25321428571428,93.89857142857143,5.963928571428571,68.55,80.85714285714286,86.85714285714286,14.785714285714286,25440.0,22033.0,0.0,77.97,3.61,78.5,54.29,68.57,Crítico,Por mejorar,Crítico,Por mejorar,Crítico,Crítico,48.57,Rojo,6.91,Rojo,60.94,2025-10
60877311,Daniela Flores Rodríguez,Gestión de Reportes,Ate,2024-06-02,Activo,2025,10,2025-10,55.0,195.28464285714287,94.30035714285714,6.003571428571429,67.83,78.5,88.89285714285714,14.5,26288.0,23334.0,150.0,86.01,0.0,71.3,42.5,88.93,Adecuado,Por mejorar,Crítico,Por mejorar,Crítico,Por mejorar,60.94,Rojo,6.92,Rojo,56.37,2025-11
60877311,Daniela Flores Rodríguez,Gestión de Reportes,Ate,2024-06-02,Activo,2025,11,2025-11,45.0,189.36964285714285,94.95964285714285,5.9278571428571425,73.9,75.32142857142857,85.35714285714286,13.785714285714286,26367.0,22396.0,0.0,99.19,7.21,132.0,26.61,53.57,Crítico,Por mejorar,Crítico,Adecuado,Crítico,Crítico,56.37,Rojo,6.91,Ámbar,81.92,2025-12
60877311,Daniela Flores Rodríguez,Gestión de Reportes,Ate,2024-06-02,Activo,2025,12,2025-12,50.0,196.385,94.83,5.893928571428571,77.5,83.14285714285714,86.21428571428571,15.321428571428571,26721.0,23243.0,100.0,96.6,10.61,150.0,65.71,62.14,Adecuado,Por mejorar,Crítico,Adecuado,Crítico,Crítico,81.92,Ámbar,6.66,Rojo,63.33,2026-01
60877311,Daniela Flores Rodríguez,Gestión de Reportes,Ate,2024-06-02,Activo,2026,01,2026-01,45.0,194.45107142857142,93.89785714285715,6.060357142857143,76.7,79.28571428571429,86.42857142857143,14.5,26196.0,22611.0,0.0,77.96,0.0,150.0,46.43,64.29,Crítico,Por mejorar,Crítico,Adecuado,Crítico,Crítico,63.33,Rojo,6.99,Ámbar,85.48,2026-02
60877311,Daniela Flores Rodríguez,Gestión de Reportes,Ate,2024-06-02,Activo,2026,02,2026-02,55.0,173.59392857142856,94.30357142857143,6.0,77.98,83.07142857142857,88.03571428571429,15.357142857142858,26223.0,22916.0,150.0,86.07,0.0,150.0,65.36,80.36,Adecuado,Por mejorar,Crítico,Adecuado,Crítico,Por mejorar,85.48,Ámbar,6.99,Rojo,40.84,2026-03
60877311,Daniela Flores Rodríguez,Gestión de Reportes,Ate,2024-06-02,Activo,2026,03,2026-03,45.0,197.78821428571428,95.50821428571429,5.988928571428572,62.02,85.67857142857143,87.21428571428571,15.857142857142858,25384.0,22003.0,0.0,105.08,1.11,13.2,78.39,72.14,Crítico,Adecuado,Crítico,Crítico,Por mejorar,Por mejorar,40.84,Rojo,6.93,Rojo,51.66,2026-04
60950267,Lucía Medina Morales,Atención Operativa,Lima Centro,2024-03-27,Cesado,2024,01,2024-01,45.0,167.11238095238096,80.69428571428571,6.183529411764706,76.94,79.76190476190476,88.0,14.714285714285714,17628.0,15450.0,0.0,0.0,0.0,150.0,48.81,80.0,Crítico,Crítico,Crítico,Adecuado,Crítico,Por mejorar,57.7,Rojo,6.97,Rojo,60.96,2024-02
60950267,Lucía Medina Morales,Atención Operativa,Lima Centro,2024-03-27,Cesado,2024,02,2024-02,45.0,151.75666666666666,79.14285714285714,6.093684210526316,72.34,87.41176470588235,90.1875,15.411764705882353,15695.0,14145.0,0.0,0.0,0.0,116.4,87.06,100.94,Crítico,Crítico,Crítico,Adecuado,Por mejorar,Adecuado,60.96,Rojo,6.97,Rojo,60.06,2024-03
60950267,Lucía Medina Morales,Atención Operativa,Lima Centro,2024-03-27,Cesado,2024,03,2024-03,50.0,162.39705882352942,78.41882352941177,6.034,77.88,75.25,86.0,13.1875,14294.0,12335.0,100.0,0.0,0.0,150.0,26.25,60.0,Adecuado,Crítico,Crítico,Adecuado,Crítico,Crítico,60.06,Rojo,6.97,Ámbar,81.81,2024-04
60950267,Lucía Medina Morales,Atención Operativa,Lima Centro,2024-03-27,Cesado,2024,04,2024-04,55.0,157.5857142857143,79.02214285714285,5.781176470588235,75.59,83.28571428571429,88.6,15.428571428571429,12985.0,11563.0,150.0,0.0,21.88,148.9,66.43,86.0,Adecuado,Crítico,Crítico,Adecuado,Crítico,Por mejorar,81.81,Ámbar,6.75,Rojo,20.34,2024-05
60950267,Lucía Medina Morales,Atención Operativa,Lima Centro,2024-03-27,Cesado,2024,05,2024-05,45.0,160.97714285714287,77.73285714285714,5.9871428571428575,61.94,77.9375,87.0625,15.125,15672.0,13641.0,0.0,0.0,1.29,12.4,39.69,70.63,Crítico,Crítico,Crítico,Crítico,Crítico,Por mejorar,20.34,Rojo,7.0,Rojo,59.02,2024-06
60950267,Lucía Medina Morales,Atención Operativa,Lima Centro,2024-03-27,Cesado,2024,06,2024-06,45.0,156.85722222222222,78.65666666666667,5.961333333333333,76.95,78.77777777777777,89.77777777777777,15.055555555555555,17841.0,16078.0,0.0,0.0,3.87,150.0,43.89,97.78,Crítico,Crítico,Crítico,Adecuado,Crítico,Por mejorar,59.02,Rojo,6.91,Rojo,66.2,2024-07
60950267,Lucía Medina Morales,Atención Operativa,Lima Centro,2024-03-27,Cesado,2024,07,2024-07,50.0,166.9075,80.596875,5.963333333333333,78.94,77.17647058823529,89.0,13.588235294117647,17002.0,15147.0,100.0,0.0,3.67,150.0,35.88,90.0,Adecuado,Crítico,Crítico,Adecuado,Crítico,Por mejorar,66.2,Rojo,6.84,Rojo,53.68,2024-08
60950267,Lucía Medina Morales,Atención Operativa,Lima Centro,2024-03-27,Cesado,2024,08,2024-08,45.0,161.46642857142857,77.96857142857142,5.931666666666667,77.52,73.9375,89.88888888888889,13.625,16076.0,14373.0,0.0,0.0,6.83,150.0,19.69,98.89,Crítico,Crítico,Crítico,Adecuado,Crítico,Por mejorar,53.68,Rojo,6.99,Rojo,32.41,2024-09
60950267,Lucía Medina Morales,Atención Operativa,Lima Centro,2024-03-27,Cesado,2024,09,2024-09,55.0,156.7061111111111,78.58111111111111,6.028333333333333,61.46,77.4,86.26086956521739,13.666666666666666,22611.0,19490.0,150.0,0.0,0.0,7.6,37.0,62.61,Adecuado,Crítico,Crítico,Crítico,Crítico,Crítico,32.41,Rojo,6.85,Rojo,59.15,2024-10
60950267,Lucía Medina Morales,Atención Operativa,Lima Centro,2024-03-27,Cesado,2024,10,2024-10,45.0,169.475,81.835,5.927777777777778,77.82,78.04545454545455,90.3,14.136363636363637,9518.0,8622.0,0.0,0.0,7.22,150.0,40.23,101.5,Crítico,Crítico,Crítico,Adecuado,Crítico,Adecuado,59.15,Rojo,6.88,Rojo,60.9,2024-11
60950267,Lucía Medina Morales,Atención Operativa,Lima Centro,2024-03-27,Cesado,2024,11,2024-11,50.0,155.1390909090909,77.79454545454546,5.683,72.67,77.33333333333333,85.46666666666667,13.666666666666666,14395.0,12311.0,100.0,0.0,31.7,119.7,36.67,54.67,Adecuado,Crítico,Crítico,Adecuado,Crítico,Crítico,60.9,Rojo,6.94,Rojo,55.07,2024-12
60950267,Lucía Medina Morales,Atención Operativa,Lima Centro,2024-03-27,Cesado,2024,12,2024-12,50.0,162.71266666666668,78.57133333333333,5.930909090909091,68.91,81.875,88.3125,15.0625,15857.0,13872.0,100.0,0.0,6.91,82.1,59.38,83.13,Adecuado,Crítico,Crítico,Por mejorar,Crítico,Por mejorar,55.07,Rojo,6.95,Rojo,49.81,2025-01
60950267,Lucía Medina Morales,Atención Operativa,Lima Centro,2024-03-27,Cesado,2025,01,2025-01,55.0,162.83777777777777,78.63166666666666,5.912941176470588,67.3,78.05882352941177,86.5,13.941176470588236,16888.0,14639.0,150.0,0.0,8.71,66.0,40.29,65.0,Adecuado,Crítico,Crítico,Crítico,Crítico,Crítico,49.81,Rojo,6.94,Rojo,58.58,2025-02
60950267,Lucía Medina Morales,Atención Operativa,Lima Centro,2024-03-27,Cesado,2025,02,2025-02,45.0,147.04809523809524,79.88333333333334,5.989411764705882,75.07,81.6875,87.83333333333333,14.125,17067.0,14976.0,0.0,0.0,1.06,143.7,58.44,78.33,Crítico,Crítico,Crítico,Adecuado,Crítico,Por mejorar,58.58,Rojo,6.88,Rojo,45.79,2025-03
60950267,Lucía Medina Morales,Atención Operativa,Lima Centro,2024-03-27,Cesado,2025,03,2025-03,45.0,163.25380952380954,78.83190476190477,5.883571428571429,67.12,87.70588235294117,85.27777777777777,15.882352941176471,15287.0,12973.0,0.0,0.0,11.64,64.2,88.53,52.78,Crítico,Crítico,Crítico,Crítico,Por mejorar,Crítico,45.79,Rojo,6.66,Rojo,62.47,2025-04
60950267,Lucía Medina Morales,Atención Operativa,Lima Centro,2024-03-27,Cesado,2025,04,2025-04,55.0,159.94722222222222,80.20666666666666,5.829473684210527,68.69,81.17647058823529,90.23809523809524,14.176470588235293,19605.0,17709.0,150.0,0.0,17.05,79.9,55.88,101.19,Adecuado,Crítico,Crítico,Por mejorar,Crítico,Adecuado,62.47,Rojo,6.97,Rojo,52.01,2025-05
60950267,Lucía Medina Morales,Atención Operativa,Lima Centro,2024-03-27,Cesado,2025,05,2025-05,50.0,170.57642857142858,82.36785714285715,5.955625,69.69,80.4,85.6470588235294,14.533333333333333,17275.0,14838.0,100.0,0.0,4.44,89.9,52.0,56.47,Adecuado,Crítico,Crítico,Por mejorar,Crítico,Crítico,52.01,Rojo,6.87,Rojo,34.06,2025-06
60950267,Lucía Medina Morales,Atención Operativa,Lima Centro,2024-03-27,Cesado,2025,06,2025-06,55.0,160.78538461538463,80.62615384615384,5.9775,60.76,80.1,85.83333333333333,14.6,16249.0,13864.0,150.0,0.0,2.25,0.6,50.5,58.33,Adecuado,Crítico,Crítico,Crítico,Crítico,Crítico,34.06,Rojo,6.89,Rojo,56.0,2025-07
60950267,Lucía Medina Morales,Atención Operativa,Lima Centro,2024-03-27,Cesado,2025,07,2025-07,45.0,169.4964705882353,81.84529411764706,6.018666666666666,76.96,76.58823529411765,90.52941176470588,13.647058823529411,17007.0,15369.0,0.0,0.0,0.0,150.0,32.94,102.65,Crítico,Crítico,Crítico,Adecuado,Crítico,Adecuado,56.0,Rojo,6.94,Rojo,26.36,2025-08
60950267,Lucía Medina Morales,Atención Operativa,Lima Centro,2024-03-27,Cesado,2025,08,2025-08,50.0,170.70176470588234,82.42764705882352,6.233684210526316,61.87,74.35,88.0,13.75,16800.0,14762.0,100.0,0.0,0.0,11.7,21.75,80.0,Adecuado,Crítico,Crítico,Crítico,Crítico,Por mejorar,26.36,Rojo,6.98,Rojo,48.65,2025-09
60950267,Lucía Medina Morales,Atención Operativa,Lima Centro,2024-03-27,Cesado,2025,09,2025-09,50.0,159.14352941176472,79.8035294117647,5.961764705882353,68.55,81.3076923076923,84.125,14.384615384615385,16704.0,13971.0,100.0,0.0,3.82,78.5,56.54,41.25,Adecuado,Crítico,Crítico,Por mejorar,Crítico,Crítico,48.65,Rojo,6.94,Rojo,41.86,2025-10
60950267,Lucía Medina Morales,Atención Operativa,Lima Centro,2024-03-27,Cesado,2025,10,2025-10,50.0,162.5495,78.492,6.0505555555555555,67.83,78.47058823529412,83.44444444444444,14.117647058823529,17060.0,14236.0,100.0,0.0,0.0,71.3,42.35,34.44,Adecuado,Crítico,Crítico,Por mejorar,Crítico,Crítico,41.86,Rojo,6.87,Rojo,63.14,2025-11
60950267,Lucía Medina Morales,Atención Operativa,Lima Centro,2024-03-27,Cesado,2025,11,2025-11,55.0,156.742,78.599,6.197857142857143,73.9,75.42857142857143,88.3529411764706,13.928571428571429,15835.0,14159.0,150.0,0.0,0.0,132.0,27.14,83.53,Adecuado,Crítico,Crítico,Adecuado,Crítico,Por mejorar,63.14,Rojo,6.94,Ámbar,83.28,2025-12
60950267,Lucía Medina Morales,Atención Operativa,Lima Centro,2024-03-27,Cesado,2025,12,2025-12,55.0,161.29,77.88461538461539,5.720555555555555,77.5,83.95652173913044,87.75,15.391304347826088,16203.0,14173.0,150.0,0.0,27.94,150.0,69.78,77.5,Adecuado,Crítico,Crítico,Adecuado,Crítico,Por mejorar,83.28,Ámbar,6.55,Rojo,62.04,2026-01
60950267,Lucía Medina Morales,Atención Operativa,Lima Centro,2024-03-27,Cesado,2026,01,2026-01,45.0,167.4609090909091,80.86454545454545,6.003333333333333,76.7,81.27777777777777,90.88235294117646,15.0,15962.0,14326.0,0.0,0.0,0.0,150.0,56.39,104.41,Crítico,Crítico,Crítico,Adecuado,Crítico,Adecuado,62.04,Rojo,6.98,Rojo,64.71,2026-02
60950267,Lucía Medina Morales,Atención Operativa,Lima Centro,2024-03-27,Cesado,2026,02,2026-02,55.0,149.301875,81.105625,5.990666666666667,77.98,76.15,84.33333333333333,14.6,17700.0,14955.0,150.0,0.0,0.93,150.0,30.75,43.33,Adecuado,Crítico,Crítico,Adecuado,Crítico,Crítico,64.71,Rojo,6.99,Rojo,24.97,2026-03
60950267,Lucía Medina Morales,Atención Operativa,Lima Centro,2024-03-27,Cesado,2026,03,2026-03,45.0,166.1195,80.215,6.128125,62.02,82.28571428571429,86.3157894736842,15.214285714285714,17358.0,14913.0,0.0,0.0,0.0,13.2,61.43,63.16,Crítico,Crítico,Crítico,Crítico,Crítico,Crítico,24.97,Rojo,6.97,Rojo,39.08,2026-04
61396201,Diego Rojas Huamán,Monitoreo de Incidencias,Ate,2021-06-04,Activo,2024,01,2024-01,50.0,197.15178571428572,95.20178571428572,6.051785714285714,76.94,75.82142857142857,87.28571428571429,13.75,27506.0,23967.0,100.0,102.02,0.0,150.0,29.11,72.86,Adecuado,Adecuado,Crítico,Adecuado,Crítico,Por mejorar,72.27,Ámbar,6.83,Ámbar,73.39,2024-02
61396201,Diego Rojas Huamán,Monitoreo de Incidencias,Ate,2021-06-04,Activo,2024,02,2024-02,50.0,182.0392857142857,94.935,5.814285714285714,72.34,80.10714285714286,88.07142857142857,14.821428571428571,27884.0,24761.0,100.0,98.7,18.57,116.4,50.54,80.71,Adecuado,Por mejorar,Crítico,Adecuado,Crítico,Por mejorar,73.39,Ámbar,6.97,Ámbar,80.99,2024-03
61396201,Diego Rojas Huamán,Monitoreo de Incidencias,Ate,2021-06-04,Activo,2024,03,2024-03,50.0,195.6067857142857,94.45607142857143,5.921785714285714,77.88,82.21428571428571,87.75,14.892857142857142,27114.0,23916.0,100.0,89.12,7.82,150.0,61.07,77.5,Adecuado,Por mejorar,Crítico,Adecuado,Crítico,Por mejorar,80.99,Ámbar,7.0,Ámbar,81.24,2024-04
61396201,Diego Rojas Huamán,Monitoreo de Incidencias,Ate,2021-06-04,Activo,2024,04,2024-04,55.0,190.13857142857142,95.34642857142858,5.9557142857142855,75.59,79.28571428571429,86.17857142857143,14.642857142857142,27371.0,23641.0,150.0,103.46,4.43,148.9,46.43,61.79,Adecuado,Adecuado,Crítico,Adecuado,Crítico,Crítico,81.24,Ámbar,6.98,Rojo,52.73,2024-05
61396201,Diego Rojas Huamán,Monitoreo de Incidencias,Ate,2021-06-04,Activo,2024,05,2024-05,55.0,196.30928571428572,94.79464285714286,6.19,61.94,84.28571428571429,87.17857142857143,15.035714285714286,28063.0,24390.0,150.0,95.89,0.0,12.4,71.43,71.79,Adecuado,Por mejorar,Crítico,Crítico,Por mejorar,Por mejorar,52.73,Rojo,6.92,Ámbar,84.32,2024-06
61396201,Diego Rojas Huamán,Monitoreo de Incidencias,Ate,2021-06-04,Activo,2024,06,2024-06,55.0,189.6375,95.09392857142858,6.093571428571429,76.95,80.17857142857143,89.0,14.535714285714286,24365.0,21775.0,150.0,100.94,0.0,150.0,50.89,90.0,Adecuado,Adecuado,Crítico,Adecuado,Crítico,Por mejorar,84.32,Ámbar,6.96,Rojo,66.54,2024-07
61396201,Diego Rojas Huamán,Monitoreo de Incidencias,Ate,2021-06-04,Activo,2024,07,2024-07,45.0,197.19321428571428,95.22071428571428,5.892142857142857,78.94,78.35714285714286,86.21428571428571,14.428571428571429,25591.0,22056.0,0.0,102.21,10.79,150.0,41.79,62.14,Crítico,Adecuado,Crítico,Adecuado,Crítico,Crítico,66.54,Rojo,6.77,Ámbar,78.73,2024-08
61396201,Diego Rojas Huamán,Monitoreo de Incidencias,Ate,2021-06-04,Activo,2024,08,2024-08,50.0,197.6075,95.42071428571428,5.7925,77.52,75.92857142857143,89.25,13.928571428571429,26043.0,23198.0,100.0,104.21,20.75,150.0,29.64,92.5,Adecuado,Adecuado,Crítico,Adecuado,Crítico,Por mejorar,78.73,Ámbar,6.95,Rojo,48.85,2024-09
61396201,Diego Rojas Huamán,Monitoreo de Incidencias,Ate,2021-06-04,Activo,2024,09,2024-09,55.0,190.26357142857142,95.40785714285714,6.111428571428571,61.46,79.75,89.35714285714286,13.857142857142858,26680.0,23936.0,150.0,104.08,0.0,7.6,48.75,93.57,Adecuado,Adecuado,Crítico,Crítico,Crítico,Por mejorar,48.85,Rojo,7.0,Rojo,67.2,2024-10
61396201,Diego Rojas Huamán,Monitoreo de Incidencias,Ate,2021-06-04,Activo,2024,10,2024-10,45.0,196.325,94.80178571428571,6.003928571428571,77.82,83.67857142857143,83.0,15.642857142857142,25557.0,21213.0,0.0,96.04,0.0,150.0,68.39,30.0,Crítico,Por mejorar,Crítico,Adecuado,Crítico,Crítico,67.2,Rojo,6.99,Ámbar,71.96,2024-11
61396201,Diego Rojas Huamán,Monitoreo de Incidencias,Ate,2021-06-04,Activo,2024,11,2024-11,50.0,188.83,94.68964285714286,5.933928571428571,72.67,79.64285714285714,89.28571428571429,13.964285714285714,25987.0,23170.0,100.0,93.79,6.61,119.7,48.21,92.86,Adecuado,Por mejorar,Crítico,Adecuado,Crítico,Por mejorar,71.96,Ámbar,6.87,Rojo,60.0,2024-12
61396201,Diego Rojas Huamán,Monitoreo de Incidencias,Ate,2021-06-04,Activo,2024,12,2024-12,50.0,196.31571428571428,94.79785714285714,5.855357142857143,68.91,76.39285714285714,89.0,14.035714285714286,25401.0,22598.0,100.0,95.96,14.46,82.1,31.96,90.0,Adecuado,Por mejorar,Crítico,Por mejorar,Crítico,Por mejorar,60.0,Rojo,6.98,Rojo,47.06,2025-01
61396201,Diego Rojas Huamán,Monitoreo de Incidencias,Ate,2021-06-04,Activo,2025,01,2025-01,45.0,197.13285714285715,95.1925,5.983928571428572,67.3,79.32142857142857,88.39285714285714,14.428571428571429,26477.0,23208.0,0.0,101.93,1.61,66.0,46.61,83.93,Crítico,Adecuado,Crítico,Crítico,Crítico,Por mejorar,47.06,Rojo,6.99,Ámbar,80.43,2025-02
61396201,Diego Rojas Huamán,Monitoreo de Incidencias,Ate,2021-06-04,Activo,2025,02,2025-02,55.0,173.86392857142857,94.44964285714286,5.899642857142857,75.07,77.67857142857143,89.0,14.464285714285714,26645.0,23738.0,150.0,88.99,10.04,143.7,38.39,90.0,Adecuado,Por mejorar,Crítico,Adecuado,Crítico,Por mejorar,80.43,Ámbar,6.86,Rojo,50.16,2025-03
61396201,Diego Rojas Huamán,Monitoreo de Incidencias,Ate,2021-06-04,Activo,2025,03,2025-03,50.0,197.43464285714285,95.33678571428571,6.008571428571429,67.12,74.67857142857143,87.92857142857143,13.464285714285714,27206.0,23999.0,100.0,103.37,0.0,64.2,23.39,79.29,Adecuado,Adecuado,Crítico,Crítico,Crítico,Por mejorar,50.16,Rojo,6.88,Rojo,66.02,2025-04
61396201,Diego Rojas Huamán,Monitoreo de Incidencias,Ate,2021-06-04,Activo,2025,04,2025-04,50.0,188.97142857142856,94.76,6.0789285714285715,68.69,83.17857142857143,90.10714285714286,15.571428571428571,24836.0,22490.0,100.0,95.2,0.0,79.9,65.89,100.54,Adecuado,Por mejorar,Crítico,Por mejorar,Crítico,Adecuado,66.02,Rojo,7.0,Rojo,51.2,2025-05
61396201,Diego Rojas Huamán,Monitoreo de Incidencias,Ate,2021-06-04,Activo,2025,05,2025-05,45.0,195.755,94.52642857142857,6.102857142857143,69.69,80.39285714285714,86.67857142857143,14.428571428571429,26599.0,23208.0,0.0,90.53,0.0,89.9,51.96,66.79,Crítico,Por mejorar,Crítico,Por mejorar,Crítico,Crítico,51.2,Rojo,6.91,Rojo,32.84,2025-06
61396201,Diego Rojas Huamán,Monitoreo de Incidencias,Ate,2021-06-04,Activo,2025,06,2025-06,45.0,190.0192857142857,95.285,5.7725,60.76,79.28571428571429,86.25,13.785714285714286,26636.0,22919.0,0.0,102.85,22.75,0.6,46.43,62.5,Crítico,Adecuado,Crítico,Crítico,Crítico,Crítico,32.84,Rojo,6.99,Ámbar,85.67,2025-07
61396201,Diego Rojas Huamán,Monitoreo de Incidencias,Ate,2021-06-04,Activo,2025,07,2025-07,55.0,196.13571428571427,94.71,5.925,76.96,80.57142857142857,89.03571428571429,14.357142857142858,26878.0,23881.0,150.0,94.2,7.5,150.0,52.86,90.36,Adecuado,Por mejorar,Crítico,Adecuado,Crítico,Por mejorar,85.67,Ámbar,6.98,Rojo,33.14,2025-08
61396201,Diego Rojas Huamán,Monitoreo de Incidencias,Ate,2021-06-04,Activo,2025,08,2025-08,45.0,196.2425,94.76142857142857,6.113214285714285,61.87,78.92857142857143,89.53571428571429,14.464285714285714,24929.0,22433.0,0.0,95.23,0.0,11.7,44.64,95.36,Crítico,Por mejorar,Crítico,Crítico,Crítico,Por mejorar,33.14,Rojo,6.99,Rojo,63.46,2025-09
61396201,Diego Rojas Huamán,Monitoreo de Incidencias,Ate,2021-06-04,Activo,2025,09,2025-09,50.0,189.17,94.86071428571428,6.053928571428571,68.55,83.46428571428571,87.28571428571429,15.178571428571429,26144.0,22970.0,100.0,97.21,0.0,78.5,67.32,72.86,Adecuado,Por mejorar,Crítico,Por mejorar,Crítico,Por mejorar,63.46,Rojo,6.99,Rojo,52.51,2025-10
61396201,Diego Rojas Huamán,Monitoreo de Incidencias,Ate,2021-06-04,Activo,2025,10,2025-10,50.0,196.6942857142857,94.98,6.069285714285714,67.83,75.89285714285714,87.35714285714286,13.964285714285714,25237.0,21958.0,100.0,99.6,0.0,71.3,29.46,73.57,Adecuado,Por mejorar,Crítico,Por mejorar,Crítico,Por mejorar,52.51,Rojo,6.91,Ámbar,78.56,2025-11
61396201,Diego Rojas Huamán,Monitoreo de Incidencias,Ate,2021-06-04,Activo,2025,11,2025-11,55.0,191.51392857142858,96.03642857142857,6.275357142857143,73.9,77.03571428571429,91.46428571428571,14.357142857142858,28434.0,25980.0,150.0,110.36,0.0,132.0,35.18,107.32,Adecuado,Adecuado,Crítico,Adecuado,Crítico,Adecuado,78.56,Ámbar,6.95,Ámbar,81.9,2025-12
61396201,Diego Rojas Huamán,Monitoreo de Incidencias,Ate,2021-06-04,Activo,2025,12,2025-12,50.0,196.31464285714284,94.79714285714286,5.768571428571429,77.5,78.57142857142857,89.46428571428571,14.214285714285714,27194.0,24179.0,100.0,95.94,23.14,150.0,42.86,94.64,Adecuado,Por mejorar,Crítico,Adecuado,Crítico,Por mejorar,81.9,Ámbar,6.99,Ámbar,75.64,2026-01
61396201,Diego Rojas Huamán,Monitoreo de Incidencias,Ate,2021-06-04,Activo,2026,01,2026-01,50.0,197.06107142857144,95.15714285714286,5.9660714285714285,76.7,75.78571428571429,90.14285714285714,13.821428571428571,27125.0,24376.0,100.0,101.57,3.39,150.0,28.93,100.71,Adecuado,Adecuado,Crítico,Adecuado,Crítico,Adecuado,75.64,Ámbar,6.91,Rojo,60.16,2026-02
61396201,Diego Rojas Huamán,Monitoreo de Incidencias,Ate,2021-06-04,Activo,2026,02,2026-02,45.0,173.64607142857142,94.33142857142857,5.9875,77.98,77.57142857142857,84.28571428571429,14.214285714285714,26647.0,22360.0,0.0,86.63,1.25,150.0,37.86,42.86,Crítico,Por mejorar,Crítico,Adecuado,Crítico,Crítico,60.16,Rojo,6.99,Rojo,46.19,2026-03
61396201,Diego Rojas Huamán,Monitoreo de Incidencias,Ate,2021-06-04,Activo,2026,03,2026-03,50.0,196.62785714285715,94.94821428571429,5.971071428571428,62.02,81.25,88.35714285714286,14.928571428571429,24783.0,21936.0,100.0,98.96,2.89,13.2,56.25,83.57,Adecuado,Por mejorar,Crítico,Crítico,Crítico,Por mejorar,46.19,Rojo,6.99,Rojo,37.67,2026-04
61415038,Luis Gutiérrez Torres,Gestión de Reportes,Miraflores,2025-08-11,Activo,2024,01,2024-01,50.0,196.07392857142858,94.68142857142857,5.849285714285714,76.94,76.03571428571429,84.46428571428571,13.785714285714286,26519.0,22397.0,100.0,93.63,15.07,150.0,30.18,44.64,Adecuado,Por mejorar,Crítico,Adecuado,Crítico,Crítico,71.89,Ámbar,6.94,Rojo,69.07,2024-02
61415038,Luis Gutiérrez Torres,Gestión de Reportes,Miraflores,2025-08-11,Activo,2024,02,2024-02,55.0,182.9467857142857,95.40821428571428,6.041428571428572,72.34,77.53571428571429,85.14285714285714,14.107142857142858,26653.0,22976.0,150.0,104.08,0.0,116.4,37.68,51.43,Adecuado,Adecuado,Crítico,Adecuado,Crítico,Crítico,69.07,Rojo,6.91,Ámbar,78.48,2024-03
61415038,Luis Gutiérrez Torres,Gestión de Reportes,Miraflores,2025-08-11,Activo,2024,03,2024-03,50.0,197.42285714285714,95.33285714285714,5.898928571428572,77.88,78.5,88.0,14.642857142857142,26008.0,23022.0,100.0,103.33,10.11,150.0,42.5,80.0,Adecuado,Adecuado,Crítico,Adecuado,Crítico,Por mejorar,78.48,Ámbar,6.81,Rojo,63.8,2024-04
61415038,Luis Gutiérrez Torres,Gestión de Reportes,Miraflores,2025-08-11,Activo,2024,04,2024-04,50.0,188.7932142857143,94.67107142857142,6.05,75.59,72.35714285714286,84.28571428571429,12.964285714285714,27392.0,23119.0,100.0,93.42,0.0,148.9,11.79,42.86,Adecuado,Por mejorar,Crítico,Adecuado,Crítico,Crítico,63.8,Rojo,7.0,Rojo,49.85,2024-05
61415038,Luis Gutiérrez Torres,Gestión de Reportes,Miraflores,2025-08-11,Activo,2024,05,2024-05,55.0,196.16357142857143,94.72428571428571,5.9817857142857145,61.94,80.89285714285714,88.32142857142857,14.714285714285714,26053.0,23115.0,150.0,94.49,1.82,12.4,54.46,83.21,Adecuado,Por mejorar,Crítico,Crítico,Crítico,Por mejorar,49.85,Rojo,6.99,Ámbar,74.25,2024-06
61415038,Luis Gutiérrez Torres,Gestión de Reportes,Miraflores,2025-08-11,Activo,2024,06,2024-06,50.0,188.46214285714285,94.505,5.933571428571429,76.95,78.21428571428571,86.14285714285714,14.107142857142858,25453.0,21752.0,100.0,90.1,6.64,150.0,41.07,61.43,Adecuado,Por mejorar,Crítico,Adecuado,Crítico,Crítico,74.25,Ámbar,6.99,Ámbar,76.25,2024-07
61415038,Luis Gutiérrez Torres,Gestión de Reportes,Miraflores,2025-08-11,Activo,2024,07,2024-07,50.0,196.63714285714286,94.95285714285714,5.863571428571428,78.94,75.03571428571429,89.82142857142857,13.964285714285714,25911.0,23315.0,100.0,99.06,13.64,150.0,25.18,98.21,Adecuado,Por mejorar,Crítico,Adecuado,Crítico,Por mejorar,76.25,Ámbar,6.85,Ámbar,82.36,2024-08
61415038,Luis Gutiérrez Torres,Gestión de Reportes,Miraflores,2025-08-11,Activo,2024,08,2024-08,50.0,195.99035714285714,94.63928571428572,5.828571428571428,77.52,80.75,88.71428571428571,14.785714285714286,26947.0,23748.0,100.0,92.79,17.14,150.0,53.75,87.14,Adecuado,Por mejorar,Crítico,Adecuado,Crítico,Por mejorar,82.36,Ámbar,6.97,Rojo,33.73,2024-09
61415038,Luis Gutiérrez Torres,Gestión de Reportes,Miraflores,2025-08-11,Activo,2024,09,2024-09,45.0,191.1117857142857,95.83428571428571,6.208928571428571,61.46,81.42857142857143,86.71428571428571,15.0,26892.0,23535.0,0.0,108.34,0.0,7.6,57.14,67.14,Crítico,Adecuado,Crítico,Crítico,Crítico,Crítico,33.73,Rojo,7.0,Ámbar,76.92,2024-10
61415038,Luis Gutiérrez Torres,Gestión de Reportes,Miraflores,2025-08-11,Activo,2024,10,2024-10,50.0,197.48357142857142,95.36107142857144,6.078214285714286,77.82,77.67857142857143,89.46428571428571,14.25,26858.0,24052.0,100.0,103.61,0.0,150.0,38.39,94.64,Adecuado,Adecuado,Crítico,Adecuado,Crítico,Por mejorar,76.92,Ámbar,6.87,Rojo,55.95,2024-11
61415038,Luis Gutiérrez Torres,Gestión de Reportes,Miraflores,2025-08-11,Activo,2024,11,2024-11,45.0,189.55928571428572,95.05464285714285,5.9246428571428575,72.67,77.42857142857143,85.17857142857143,14.0,29110.0,24785.0,0.0,100.55,7.54,119.7,37.14,51.79,Crítico,Adecuado,Crítico,Adecuado,Crítico,Crítico,55.95,Rojo,6.84,Rojo,54.55,2024-12
61415038,Luis Gutiérrez Torres,Gestión de Reportes,Miraflores,2025-08-11,Activo,2024,12,2024-12,50.0,197.05,95.15142857142857,6.004642857142857,68.91,75.64285714285714,86.82142857142857,14.071428571428571,26446.0,22893.0,100.0,101.51,0.0,82.1,28.21,68.21,Adecuado,Adecuado,Crítico,Por mejorar,Crítico,Crítico,54.55,Rojo,6.97,Rojo,60.58,2025-01
61415038,Luis Gutiérrez Torres,Gestión de Reportes,Miraflores,2025-08-11,Activo,2025,01,2025-01,50.0,198.85464285714286,96.02392857142857,5.8914285714285715,67.3,81.67857142857143,86.28571428571429,14.714285714285714,27138.0,23464.0,100.0,110.24,10.86,66.0,58.39,62.86,Adecuado,Adecuado,Crítico,Crítico,Crítico,Crítico,60.58,Rojo,6.99,Ámbar,75.75,2025-02
61415038,Luis Gutiérrez Torres,Gestión de Reportes,Miraflores,2025-08-11,Activo,2025,02,2025-02,55.0,173.80357142857142,94.4175,5.998928571428571,75.07,74.85714285714286,89.89285714285714,13.571428571428571,27855.0,24841.0,150.0,88.35,0.11,143.7,24.29,98.93,Adecuado,Por mejorar,Crítico,Adecuado,Crítico,Por mejorar,75.75,Ámbar,6.95,Rojo,63.88,2025-03
61415038,Luis Gutiérrez Torres,Gestión de Reportes,Miraflores,2025-08-11,Activo,2025,03,2025-03,55.0,196.24821428571428,94.765,5.965,67.12,82.53571428571429,86.92857142857143,15.142857142857142,27933.0,24203.0,150.0,95.3,3.5,64.2,62.68,69.29,Adecuado,Por mejorar,Crítico,Crítico,Crítico,Crítico,63.88,Rojo,6.87,Rojo,59.87,2025-04
61415038,Luis Gutiérrez Torres,Gestión de Reportes,Miraflores,2025-08-11,Activo,2025,04,2025-04,50.0,189.49857142857144,95.02535714285715,5.864285714285714,68.69,77.60714285714286,87.64285714285714,13.857142857142858,28194.0,24593.0,100.0,100.25,13.57,79.9,38.04,76.43,Adecuado,Adecuado,Crítico,Por mejorar,Crítico,Por mejorar,59.87,Rojo,6.98,Rojo,60.53,2025-05
61415038,Luis Gutiérrez Torres,Gestión de Reportes,Miraflores,2025-08-11,Activo,2025,05,2025-05,50.0,196.99357142857144,95.12392857142858,5.999642857142857,69.69,77.96428571428571,87.96428571428571,13.75,27382.0,24405.0,100.0,101.24,0.04,89.9,39.82,79.64,Adecuado,Adecuado,Crítico,Por mejorar,Crítico,Por mejorar,60.53,Rojo,6.96,Rojo,40.69,2025-06
61415038,Luis Gutiérrez Torres,Gestión de Reportes,Miraflores,2025-08-11,Activo,2025,06,2025-06,50.0,190.08535714285713,95.31964285714285,5.909285714285715,60.76,76.89285714285714,89.78571428571429,14.535714285714286,25829.0,23042.0,100.0,103.2,9.07,0.6,34.46,97.86,Adecuado,Adecuado,Crítico,Crítico,Crítico,Por mejorar,40.69,Rojo,6.99,Rojo,60.64,2025-07
61415038,Luis Gutiérrez Torres,Gestión de Reportes,Miraflores,2025-08-11,Activo,2025,07,2025-07,45.0,196.62321428571428,94.94571428571429,5.971785714285715,76.96,75.32142857142857,86.03571428571429,13.857142857142858,26755.0,22800.0,0.0,98.91,2.82,150.0,26.61,60.36,Crítico,Por mejorar,Crítico,Adecuado,Crítico,Crítico,60.64,Rojo,6.97,Rojo,41.5,2025-08
61415038,Luis Gutiérrez Torres,Gestión de Reportes,Miraflores,2025-08-11,Activo,2025,08,2025-08,45.0,197.21214285714285,95.23071428571428,5.902857142857143,61.87,82.75,90.92857142857143,15.035714285714286,26445.0,23994.0,0.0,102.31,9.71,11.7,63.75,104.64,Crítico,Adecuado,Crítico,Crítico,Crítico,Adecuado,41.5,Rojo,6.96,Rojo,46.09,2025-09
61415038,Luis Gutiérrez Torres,Gestión de Reportes,Miraflores,2025-08-11,Activo,2025,09,2025-09,45.0,190.48607142857142,95.52035714285714,5.841785714285714,68.55,74.10714285714286,87.64285714285714,13.392857142857142,25533.0,22465.0,0.0,105.2,15.82,78.5,20.54,76.43,Crítico,Adecuado,Crítico,Por mejorar,Crítico,Por mejorar,46.09,Rojo,6.86,Rojo,63.99,2025-10
61415038,Luis Gutiérrez Torres,Gestión de Reportes,Miraflores,2025-08-11,Activo,2025,10,2025-10,55.0,195.68821428571428,94.49464285714286,5.827857142857143,67.83,77.64285714285714,89.17857142857143,13.928571428571429,28419.0,25414.0,150.0,89.89,17.21,71.3,38.21,91.79,Adecuado,Por mejorar,Crítico,Por mejorar,Crítico,Por mejorar,63.99,Rojo,6.93,Ámbar,75.05,2025-11
61415038,Luis Gutiérrez Torres,Gestión de Reportes,Miraflores,2025-08-11,Activo,2025,11,2025-11,50.0,188.30285714285714,94.425,5.85,73.9,79.78571428571429,87.96428571428571,14.571428571428571,26935.0,23609.0,100.0,88.5,15.0,132.0,48.93,79.64,Adecuado,Por mejorar,Crítico,Adecuado,Crítico,Por mejorar,75.05,Ámbar,6.89,Rojo,69.33,2025-12
61415038,Luis Gutiérrez Torres,Gestión de Reportes,Miraflores,2025-08-11,Activo,2025,12,2025-12,45.0,197.90607142857144,95.56428571428572,6.047142857142857,77.5,81.21428571428571,87.25,14.214285714285714,26517.0,23017.0,0.0,105.64,0.0,150.0,56.07,72.5,Crítico,Adecuado,Crítico,Adecuado,Crítico,Por mejorar,69.33,Rojo,6.89,Ámbar,91.71,2026-01
61415038,Luis Gutiérrez Torres,Gestión de Reportes,Miraflores,2025-08-11,Activo,2026,01,2026-01,55.0,195.4242857142857,94.36714285714285,5.789285714285715,76.7,84.89285714285714,87.64285714285714,16.071428571428573,26469.0,23243.0,150.0,87.34,21.07,150.0,74.46,76.43,Adecuado,Por mejorar,Crítico,Adecuado,Por mejorar,Por mejorar,91.71,Ámbar,6.85,Rojo,64.6,2026-02
61415038,Luis Gutiérrez Torres,Gestión de Reportes,Miraflores,2025-08-11,Activo,2026,02,2026-02,45.0,173.37178571428572,94.18214285714286,5.930357142857143,77.98,77.67857142857143,87.75,14.321428571428571,26436.0,23185.0,0.0,83.64,6.96,150.0,38.39,77.5,Crítico,Por mejorar,Crítico,Adecuado,Crítico,Por mejorar,64.6,Rojo,6.99,Rojo,40.04,2026-03
61415038,Luis Gutiérrez Torres,Gestión de Reportes,Miraflores,2025-08-11,Activo,2026,03,2026-03,50.0,197.6432142857143,95.43857142857142,5.923571428571429,62.02,76.96428571428571,86.07142857142857,13.678571428571429,26391.0,22660.0,100.0,104.39,7.64,13.2,34.82,60.71,Adecuado,Adecuado,Crítico,Crítico,Crítico,Crítico,40.04,Rojo,6.91,Rojo,51.69,2026-04
61567207,Carmen Flores Castillo,Monitoreo de Incidencias,Los Olivos,2025-08-15,Cesado,2024,01,2024-01,55.0,160.00411764705882,77.26294117647059,6.083,76.94,77.875,89.58823529411765,14.125,15837.0,14053.0,150.0,0.0,0.0,150.0,39.38,95.88,Adecuado,Crítico,Crítico,Adecuado,Crítico,Por mejorar,71.93,Ámbar,7.0,Rojo,43.88,2024-02
61567207,Carmen Flores Castillo,Monitoreo de Incidencias,Los Olivos,2025-08-15,Cesado,2024,02,2024-02,45.0,153.2157894736842,79.90315789473684,6.115,72.34,73.36842105263158,91.14285714285714,12.789473684210526,11971.0,10927.0,0.0,0.0,0.0,116.4,16.84,105.71,Crítico,Crítico,Crítico,Adecuado,Crítico,Adecuado,43.88,Rojo,6.92,Ámbar,71.16,2024-03
61567207,Carmen Flores Castillo,Monitoreo de Incidencias,Los Olivos,2025-08-15,Cesado,2024,03,2024-03,50.0,158.60470588235293,76.58823529411765,5.921176470588235,77.88,83.0,85.83333333333333,14.857142857142858,17027.0,14668.0,100.0,0.0,7.88,150.0,65.0,58.33,Adecuado,Crítico,Crítico,Adecuado,Crítico,Crítico,71.16,Ámbar,6.91,Rojo,58.89,2024-04
61567207,Carmen Flores Castillo,Monitoreo de Incidencias,Los Olivos,2025-08-15,Cesado,2024,04,2024-04,45.0,157.329375,78.89375,5.777222222222222,75.59,78.66666666666667,86.375,13.88888888888889,14901.0,12803.0,0.0,0.0,22.28,148.9,43.33,63.75,Crítico,Crítico,Crítico,Adecuado,Crítico,Crítico,58.89,Rojo,6.92,Rojo,39.51,2024-05
61567207,Carmen Flores Castillo,Monitoreo de Incidencias,Los Olivos,2025-08-15,Cesado,2024,05,2024-05,55.0,165.749375,80.036875,6.161428571428571,61.94,78.25,92.2,13.9375,14492.0,13399.0,150.0,0.0,0.0,12.4,41.25,111.0,Adecuado,Crítico,Crítico,Crítico,Crítico,Adecuado,39.51,Rojo,6.97,Rojo,57.89,2024-06
61567207,Carmen Flores Castillo,Monitoreo de Incidencias,Los Olivos,2025-08-15,Cesado,2024,06,2024-06,45.0,159.2307142857143,79.84714285714286,6.10625,76.95,78.9047619047619,89.26315789473684,13.952380952380953,17531.0,15688.0,0.0,0.0,0.0,150.0,44.52,92.63,Crítico,Crítico,Crítico,Adecuado,Crítico,Por mejorar,57.89,Rojo,6.85,Rojo,68.29,2024-07
61567207,Carmen Flores Castillo,Monitoreo de Incidencias,Los Olivos,2025-08-15,Cesado,2024,07,2024-07,50.0,171.16294117647058,82.65235294117647,6.099333333333333,78.94,81.88888888888889,85.93333333333334,15.0,15381.0,13198.0,100.0,0.0,0.0,150.0,59.44,59.33,Adecuado,Crítico,Crítico,Adecuado,Crítico,Crítico,68.29,Rojo,6.97,Ámbar,76.48,2024-08
61567207,Carmen Flores Castillo,Monitoreo de Incidencias,Los Olivos,2025-08-15,Cesado,2024,08,2024-08,55.0,166.61705882352942,80.45529411764706,6.172352941176471,77.52,86.47619047619048,83.38461538461539,16.0,11771.0,9750.0,150.0,0.0,0.0,150.0,82.38,33.85,Adecuado,Crítico,Crítico,Adecuado,Por mejorar,Crítico,76.48,Ámbar,6.94,Rojo,37.37,2024-09
61567207,Carmen Flores Castillo,Monitoreo de Incidencias,Los Olivos,2025-08-15,Cesado,2024,09,2024-09,45.0,155.04526315789474,77.7478947368421,5.686,61.46,84.3157894736842,92.58823529411765,16.05263157894737,15722.0,14463.0,0.0,0.0,31.4,7.6,71.58,112.94,Crítico,Crítico,Crítico,Crítico,Por mejorar,Adecuado,37.37,Rojo,6.44,Rojo,68.26,2024-10
61567207,Carmen Flores Castillo,Monitoreo de Incidencias,Los Olivos,2025-08-15,Cesado,2024,10,2024-10,50.0,163.77944444444444,79.08611111111111,6.265263157894736,77.82,78.82352941176471,89.73333333333333,14.647058823529411,14967.0,13434.0,100.0,0.0,0.0,150.0,44.12,97.33,Adecuado,Crítico,Crítico,Adecuado,Crítico,Por mejorar,68.26,Rojo,6.96,Rojo,58.36,2024-11
61567207,Carmen Flores Castillo,Monitoreo de Incidencias,Los Olivos,2025-08-15,Cesado,2024,11,2024-11,50.0,155.9036842105263,78.17947368421052,5.872307692307692,72.67,76.6,87.63157894736842,13.4,16811.0,14776.0,100.0,0.0,12.77,119.7,33.0,76.32,Adecuado,Crítico,Crítico,Adecuado,Crítico,Por mejorar,58.36,Rojo,6.85,Rojo,54.75,2024-12
61567207,Carmen Flores Castillo,Monitoreo de Incidencias,Los Olivos,2025-08-15,Cesado,2024,12,2024-12,50.0,169.95090909090908,82.06636363636363,6.0555,68.91,84.29411764705883,86.35714285714286,15.294117647058824,13763.0,11960.0,100.0,0.0,0.0,82.1,71.47,63.57,Adecuado,Crítico,Crítico,Por mejorar,Por mejorar,Crítico,54.75,Rojo,6.67,Rojo,52.99,2025-01
61567207,Carmen Flores Castillo,Monitoreo de Incidencias,Los Olivos,2025-08-15,Cesado,2025,01,2025-01,50.0,169.05173913043478,81.63217391304347,6.1382352941176475,67.3,83.125,90.15789473684211,15.3125,16856.0,15059.0,100.0,0.0,0.0,66.0,65.63,100.79,Adecuado,Crítico,Crítico,Crítico,Crítico,Adecuado,52.99,Rojo,6.95,Rojo,68.26,2025-02
61567207,Carmen Flores Castillo,Monitoreo de Incidencias,Los Olivos,2025-08-15,Cesado,2025,02,2025-02,50.0,143.64266666666666,78.03133333333334,5.916153846153846,75.07,78.33333333333333,90.47368421052632,14.2,19016.0,17168.0,100.0,0.0,8.38,143.7,41.67,102.37,Adecuado,Crítico,Crítico,Adecuado,Crítico,Adecuado,68.26,Rojo,6.98,Rojo,46.34,2025-03
61567207,Carmen Flores Castillo,Monitoreo de Incidencias,Los Olivos,2025-08-15,Cesado,2025,03,2025-03,45.0,164.913,79.6335,5.933529411764706,67.12,85.7,89.33333333333333,15.55,12782.0,11514.0,0.0,0.0,6.65,64.2,78.5,93.33,Crítico,Crítico,Crítico,Crítico,Por mejorar,Por mejorar,46.34,Rojo,6.98,Rojo,35.11,2025-04
61567207,Carmen Flores Castillo,Monitoreo de Incidencias,Los Olivos,2025-08-15,Cesado,2025,04,2025-04,45.0,158.36263157894737,79.41,5.925294117647058,68.69,74.73333333333333,87.72222222222223,13.8,19743.0,17251.0,0.0,0.0,7.47,79.9,23.67,77.22,Crítico,Crítico,Crítico,Por mejorar,Crítico,Por mejorar,35.11,Rojo,6.79,Rojo,52.98,2025-05
61567207,Carmen Flores Castillo,Monitoreo de Incidencias,Los Olivos,2025-08-15,Cesado,2025,05,2025-05,45.0,164.0105882352941,79.19882352941177,5.753333333333333,69.69,85.88888888888889,85.71428571428571,16.0,20877.0,17940.0,0.0,0.0,24.67,89.9,79.44,57.14,Crítico,Crítico,Crítico,Por mejorar,Por mejorar,Crítico,52.98,Rojo,6.67,Rojo,39.48,2025-06
61567207,Carmen Flores Castillo,Monitoreo de Incidencias,Los Olivos,2025-08-15,Cesado,2025,06,2025-06,55.0,165.79466666666667,83.138,5.791363636363636,60.76,80.36842105263158,87.2,14.210526315789474,15371.0,13455.0,150.0,0.0,20.86,0.6,51.84,72.0,Adecuado,Crítico,Crítico,Crítico,Crítico,Por mejorar,39.48,Rojo,6.99,Ámbar,75.72,2025-07
61567207,Carmen Flores Castillo,Monitoreo de Incidencias,Los Olivos,2025-08-15,Cesado,2025,07,2025-07,50.0,165.43947368421053,79.88842105263159,6.166428571428572,76.96,85.0,89.46666666666667,15.0,14934.0,13252.0,100.0,0.0,0.0,150.0,75.0,94.67,Adecuado,Crítico,Crítico,Adecuado,Por mejorar,Por mejorar,75.72,Ámbar,6.97,Rojo,30.75,2025-08
61567207,Carmen Flores Castillo,Monitoreo de Incidencias,Los Olivos,2025-08-15,Cesado,2025,08,2025-08,50.0,166.72526315789474,80.50947368421052,5.900666666666667,61.87,76.5,87.71428571428571,14.38888888888889,11613.0,10173.0,100.0,0.0,9.93,11.7,32.5,77.14,Adecuado,Crítico,Crítico,Crítico,Crítico,Por mejorar,30.75,Rojo,6.72,Rojo,42.44,2025-09
61567207,Carmen Flores Castillo,Monitoreo de Incidencias,Los Olivos,2025-08-15,Cesado,2025,09,2025-09,45.0,160.95,80.70875,6.05875,68.55,80.94444444444444,89.13636363636364,15.222222222222221,20738.0,18404.0,0.0,0.0,0.0,78.5,54.72,91.36,Crítico,Crítico,Crítico,Por mejorar,Crítico,Por mejorar,42.44,Rojo,6.94,Rojo,52.36,2025-10
61567207,Carmen Flores Castillo,Monitoreo de Incidencias,Los Olivos,2025-08-15,Cesado,2025,10,2025-10,45.0,162.898125,78.66,5.818125,67.83,88.125,88.23529411764706,16.1875,15689.0,13922.0,0.0,0.0,18.19,71.3,90.63,82.35,Crítico,Crítico,Crítico,Por mejorar,Por mejorar,Por mejorar,52.36,Rojo,6.85,Ámbar,72.72,2025-11
61567207,Carmen Flores Castillo,Monitoreo de Incidencias,Los Olivos,2025-08-15,Cesado,2025,11,2025-11,55.0,163.37933333333334,81.92666666666666,6.023529411764706,73.9,83.5625,87.76470588235294,14.875,16641.0,14504.0,150.0,0.0,0.0,132.0,67.81,77.65,Adecuado,Crítico,Crítico,Adecuado,Crítico,Por mejorar,72.72,Ámbar,6.99,Ámbar,79.68,2025-12
61567207,Carmen Flores Castillo,Monitoreo de Incidencias,Los Olivos,2025-08-15,Cesado,2025,12,2025-12,55.0,169.61166666666668,81.90166666666667,5.87047619047619,77.5,84.81818181818181,86.07142857142857,15.363636363636363,13032.0,11293.0,150.0,0.0,12.95,150.0,74.09,60.71,Adecuado,Crítico,Crítico,Adecuado,Por mejorar,Crítico,79.68,Ámbar,6.86,Ámbar,73.49,2026-01
61567207,Carmen Flores Castillo,Monitoreo de Incidencias,Los Olivos,2025-08-15,Cesado,2026,01,2026-01,45.0,169.158125,81.683125,5.751538461538462,76.7,87.66666666666667,88.9375,16.583333333333332,16009.0,14242.0,0.0,0.0,24.85,150.0,88.33,89.38,Crítico,Crítico,Crítico,Adecuado,Por mejorar,Por mejorar,73.49,Ámbar,6.79,Rojo,68.66,2026-02
61567207,Carmen Flores Castillo,Monitoreo de Incidencias,Los Olivos,2025-08-15,Cesado,2026,02,2026-02,55.0,148.38416666666666,80.60916666666667,5.9525,77.98,78.125,85.05263157894737,12.9375,19320.0,16359.0,150.0,0.0,4.75,150.0,40.63,50.53,Adecuado,Crítico,Crítico,Adecuado,Crítico,Crítico,68.66,Rojo,6.87,Rojo,18.35,2026-03
61567207,Carmen Flores Castillo,Monitoreo de Incidencias,Los Olivos,2025-08-15,Cesado,2026,03,2026-03,45.0,166.874375,80.58,5.985,62.02,78.14285714285714,84.57142857142857,13.357142857142858,20870.0,17546.0,0.0,0.0,1.5,13.2,40.71,45.71,Crítico,Crítico,Crítico,Crítico,Crítico,Crítico,18.35,Rojo,6.72,Rojo,38.41,2026-04
62432941,Miguel Quispe Paredes,Central de Emergencias,San Isidro,2023-06-17,Activo,2024,01,2024-01,45.0,198.7757142857143,95.98642857142858,5.894285714285714,76.94,82.89285714285714,85.96428571428571,15.25,27448.0,23467.0,0.0,109.86,10.57,150.0,64.46,59.64,Crítico,Adecuado,Crítico,Adecuado,Crítico,Crítico,72.68,Ámbar,6.96,Rojo,69.92,2024-02
62432941,Miguel Quispe Paredes,Central de Emergencias,San Isidro,2023-06-17,Activo,2024,02,2024-02,50.0,182.6317857142857,95.24464285714286,6.0007142857142854,72.34,80.14285714285714,87.89285714285714,14.857142857142858,26056.0,22839.0,100.0,102.45,0.0,116.4,50.71,78.93,Adecuado,Adecuado,Crítico,Adecuado,Crítico,Por mejorar,69.92,Rojo,7.0,Ámbar,78.09,2024-03
62432941,Miguel Quispe Paredes,Central de Emergencias,San Isidro,2023-06-17,Activo,2024,03,2024-03,45.0,198.14357142857142,95.68,5.868214285714286,77.88,84.67857142857143,88.92857142857143,15.75,26503.0,23512.0,0.0,106.8,13.18,150.0,73.39,89.29,Crítico,Adecuado,Crítico,Adecuado,Por mejorar,Por mejorar,78.09,Ámbar,6.98,Ámbar,78.69,2024-04
62432941,Miguel Quispe Paredes,Central de Emergencias,San Isidro,2023-06-17,Activo,2024,04,2024-04,50.0,190.12571428571428,95.33857142857143,5.951071428571429,75.59,79.46428571428571,88.32142857142857,14.535714285714286,28111.0,24852.0,100.0,103.39,4.89,148.9,47.32,83.21,Adecuado,Adecuado,Crítico,Adecuado,Crítico,Por mejorar,78.69,Ámbar,7.0,Rojo,40.82,2024-05
62432941,Miguel Quispe Paredes,Central de Emergencias,San Isidro,2023-06-17,Activo,2024,05,2024-05,50.0,195.48142857142858,94.395,5.855,61.94,76.67857142857143,87.67857142857143,14.107142857142858,26980.0,23647.0,100.0,87.9,14.5,12.4,33.39,76.79,Adecuado,Por mejorar,Crítico,Crítico,Crítico,Por mejorar,40.82,Rojo,6.76,Ámbar,74.29,2024-06
62432941,Miguel Quispe Paredes,Central de Emergencias,San Isidro,2023-06-17,Activo,2024,06,2024-06,50.0,186.84857142857143,93.69642857142857,6.044642857142857,76.95,78.17857142857143,89.17857142857143,14.5,27565.0,24550.0,100.0,73.93,0.0,150.0,40.89,91.79,Adecuado,Por mejorar,Crítico,Adecuado,Crítico,Por mejorar,74.29,Ámbar,6.98,Rojo,64.34,2024-07
62432941,Miguel Quispe Paredes,Central de Emergencias,San Isidro,2023-06-17,Activo,2024,07,2024-07,45.0,198.02392857142857,95.62285714285714,6.063571428571429,78.94,77.14285714285714,87.28571428571429,14.25,25938.0,22789.0,0.0,106.23,0.0,150.0,35.71,72.86,Crítico,Adecuado,Crítico,Adecuado,Crítico,Por mejorar,64.34,Rojo,6.98,Ámbar,77.2,2024-08
62432941,Miguel Quispe Paredes,Central de Emergencias,San Isidro,2023-06-17,Activo,2024,08,2024-08,45.0,196.6375,94.9525,5.941428571428571,77.52,84.92857142857143,89.96428571428571,15.392857142857142,25679.0,23147.0,0.0,99.05,5.86,150.0,74.64,99.64,Crítico,Por mejorar,Crítico,Adecuado,Por mejorar,Por mejorar,77.2,Ámbar,6.98,Rojo,35.94,2024-09
62432941,Miguel Quispe Paredes,Central de Emergencias,San Isidro,2023-06-17,Activo,2024,09,2024-09,45.0,190.1667857142857,95.35928571428572,5.976428571428571,61.46,82.67857142857143,87.35714285714286,15.035714285714286,26266.0,22845.0,0.0,103.59,2.36,7.6,63.39,73.57,Crítico,Adecuado,Crítico,Crítico,Crítico,Por mejorar,35.94,Rojo,6.82,Rojo,64.93,2024-10
62432941,Miguel Quispe Paredes,Central de Emergencias,San Isidro,2023-06-17,Activo,2024,10,2024-10,45.0,197.18285714285713,95.21607142857142,5.983928571428572,77.82,80.0,84.39285714285714,14.642857142857142,24554.0,20898.0,0.0,102.16,1.61,150.0,50.0,43.93,Crítico,Adecuado,Crítico,Adecuado,Crítico,Crítico,64.93,Rojo,6.85,Rojo,62.69,2024-11
62432941,Miguel Quispe Paredes,Central de Emergencias,San Isidro,2023-06-17,Activo,2024,11,2024-11,50.0,190.45607142857142,95.50464285714285,5.9925,72.67,73.0,88.35714285714286,13.607142857142858,27657.0,24582.0,100.0,105.05,0.75,119.7,15.0,83.57,Adecuado,Adecuado,Crítico,Adecuado,Crítico,Por mejorar,62.69,Rojo,6.97,Rojo,67.33,2024-12
62432941,Miguel Quispe Paredes,Central de Emergencias,San Isidro,2023-06-17,Activo,2024,12,2024-12,50.0,196.2867857142857,94.78321428571428,6.042857142857143,68.91,83.75,90.10714285714286,15.071428571428571,27895.0,25071.0,100.0,95.66,0.0,82.1,68.75,100.54,Adecuado,Por mejorar,Crítico,Por mejorar,Crítico,Adecuado,67.33,Rojo,6.98,Rojo,55.57,2025-01
62432941,Miguel Quispe Paredes,Central de Emergencias,San Isidro,2023-06-17,Activo,2025,01,2025-01,50.0,197.9925,95.6075,5.9417857142857144,67.3,77.17857142857143,88.32142857142857,14.035714285714286,25448.0,22572.0,100.0,106.08,5.82,66.0,35.89,83.21,Adecuado,Adecuado,Crítico,Crítico,Crítico,Por mejorar,55.57,Rojo,6.87,Ámbar,71.59,2025-02
62432941,Miguel Quispe Paredes,Central de Emergencias,San Isidro,2023-06-17,Activo,2025,02,2025-02,45.0,174.83678571428572,94.97928571428571,5.923214285714286,75.07,82.67857142857143,88.32142857142857,15.107142857142858,27686.0,24290.0,0.0,99.59,7.68,143.7,63.39,83.21,Crítico,Por mejorar,Crítico,Adecuado,Crítico,Por mejorar,71.59,Ámbar,7.0,Rojo,51.42,2025-03
62432941,Miguel Quispe Paredes,Central de Emergencias,San Isidro,2023-06-17,Activo,2025,03,2025-03,50.0,197.13535714285715,95.19357142857143,5.9625,67.12,75.71428571428571,87.28571428571429,14.428571428571429,26580.0,23104.0,100.0,101.94,3.75,64.2,28.57,72.86,Adecuado,Adecuado,Crítico,Crítico,Crítico,Por mejorar,51.42,Rojo,6.96,Rojo,58.61,2025-04
62432941,Miguel Quispe Paredes,Central de Emergencias,San Isidro,2023-06-17,Activo,2025,04,2025-04,55.0,188.06178571428572,94.30464285714285,5.941428571428571,68.69,77.14285714285714,84.92857142857143,13.357142857142858,25751.0,21869.0,150.0,86.09,5.86,79.9,35.71,49.29,Adecuado,Por mejorar,Crítico,Por mejorar,Crítico,Crítico,58.61,Rojo,6.83,Rojo,64.43,2025-05
62432941,Miguel Quispe Paredes,Central de Emergencias,San Isidro,2023-06-17,Activo,2025,05,2025-05,55.0,196.06535714285715,94.67642857142857,6.141785714285715,69.69,76.71428571428571,89.21428571428571,13.785714285714286,25637.0,22810.0,150.0,93.53,0.0,89.9,33.57,92.14,Adecuado,Por mejorar,Crítico,Por mejorar,Crítico,Por mejorar,64.43,Rojo,6.96,Rojo,32.56,2025-06
62432941,Miguel Quispe Paredes,Central de Emergencias,San Isidro,2023-06-17,Activo,2025,06,2025-06,45.0,189.82464285714286,95.18892857142858,5.982142857142857,60.76,82.75,85.92857142857143,15.0,27479.0,23563.0,0.0,101.89,1.79,0.6,63.75,59.29,Crítico,Adecuado,Crítico,Crítico,Crítico,Crítico,32.56,Rojo,6.99,Ámbar,88.31,2025-07
62432941,Miguel Quispe Paredes,Central de Emergencias,San Isidro,2023-06-17,Activo,2025,07,2025-07,55.0,197.5375,95.38714285714286,5.760714285714286,76.96,79.39285714285714,88.89285714285714,14.5,28364.0,25163.0,150.0,103.87,23.93,150.0,46.96,88.93,Adecuado,Adecuado,Crítico,Adecuado,Crítico,Por mejorar,88.31,Ámbar,6.86,Rojo,50.26,2025-08
62432941,Miguel Quispe Paredes,Central de Emergencias,San Isidro,2023-06-17,Activo,2025,08,2025-08,55.0,195.81071428571428,94.55357142857143,5.958214285714286,61.87,80.14285714285714,89.71428571428571,14.535714285714286,25448.0,22751.0,150.0,91.07,4.18,11.7,50.71,97.14,Adecuado,Por mejorar,Crítico,Crítico,Crítico,Por mejorar,50.26,Rojo,6.94,Rojo,66.78,2025-09
62432941,Miguel Quispe Paredes,Central de Emergencias,San Isidro,2023-06-17,Activo,2025,09,2025-09,55.0,187.78178571428572,94.16357142857143,5.960357142857143,68.55,80.21428571428571,90.53571428571429,14.892857142857142,27775.0,25123.0,150.0,83.27,3.96,78.5,51.07,102.68,Adecuado,Por mejorar,Crítico,Por mejorar,Crítico,Adecuado,66.78,Rojo,6.99,Rojo,54.34,2025-10
62432941,Miguel Quispe Paredes,Central de Emergencias,San Isidro,2023-06-17,Activo,2025,10,2025-10,50.0,198.89107142857142,96.04035714285715,5.888214285714286,67.83,77.25,84.17857142857143,13.428571428571429,28515.0,23920.0,100.0,110.4,11.18,71.3,36.25,41.79,Adecuado,Adecuado,Crítico,Por mejorar,Crítico,Crítico,54.34,Rojo,6.89,Ámbar,85.2,2025-11
62432941,Miguel Quispe Paredes,Central de Emergencias,San Isidro,2023-06-17,Activo,2025,11,2025-11,55.0,189.39535714285714,94.97357142857143,6.078571428571428,73.9,83.0,92.0,14.785714285714286,26663.0,24542.0,150.0,99.47,0.0,132.0,65.0,110.0,Adecuado,Por mejorar,Crítico,Adecuado,Crítico,Adecuado,85.2,Ámbar,6.98,Ámbar,72.61,2025-12
62432941,Miguel Quispe Paredes,Central de Emergencias,San Isidro,2023-06-17,Activo,2025,12,2025-12,55.0,195.09178571428572,94.20607142857143,6.19,77.5,76.21428571428571,83.92857142857143,14.571428571428571,28319.0,23729.0,150.0,84.12,0.0,150.0,31.07,39.29,Adecuado,Por mejorar,Crítico,Adecuado,Crítico,Crítico,72.61,Ámbar,6.98,Ámbar,77.92,2026-01
62432941,Miguel Quispe Paredes,Central de Emergencias,San Isidro,2023-06-17,Activo,2026,01,2026-01,50.0,195.6642857142857,94.4825,5.808928571428571,76.7,79.53571428571429,85.71428571428571,14.607142857142858,25867.0,22083.0,100.0,89.65,19.11,150.0,47.68,57.14,Adecuado,Por mejorar,Crítico,Adecuado,Crítico,Crítico,77.92,Ámbar,6.95,Rojo,65.55,2026-02
62432941,Miguel Quispe Paredes,Central de Emergencias,San Isidro,2023-06-17,Activo,2026,02,2026-02,45.0,173.86607142857142,94.45107142857142,5.848214285714286,77.98,79.85714285714286,83.78571428571429,14.928571428571429,26945.0,22509.0,0.0,89.02,15.18,150.0,49.29,37.86,Crítico,Por mejorar,Crítico,Adecuado,Crítico,Crítico,65.55,Rojo,6.98,Rojo,31.8,2026-03
62432941,Miguel Quispe Paredes,Central de Emergencias,San Isidro,2023-06-17,Activo,2026,03,2026-03,45.0,197.30142857142857,95.27321428571429,5.902857142857143,62.02,78.0,86.28571428571429,14.785714285714286,27493.0,23689.0,0.0,102.73,9.71,13.2,40.0,62.86,Crítico,Adecuado,Crítico,Crítico,Crítico,Crítico,31.8,Rojo,6.91,Rojo,49.56,2026-04
62948400,Jorge Ramírez Salazar,Central de Emergencias,Lima Centro,2022-09-20,Activo,2024,01,2024-01,45.0,196.58857142857144,94.92821428571429,5.911785714285714,76.94,82.46428571428571,88.57142857142857,15.035714285714286,28202.0,24998.0,0.0,98.56,8.82,150.0,62.32,85.71,Crítico,Por mejorar,Crítico,Adecuado,Crítico,Por mejorar,73.27,Ámbar,6.98,Rojo,66.87,2024-02
62948400,Jorge Ramírez Salazar,Central de Emergencias,Lima Centro,2022-09-20,Activo,2024,02,2024-02,50.0,182.59714285714287,95.225,5.977142857142857,72.34,78.5,86.46428571428571,14.75,25135.0,21657.0,100.0,102.25,2.29,116.4,42.5,64.64,Adecuado,Adecuado,Crítico,Adecuado,Crítico,Crítico,66.87,Rojo,6.98,Ámbar,71.03,2024-03
62948400,Jorge Ramírez Salazar,Central de Emergencias,Lima Centro,2022-09-20,Activo,2024,03,2024-03,50.0,197.75964285714286,95.495,5.9592857142857145,77.88,75.89285714285714,84.85714285714286,14.678571428571429,26297.0,22382.0,100.0,104.95,4.07,150.0,29.46,48.57,Adecuado,Adecuado,Crítico,Adecuado,Crítico,Crítico,71.03,Ámbar,6.99,Rojo,61.25,2024-04
62948400,Jorge Ramírez Salazar,Central de Emergencias,Lima Centro,2022-09-20,Activo,2024,04,2024-04,45.0,191.0375,95.79571428571428,5.823571428571428,75.59,72.21428571428571,86.92857142857143,12.75,26345.0,22956.0,0.0,107.96,17.64,148.9,11.07,69.29,Crítico,Adecuado,Crítico,Adecuado,Crítico,Crítico,61.25,Rojo,6.81,Rojo,33.22,2024-05
62948400,Jorge Ramírez Salazar,Central de Emergencias,Lima Centro,2022-09-20,Activo,2024,05,2024-05,50.0,198.3217857142857,95.76607142857142,6.192142857142857,61.94,71.42857142857143,87.57142857142857,12.821428571428571,26596.0,23164.0,100.0,107.66,0.0,12.4,7.14,75.71,Adecuado,Adecuado,Crítico,Crítico,Crítico,Por mejorar,33.22,Rojo,6.95,Ámbar,75.66,2024-06
62948400,Jorge Ramírez Salazar,Central de Emergencias,Lima Centro,2022-09-20,Activo,2024,06,2024-06,50.0,188.11464285714285,94.33,5.8742857142857146,76.95,76.78571428571429,88.5,13.357142857142858,25921.0,22821.0,100.0,86.6,12.57,150.0,33.93,85.0,Adecuado,Por mejorar,Crítico,Adecuado,Crítico,Por mejorar,75.66,Ámbar,6.92,Ámbar,83.09,2024-07
62948400,Jorge Ramírez Salazar,Central de Emergencias,Lima Centro,2022-09-20,Activo,2024,07,2024-07,50.0,196.55035714285714,94.91071428571429,6.0675,78.94,83.07142857142857,89.42857142857143,14.821428571428571,27453.0,24467.0,100.0,98.21,0.0,150.0,65.36,94.29,Adecuado,Por mejorar,Crítico,Adecuado,Crítico,Por mejorar,83.09,Ámbar,6.86,Rojo,65.42,2024-08
62948400,Jorge Ramírez Salazar,Central de Emergencias,Lima Centro,2022-09-20,Activo,2024,08,2024-08,45.0,195.97035714285715,94.63035714285714,6.1875,77.52,78.35714285714286,88.21428571428571,14.392857142857142,28697.0,25255.0,0.0,92.61,0.0,150.0,41.79,82.14,Crítico,Por mejorar,Crítico,Adecuado,Crítico,Por mejorar,65.42,Rojo,6.96,Rojo,36.41,2024-09
62948400,Jorge Ramírez Salazar,Central de Emergencias,Lima Centro,2022-09-20,Activo,2024,09,2024-09,45.0,190.87071428571429,95.71214285714285,6.026785714285714,61.46,84.17857142857143,86.07142857142857,15.678571428571429,25682.0,22112.0,0.0,107.12,0.0,7.6,70.89,60.71,Crítico,Adecuado,Crítico,Crítico,Por mejorar,Crítico,36.41,Rojo,6.92,Ámbar,83.1,2024-10
62948400,Jorge Ramírez Salazar,Central de Emergencias,Lima Centro,2022-09-20,Activo,2024,10,2024-10,50.0,198.7925,95.99285714285715,6.065714285714286,77.82,81.85714285714286,89.78571428571429,15.107142857142858,25872.0,23248.0,100.0,109.93,0.0,150.0,59.29,97.86,Adecuado,Adecuado,Crítico,Adecuado,Crítico,Por mejorar,83.1,Ámbar,6.84,Ámbar,78.28,2024-11
62948400,Jorge Ramírez Salazar,Central de Emergencias,Lima Centro,2022-09-20,Activo,2024,11,2024-11,55.0,190.50535714285715,95.52857142857142,6.15,72.67,83.28571428571429,86.21428571428571,15.178571428571429,26991.0,23472.0,150.0,105.29,0.0,119.7,66.43,62.14,Adecuado,Adecuado,Crítico,Adecuado,Crítico,Crítico,78.28,Ámbar,6.94,Rojo,69.42,2024-12
62948400,Jorge Ramírez Salazar,Central de Emergencias,Lima Centro,2022-09-20,Activo,2024,12,2024-12,55.0,198.12214285714285,95.66928571428572,5.853571428571429,68.91,80.17857142857143,87.57142857142857,14.678571428571429,25386.0,22200.0,150.0,106.69,14.64,82.1,50.89,75.71,Adecuado,Adecuado,Crítico,Por mejorar,Crítico,Por mejorar,69.42,Rojo,6.99,Rojo,59.7,2025-01
62948400,Jorge Ramírez Salazar,Central de Emergencias,Lima Centro,2022-09-20,Activo,2025,01,2025-01,50.0,196.97464285714287,95.11642857142857,6.158214285714286,67.3,80.89285714285714,89.46428571428571,14.892857142857142,27420.0,24516.0,100.0,101.16,0.0,66.0,54.46,94.64,Adecuado,Adecuado,Crítico,Crítico,Crítico,Por mejorar,59.7,Rojo,6.99,Ámbar,72.89,2025-02
62948400,Jorge Ramírez Salazar,Central de Emergencias,Lima Centro,2022-09-20,Activo,2025,02,2025-02,50.0,175.80785714285713,95.50607142857143,6.164642857142857,75.07,78.25,86.14285714285714,14.035714285714286,26516.0,22795.0,100.0,105.06,0.0,143.7,41.25,61.43,Adecuado,Adecuado,Crítico,Adecuado,Crítico,Crítico,72.89,Ámbar,6.98,Rojo,42.61,2025-03
62948400,Jorge Ramírez Salazar,Central de Emergencias,Lima Centro,2022-09-20,Activo,2025,03,2025-03,45.0,197.25321428571428,95.25035714285714,5.811428571428571,67.12,75.0,86.28571428571429,13.25,26983.0,23178.0,0.0,102.5,18.86,64.2,25.0,62.86,Crítico,Adecuado,Crítico,Crítico,Crítico,Crítico,42.61,Rojo,6.76,Rojo,49.36,2025-04
62948400,Jorge Ramírez Salazar,Central de Emergencias,Lima Centro,2022-09-20,Activo,2025,04,2025-04,45.0,190.73357142857142,95.645,5.8621428571428575,68.69,77.5,86.60714285714286,13.785714285714286,25851.0,22283.0,0.0,106.45,13.79,79.9,37.5,66.07,Crítico,Adecuado,Crítico,Por mejorar,Crítico,Crítico,49.36,Rojo,6.95,Ámbar,74.09,2025-05
62948400,Jorge Ramírez Salazar,Central de Emergencias,Lima Centro,2022-09-20,Activo,2025,05,2025-05,55.0,198.3817857142857,95.79607142857142,5.973571428571429,69.69,84.28571428571429,87.42857142857143,15.392857142857142,28868.0,25275.0,150.0,107.96,2.64,89.9,71.43,74.29,Adecuado,Adecuado,Crítico,Por mejorar,Por mejorar,Por mejorar,74.09,Ámbar,6.99,Rojo,40.63,2025-06
62948400,Jorge Ramírez Salazar,Central de Emergencias,Lima Centro,2022-09-20,Activo,2025,06,2025-06,50.0,191.20464285714286,95.87964285714285,6.042857142857143,60.76,80.10714285714286,86.96428571428571,14.75,26882.0,23396.0,100.0,108.8,0.0,0.6,50.54,69.64,Adecuado,Adecuado,Crítico,Crítico,Crítico,Crítico,40.63,Rojo,6.97,Ámbar,79.57,2025-07
62948400,Jorge Ramírez Salazar,Central de Emergencias,Lima Centro,2022-09-20,Activo,2025,07,2025-07,50.0,197.71714285714285,95.47321428571429,5.861428571428571,76.96,76.78571428571429,90.67857142857143,14.107142857142858,28719.0,26031.0,100.0,104.73,13.86,150.0,33.93,103.39,Adecuado,Adecuado,Crítico,Adecuado,Crítico,Adecuado,79.57,Ámbar,6.84,Rojo,49.05,2025-08
62948400,Jorge Ramírez Salazar,Central de Emergencias,Lima Centro,2022-09-20,Activo,2025,08,2025-08,50.0,197.13535714285715,95.19357142857143,5.991428571428571,61.87,83.75,88.57142857142857,15.25,29267.0,25983.0,100.0,101.94,0.86,11.7,68.75,85.71,Adecuado,Adecuado,Crítico,Crítico,Crítico,Por mejorar,49.05,Rojo,6.93,Rojo,49.89,2025-09
62948400,Jorge Ramírez Salazar,Central de Emergencias,Lima Centro,2022-09-20,Activo,2025,09,2025-09,45.0,187.88285714285715,94.21535714285714,5.899642857142857,68.55,79.89285714285714,87.46428571428571,14.964285714285714,26629.0,23162.0,0.0,84.31,10.04,78.5,49.46,74.64,Crítico,Por mejorar,Crítico,Por mejorar,Crítico,Por mejorar,49.89,Rojo,6.89,Rojo,62.26,2025-10
62948400,Jorge Ramírez Salazar,Central de Emergencias,Lima Centro,2022-09-20,Activo,2025,10,2025-10,50.0,196.6157142857143,94.9425,5.815,67.83,79.96428571428571,88.39285714285714,14.892857142857142,28013.0,24818.0,100.0,98.85,18.5,71.3,49.82,83.93,Adecuado,Por mejorar,Crítico,Por mejorar,Crítico,Por mejorar,62.26,Rojo,6.96,Ámbar,79.18,2025-11
62948400,Jorge Ramírez Salazar,Central de Emergencias,Lima Centro,2022-09-20,Activo,2025,11,2025-11,50.0,190.80142857142857,95.67857142857143,5.821785714285714,73.9,83.60714285714286,84.92857142857143,15.321428571428571,26564.0,22425.0,100.0,106.79,17.82,132.0,68.04,49.29,Adecuado,Adecuado,Crítico,Adecuado,Crítico,Crítico,79.18,Ámbar,6.99,Ámbar,81.23,2025-12
62948400,Jorge Ramírez Salazar,Central de Emergencias,Lima Centro,2022-09-20,Activo,2025,12,2025-12,55.0,197.39285714285714,95.31714285714285,5.988571428571428,77.5,78.75,87.25,14.214285714285714,27060.0,23520.0,150.0,103.17,1.14,150.0,43.75,72.5,Adecuado,Adecuado,Crítico,Adecuado,Crítico,Por mejorar,81.23,Ámbar,6.99,Ámbar,80.59,2026-01
62948400,Jorge Ramírez Salazar,Central de Emergencias,Lima Centro,2022-09-20,Activo,2026,01,2026-01,55.0,196.46107142857142,94.86785714285715,5.850357142857143,76.7,79.46428571428571,83.53571428571429,15.0,28247.0,23648.0,150.0,97.36,14.96,150.0,47.32,35.36,Adecuado,Por mejorar,Crítico,Adecuado,Crítico,Crítico,80.59,Ámbar,6.93,Ámbar,74.96,2026-02
62948400,Jorge Ramírez Salazar,Central de Emergencias,Lima Centro,2022-09-20,Activo,2026,02,2026-02,50.0,176.71928571428572,96.00178571428572,6.1207142857142856,77.98,75.96428571428571,89.0,13.5,27896.0,24964.0,100.0,110.02,0.0,150.0,29.82,90.0,Adecuado,Adecuado,Crítico,Adecuado,Crítico,Por mejorar,74.96,Ámbar,6.99,Rojo,36.07,2026-03
62948400,Jorge Ramírez Salazar,Central de Emergencias,Lima Centro,2022-09-20,Activo,2026,03,2026-03,45.0,197.48214285714286,95.36142857142858,5.883214285714286,62.02,78.57142857142857,89.35714285714286,14.464285714285714,25017.0,22408.0,0.0,103.61,11.68,13.2,42.86,93.57,Crítico,Adecuado,Crítico,Crítico,Crítico,Por mejorar,36.07,Rojo,6.93,Rojo,28.28,2026-04
64415037,Fernando Vargas Medina,Central de Emergencias,Miraflores,2022-04-24,Cesado,2024,01,2024-01,50.0,169.37923076923076,81.78846153846153,5.8372222222222225,76.94,81.875,87.58823529411765,14.5625,16313.0,14261.0,100.0,0.0,16.28,150.0,59.38,75.88,Adecuado,Crítico,Crítico,Adecuado,Crítico,Por mejorar,73.19,Ámbar,6.95,Rojo,63.09,2024-02
64415037,Fernando Vargas Medina,Central de Emergencias,Miraflores,2022-04-24,Cesado,2024,02,2024-02,50.0,152.23933333333332,79.39466666666667,6.014666666666667,72.34,82.47058823529412,88.4,15.588235294117647,14728.0,12968.0,100.0,0.0,0.0,116.4,62.35,84.0,Adecuado,Crítico,Crítico,Adecuado,Crítico,Por mejorar,63.09,Rojo,6.86,Ámbar,81.31,2024-03
64415037,Fernando Vargas Medina,Central de Emergencias,Miraflores,2022-04-24,Cesado,2024,03,2024-03,55.0,170.9929411764706,82.57,5.8488235294117645,77.88,82.89473684210526,89.66666666666667,15.842105263157896,14909.0,13259.0,150.0,0.0,15.12,150.0,64.47,96.67,Adecuado,Crítico,Crítico,Adecuado,Crítico,Por mejorar,81.31,Ámbar,6.62,Rojo,61.0,2024-04
64415037,Fernando Vargas Medina,Central de Emergencias,Miraflores,2022-04-24,Cesado,2024,04,2024-04,55.0,161.3242857142857,80.89642857142857,6.2357894736842105,75.59,72.0,86.27777777777777,13.0,17241.0,14811.0,150.0,0.0,0.0,148.9,10.0,62.78,Adecuado,Crítico,Crítico,Adecuado,Crítico,Crítico,61.0,Rojo,6.93,Rojo,39.24,2024-05
64415037,Fernando Vargas Medina,Central de Emergencias,Miraflores,2022-04-24,Cesado,2024,05,2024-05,55.0,165.44125,79.890625,5.87421052631579,61.94,78.55555555555556,87.92857142857143,13.38888888888889,13922.0,12269.0,150.0,0.0,12.58,12.4,42.78,79.29,Adecuado,Crítico,Crítico,Crítico,Crítico,Por mejorar,39.24,Rojo,7.0,Rojo,62.11,2024-06
64415037,Fernando Vargas Medina,Central de Emergencias,Miraflores,2022-04-24,Cesado,2024,06,2024-06,45.0,152.7422222222222,76.59333333333333,5.870833333333334,76.95,81.8,87.27777777777777,15.0,16968.0,14784.0,0.0,0.0,12.92,150.0,59.0,72.78,Crítico,Crítico,Crítico,Adecuado,Crítico,Por mejorar,62.11,Rojo,6.72,Rojo,51.49,2024-07
64415037,Fernando Vargas Medina,Central de Emergencias,Miraflores,2022-04-24,Cesado,2024,07,2024-07,45.0,170.1211111111111,82.14777777777778,6.2553846153846155,78.94,74.70588235294117,88.10526315789474,13.529411764705882,19779.0,17541.0,0.0,0.0,0.0,150.0,23.53,81.05,Crítico,Crítico,Crítico,Adecuado,Crítico,Por mejorar,51.49,Rojo,6.97,Rojo,67.33,2024-08
64415037,Fernando Vargas Medina,Central de Emergencias,Miraflores,2022-04-24,Cesado,2024,08,2024-08,50.0,162.72444444444446,78.57777777777778,5.886842105263158,77.52,77.3529411764706,88.375,14.176470588235293,15443.0,13581.0,100.0,0.0,11.32,150.0,36.76,83.75,Adecuado,Crítico,Crítico,Adecuado,Crítico,Por mejorar,67.33,Rojo,6.96,Rojo,34.99,2024-09
64415037,Fernando Vargas Medina,Central de Emergencias,Miraflores,2022-04-24,Cesado,2024,09,2024-09,55.0,162.979375,81.726875,6.0183333333333335,61.46,80.05263157894737,85.52631578947368,14.631578947368421,18318.0,15621.0,150.0,0.0,0.0,7.6,50.26,55.26,Adecuado,Crítico,Crítico,Crítico,Crítico,Crítico,34.99,Rojo,6.83,Ámbar,79.87,2024-10
64415037,Fernando Vargas Medina,Central de Emergencias,Miraflores,2022-04-24,Cesado,2024,10,2024-10,55.0,169.74,81.96428571428571,6.015,77.82,84.84210526315789,88.8125,15.052631578947368,14830.0,13276.0,150.0,0.0,0.0,150.0,74.21,88.13,Adecuado,Crítico,Crítico,Adecuado,Por mejorar,Por mejorar,79.87,Ámbar,6.98,Rojo,57.71,2024-11
64415037,Fernando Vargas Medina,Central de Emergencias,Miraflores,2022-04-24,Cesado,2024,11,2024-11,45.0,159.86444444444444,80.165,5.882941176470588,72.67,83.29411764705883,88.82352941176471,14.764705882352942,14832.0,13018.0,0.0,0.0,11.71,119.7,66.47,88.24,Crítico,Crítico,Crítico,Adecuado,Crítico,Por mejorar,57.71,Rojo,6.93,Rojo,43.0,2024-12
64415037,Fernando Vargas Medina,Central de Emergencias,Miraflores,2022-04-24,Cesado,2024,12,2024-12,55.0,166.44190476190477,80.37142857142857,6.153333333333333,68.91,71.125,86.0625,13.0,16037.0,13773.0,150.0,0.0,0.0,82.1,5.63,60.63,Adecuado,Crítico,Crítico,Por mejorar,Crítico,Crítico,43.0,Rojo,6.98,Rojo,45.22,2025-01
64415037,Fernando Vargas Medina,Central de Emergencias,Miraflores,2022-04-24,Cesado,2025,01,2025-01,55.0,163.740625,79.066875,6.067142857142857,67.3,76.6,85.47058823529412,14.133333333333333,16366.0,13847.0,150.0,0.0,0.0,66.0,33.0,54.71,Adecuado,Crítico,Crítico,Crítico,Crítico,Crítico,45.22,Rojo,6.87,Rojo,63.84,2025-02
64415037,Fernando Vargas Medina,Central de Emergencias,Miraflores,2022-04-24,Cesado,2025,02,2025-02,50.0,150.064,81.5205,5.998823529411765,75.07,78.16666666666667,87.6875,14.833333333333334,15358.0,13393.0,100.0,0.0,0.12,143.7,40.83,76.88,Adecuado,Crítico,Crítico,Adecuado,Crítico,Por mejorar,63.84,Rojo,6.83,Rojo,54.78,2025-03
64415037,Fernando Vargas Medina,Central de Emergencias,Miraflores,2022-04-24,Cesado,2025,03,2025-03,55.0,171.37,82.75111111111111,6.069411764705882,67.12,81.53333333333333,89.3125,15.066666666666666,16663.0,14925.0,150.0,0.0,0.0,64.2,57.67,93.13,Adecuado,Crítico,Crítico,Crítico,Crítico,Por mejorar,54.78,Rojo,6.99,Rojo,57.81,2025-04
64415037,Fernando Vargas Medina,Central de Emergencias,Miraflores,2022-04-24,Cesado,2025,04,2025-04,55.0,156.3540909090909,78.40409090909091,6.091111111111111,68.69,84.42857142857143,84.8,15.80952380952381,15413.0,13104.0,150.0,0.0,0.0,79.9,72.14,48.0,Adecuado,Crítico,Crítico,Por mejorar,Por mejorar,Crítico,57.81,Rojo,6.88,Rojo,60.98,2025-05
64415037,Fernando Vargas Medina,Central de Emergencias,Miraflores,2022-04-24,Cesado,2025,05,2025-05,55.0,165.1657894736842,79.75421052631579,6.108125,69.69,80.27777777777777,91.3076923076923,14.61111111111111,12809.0,11676.0,150.0,0.0,0.0,89.9,51.39,106.54,Adecuado,Crítico,Crítico,Por mejorar,Crítico,Adecuado,60.98,Rojo,6.91,Rojo,36.36,2025-06
64415037,Fernando Vargas Medina,Central de Emergencias,Miraflores,2022-04-24,Cesado,2025,06,2025-06,50.0,160.216,80.34133333333334,5.7688235294117645,60.76,81.33333333333333,87.42105263157895,14.533333333333333,18557.0,16193.0,100.0,0.0,23.12,0.6,56.67,74.21,Adecuado,Crítico,Crítico,Crítico,Crítico,Por mejorar,36.36,Rojo,6.88,Rojo,69.74,2025-07
64415037,Fernando Vargas Medina,Central de Emergencias,Miraflores,2022-04-24,Cesado,2025,07,2025-07,50.0,164.2057142857143,79.29142857142857,6.136153846153846,76.96,79.73684210526316,90.13333333333334,14.842105263157896,13970.0,12560.0,100.0,0.0,0.0,150.0,48.68,100.67,Adecuado,Crítico,Crítico,Adecuado,Crítico,Adecuado,69.74,Rojo,6.97,Rojo,32.56,2025-08
64415037,Fernando Vargas Medina,Central de Emergencias,Miraflores,2022-04-24,Cesado,2025,08,2025-08,50.0,170.346,82.256,5.737222222222222,61.87,75.8,87.125,13.75,15204.0,13373.0,100.0,0.0,26.28,11.7,29.0,71.25,Adecuado,Crítico,Crítico,Crítico,Crítico,Por mejorar,32.56,Rojo,6.91,Rojo,59.81,2025-09
64415037,Fernando Vargas Medina,Central de Emergencias,Miraflores,2022-04-24,Cesado,2025,09,2025-09,55.0,162.505,81.48944444444444,5.855,68.55,80.5,89.15789473684211,14.8125,17561.0,15761.0,150.0,0.0,14.5,78.5,52.5,91.58,Adecuado,Crítico,Crítico,Por mejorar,Crítico,Por mejorar,59.81,Rojo,6.91,Rojo,43.18,2025-10
64415037,Fernando Vargas Medina,Central de Emergencias,Miraflores,2022-04-24,Cesado,2025,10,2025-10,45.0,162.31470588235294,78.37764705882353,5.833125,67.83,80.25,89.2,15.0625,14171.0,12611.0,0.0,0.0,16.69,71.3,51.25,92.0,Crítico,Crítico,Crítico,Por mejorar,Crítico,Por mejorar,43.18,Rojo,6.76,Rojo,59.55,2025-11
64415037,Fernando Vargas Medina,Central de Emergencias,Miraflores,2022-04-24,Cesado,2025,11,2025-11,55.0,155.93133333333333,78.192,6.16578947368421,73.9,75.95,84.11111111111111,14.0,18038.0,15163.0,150.0,0.0,0.0,132.0,29.75,41.11,Adecuado,Crítico,Crítico,Adecuado,Crítico,Crítico,59.55,Rojo,6.93,Ámbar,78.21,2025-12
64415037,Fernando Vargas Medina,Central de Emergencias,Miraflores,2022-04-24,Cesado,2025,12,2025-12,55.0,162.52304347826086,78.4791304347826,5.968461538461539,77.5,82.75,89.14285714285714,15.25,20288.0,18070.0,150.0,0.0,3.15,150.0,63.75,91.43,Adecuado,Crítico,Crítico,Adecuado,Crítico,Por mejorar,78.21,Ámbar,6.79,Rojo,56.64,2026-01
64415037,Fernando Vargas Medina,Central de Emergencias,Miraflores,2022-04-24,Cesado,2026,01,2026-01,45.0,165.786875,80.054375,6.1257142857142854,76.7,78.21428571428571,88.875,14.071428571428571,14726.0,12927.0,0.0,0.0,0.0,150.0,41.07,88.75,Crítico,Crítico,Crítico,Adecuado,Crítico,Por mejorar,56.64,Rojo,6.97,Rojo,61.95,2026-02
64415037,Fernando Vargas Medina,Central de Emergencias,Miraflores,2022-04-24,Cesado,2026,02,2026-02,50.0,150.01368421052632,81.49368421052631,5.9525,77.98,74.6470588235294,87.6875,13.588235294117647,15315.0,13355.0,100.0,0.0,4.75,150.0,23.24,76.88,Adecuado,Crítico,Crítico,Adecuado,Crítico,Por mejorar,61.95,Rojo,6.98,Rojo,38.88,2026-03
64415037,Fernando Vargas Medina,Central de Emergencias,Miraflores,2022-04-24,Cesado,2026,03,2026-03,50.0,167.02833333333334,80.65444444444445,5.916842105263158,62.02,81.6470588235294,89.3529411764706,15.058823529411764,15621.0,13837.0,100.0,0.0,8.32,13.2,58.24,93.53,Adecuado,Crítico,Crítico,Crítico,Crítico,Por mejorar,38.88,Rojo,6.99,Rojo,23.76,2026-04
64759698,Marco Aguilar Cabrera,Central de Emergencias,Lima Centro,2025-08-20,Activo,2024,01,2024-01,50.0,194.9225,94.12571428571428,6.104642857142857,76.94,83.53571428571429,86.21428571428571,15.285714285714286,26418.0,22886.0,100.0,82.51,0.0,150.0,67.68,62.14,Adecuado,Por mejorar,Crítico,Adecuado,Crítico,Crítico,78.89,Ámbar,6.95,Rojo,68.28,2024-02
64759698,Marco Aguilar Cabrera,Central de Emergencias,Lima Centro,2025-08-20,Activo,2024,02,2024-02,45.0,184.1775,96.05035714285714,5.632857142857143,72.34,80.14285714285714,88.10714285714286,15.071428571428571,25629.0,22509.0,0.0,110.5,36.71,116.4,50.71,81.07,Crítico,Adecuado,Crítico,Adecuado,Crítico,Por mejorar,68.28,Rojo,6.77,Rojo,58.33,2024-03
64759698,Marco Aguilar Cabrera,Central de Emergencias,Lima Centro,2025-08-20,Activo,2024,03,2024-03,45.0,197.20892857142857,95.22821428571429,6.141785714285715,77.88,76.42857142857143,82.57142857142857,13.678571428571429,25296.0,20883.0,0.0,102.28,0.0,150.0,32.14,25.71,Crítico,Adecuado,Crítico,Adecuado,Crítico,Crítico,58.33,Rojo,6.99,Ámbar,86.31,2024-04
64759698,Marco Aguilar Cabrera,Central de Emergencias,Lima Centro,2025-08-20,Activo,2024,04,2024-04,50.0,188.32392857142858,94.435,6.01,75.59,86.07142857142857,90.25,16.142857142857142,25629.0,23275.0,100.0,88.7,0.0,148.9,80.36,101.25,Adecuado,Por mejorar,Crítico,Adecuado,Por mejorar,Adecuado,86.31,Ámbar,6.98,Rojo,51.89,2024-05
64759698,Marco Aguilar Cabrera,Central de Emergencias,Lima Centro,2025-08-20,Activo,2024,05,2024-05,55.0,195.64464285714286,94.47428571428571,5.7596428571428575,61.94,79.10714285714286,88.64285714285714,14.464285714285714,28763.0,25478.0,150.0,89.49,24.04,12.4,45.54,86.43,Adecuado,Por mejorar,Crítico,Crítico,Crítico,Por mejorar,51.89,Rojo,6.88,Rojo,67.58,2024-06
64759698,Marco Aguilar Cabrera,Central de Emergencias,Lima Centro,2025-08-20,Activo,2024,06,2024-06,45.0,188.05035714285714,94.2975,6.192857142857143,76.95,80.35714285714286,88.53571428571429,14.571428571428571,26458.0,23363.0,0.0,85.95,0.0,150.0,51.79,85.36,Crítico,Por mejorar,Crítico,Adecuado,Crítico,Por mejorar,67.58,Rojo,6.85,Ámbar,80.66,2024-07
64759698,Marco Aguilar Cabrera,Central de Emergencias,Lima Centro,2025-08-20,Activo,2024,07,2024-07,55.0,195.95107142857142,94.62214285714286,5.9696428571428575,78.94,79.07142857142857,86.96428571428571,14.357142857142858,28753.0,24997.0,150.0,92.44,3.04,150.0,45.36,69.64,Adecuado,Por mejorar,Crítico,Adecuado,Crítico,Crítico,80.66,Ámbar,6.96,Ámbar,76.53,2024-08
64759698,Marco Aguilar Cabrera,Central de Emergencias,Lima Centro,2025-08-20,Activo,2024,08,2024-08,50.0,195.3425,94.32857142857142,6.010714285714286,77.52,80.21428571428571,87.60714285714286,14.321428571428571,27451.0,23884.0,100.0,86.57,0.0,150.0,51.07,76.07,Adecuado,Por mejorar,Crítico,Adecuado,Crítico,Por mejorar,76.53,Ámbar,6.69,Rojo,42.79,2024-09
64759698,Marco Aguilar Cabrera,Central de Emergencias,Lima Centro,2025-08-20,Activo,2024,09,2024-09,50.0,191.92714285714285,96.24285714285715,5.919642857142857,61.46,77.0,89.28571428571429,13.821428571428571,27166.0,24313.0,100.0,112.43,8.04,7.6,35.0,92.86,Adecuado,Adecuado,Crítico,Crítico,Crítico,Por mejorar,42.79,Rojo,6.98,Rojo,69.31,2024-10
64759698,Marco Aguilar Cabrera,Central de Emergencias,Lima Centro,2025-08-20,Activo,2024,10,2024-10,50.0,196.605,94.93714285714286,6.002142857142857,77.82,74.89285714285714,85.82142857142857,13.535714285714286,25626.0,21922.0,100.0,98.74,0.0,150.0,24.46,58.21,Adecuado,Por mejorar,Crítico,Adecuado,Crítico,Crítico,69.31,Rojo,6.87,Ámbar,82.13,2024-11
64759698,Marco Aguilar Cabrera,Central de Emergencias,Lima Centro,2025-08-20,Activo,2024,11,2024-11,50.0,190.54964285714286,95.55035714285714,5.666071428571429,72.67,83.21428571428571,88.46428571428571,15.607142857142858,27908.0,24500.0,100.0,105.5,33.39,119.7,66.07,84.64,Adecuado,Adecuado,Crítico,Adecuado,Crítico,Por mejorar,82.13,Ámbar,6.93,Rojo,58.17,2024-12
64759698,Marco Aguilar Cabrera,Central de Emergencias,Lima Centro,2025-08-20,Activo,2024,12,2024-12,45.0,195.56392857142856,94.43392857142857,6.011428571428572,68.91,84.75,90.67857142857143,15.964285714285714,25159.0,22854.0,0.0,88.68,0.0,82.1,73.75,103.39,Crítico,Por mejorar,Crítico,Por mejorar,Por mejorar,Adecuado,58.17,Rojo,6.91,Rojo,54.6,2025-01
64759698,Marco Aguilar Cabrera,Central de Emergencias,Lima Centro,2025-08-20,Activo,2025,01,2025-01,50.0,195.52857142857144,94.41821428571428,6.0325,67.3,81.21428571428571,85.25,15.321428571428571,25453.0,21665.0,100.0,88.36,0.0,66.0,56.07,52.5,Adecuado,Por mejorar,Crítico,Crítico,Crítico,Crítico,54.6,Rojo,6.86,Ámbar,81.32,2025-02
64759698,Marco Aguilar Cabrera,Central de Emergencias,Lima Centro,2025-08-20,Activo,2025,02,2025-02,55.0,175.20607142857142,95.17821428571429,5.894642857142857,75.07,80.0,85.60714285714286,14.928571428571429,26957.0,23035.0,150.0,101.78,10.54,143.7,50.0,56.07,Adecuado,Adecuado,Crítico,Adecuado,Crítico,Crítico,81.32,Ámbar,6.86,Rojo,58.92,2025-03
64759698,Marco Aguilar Cabrera,Central de Emergencias,Lima Centro,2025-08-20,Activo,2025,03,2025-03,55.0,197.02892857142857,95.14214285714286,5.964642857142857,67.12,80.35714285714286,84.07142857142857,15.035714285714286,27767.0,23312.0,150.0,101.42,3.54,64.2,51.79,40.71,Adecuado,Adecuado,Crítico,Crítico,Crítico,Crítico,58.92,Rojo,6.78,Ámbar,71.22,2025-04
64759698,Marco Aguilar Cabrera,Central de Emergencias,Lima Centro,2025-08-20,Activo,2025,04,2025-04,55.0,189.80964285714285,95.18071428571429,5.813571428571429,68.69,79.60714285714286,90.64285714285714,14.607142857142858,25977.0,23552.0,150.0,101.81,18.64,79.9,48.04,103.21,Adecuado,Adecuado,Crítico,Por mejorar,Crítico,Adecuado,71.22,Ámbar,6.98,Rojo,68.41,2025-05
64759698,Marco Aguilar Cabrera,Central de Emergencias,Lima Centro,2025-08-20,Activo,2025,05,2025-05,50.0,197.515,95.37678571428572,6.4,69.69,84.78571428571429,87.07142857142857,15.642857142857142,24773.0,21443.0,100.0,103.77,0.0,89.9,73.93,70.71,Adecuado,Adecuado,Crítico,Por mejorar,Por mejorar,Por mejorar,68.41,Rojo,6.99,Rojo,35.36,2025-06
64759698,Marco Aguilar Cabrera,Central de Emergencias,Lima Centro,2025-08-20,Activo,2025,06,2025-06,50.0,188.45107142857142,94.49857142857142,5.868214285714286,60.76,75.89285714285714,86.21428571428571,14.142857142857142,28126.0,24080.0,100.0,89.97,13.18,0.6,29.46,62.14,Adecuado,Por mejorar,Crítico,Crítico,Crítico,Crítico,35.36,Rojo,6.92,Ámbar,78.82,2025-07
64759698,Marco Aguilar Cabrera,Central de Emergencias,Lima Centro,2025-08-20,Activo,2025,07,2025-07,50.0,196.75214285714284,95.00821428571429,5.941428571428571,76.96,81.42857142857143,85.85714285714286,14.428571428571429,27347.0,23870.0,100.0,100.08,5.86,150.0,57.14,58.57,Adecuado,Adecuado,Crítico,Adecuado,Crítico,Crítico,78.82,Ámbar,6.98,Rojo,45.11,2025-08
64759698,Marco Aguilar Cabrera,Central de Emergencias,Lima Centro,2025-08-20,Activo,2025,08,2025-08,50.0,196.22821428571427,94.75392857142857,5.880357142857143,61.87,79.0,89.03571428571429,14.607142857142858,26249.0,23510.0,100.0,95.08,11.96,11.7,45.0,90.36,Adecuado,Por mejorar,Crítico,Crítico,Crítico,Por mejorar,45.11,Rojo,6.74,Ámbar,70.5,2025-09
64759698,Marco Aguilar Cabrera,Central de Emergencias,Lima Centro,2025-08-20,Activo,2025,09,2025-09,55.0,191.43857142857144,95.99714285714286,6.001785714285714,68.55,82.07142857142857,89.78571428571429,14.821428571428571,24636.0,22042.0,150.0,109.97,0.0,78.5,60.36,97.86,Adecuado,Adecuado,Crítico,Por mejorar,Crítico,Por mejorar,70.5,Ámbar,6.94,Rojo,57.78,2025-10
64759698,Marco Aguilar Cabrera,Central de Emergencias,Lima Centro,2025-08-20,Activo,2025,10,2025-10,50.0,199.72178571428572,96.44178571428571,5.978571428571429,67.83,78.64285714285714,87.28571428571429,14.857142857142858,27038.0,23712.0,100.0,114.42,2.14,71.3,43.21,72.86,Adecuado,Adecuado,Crítico,Por mejorar,Crítico,Por mejorar,57.78,Rojo,6.97,Ámbar,80.38,2025-11
64759698,Marco Aguilar Cabrera,Central de Emergencias,Lima Centro,2025-08-20,Activo,2025,11,2025-11,50.0,189.90571428571428,95.22892857142857,6.1725,73.9,83.60714285714286,90.28571428571429,15.5,25784.0,23243.0,100.0,102.29,0.0,132.0,68.04,101.43,Adecuado,Adecuado,Crítico,Adecuado,Crítico,Adecuado,80.38,Ámbar,6.98,Ámbar,70.02,2025-12
64759698,Marco Aguilar Cabrera,Central de Emergencias,Lima Centro,2025-08-20,Activo,2025,12,2025-12,45.0,194.29535714285714,93.82107142857143,5.849285714285714,77.5,81.75,87.17857142857143,15.392857142857142,27180.0,23731.0,0.0,76.42,15.07,150.0,58.75,71.79,Crítico,Por mejorar,Crítico,Adecuado,Crítico,Por mejorar,70.02,Ámbar,6.94,Ámbar,73.89,2026-01
64759698,Marco Aguilar Cabrera,Central de Emergencias,Lima Centro,2025-08-20,Activo,2026,01,2026-01,45.0,196.75142857142856,95.0075,6.039285714285715,76.7,86.25,86.07142857142857,15.714285714285714,27803.0,24035.0,0.0,100.08,0.0,150.0,81.25,60.71,Crítico,Adecuado,Crítico,Adecuado,Por mejorar,Crítico,73.89,Ámbar,6.98,Ámbar,70.41,2026-02
64759698,Marco Aguilar Cabrera,Central de Emergencias,Lima Centro,2025-08-20,Activo,2026,02,2026-02,50.0,173.24178571428573,94.1125,5.986071428571429,77.98,73.03571428571429,91.21428571428571,13.535714285714286,25287.0,22987.0,100.0,82.25,1.39,150.0,15.18,106.07,Adecuado,Por mejorar,Crítico,Adecuado,Crítico,Adecuado,70.41,Ámbar,6.99,Rojo,50.65,2026-03
64759698,Marco Aguilar Cabrera,Central de Emergencias,Lima Centro,2025-08-20,Activo,2026,03,2026-03,55.0,197.23,95.23928571428571,5.869642857142857,62.02,79.57142857142857,87.53571428571429,14.928571428571429,26971.0,23620.0,150.0,102.39,13.04,13.2,47.86,75.36,Adecuado,Adecuado,Crítico,Crítico,Crítico,Por mejorar,50.65,Rojo,6.84,Rojo,39.33,2026-04
64987126,Fernando Rodríguez Vargas,Monitoreo de Incidencias,Ate,2022-09-24,Cesado,2024,01,2024-01,55.0,163.38,78.89461538461538,6.066315789473684,76.94,81.0,85.58823529411765,14.941176470588236,16275.0,13884.0,150.0,0.0,0.0,150.0,55.0,55.88,Adecuado,Crítico,Crítico,Adecuado,Crítico,Crítico,71.84,Ámbar,6.99,Rojo,50.88,2024-02
64987126,Fernando Rodríguez Vargas,Monitoreo de Incidencias,Ate,2022-09-24,Cesado,2024,02,2024-02,45.0,150.01470588235293,78.23529411764706,5.959444444444444,72.34,79.84210526315789,88.66666666666667,14.894736842105264,15802.0,13964.0,0.0,0.0,4.06,116.4,49.21,86.67,Crítico,Crítico,Crítico,Adecuado,Crítico,Por mejorar,50.88,Rojo,6.86,Ámbar,80.47,2024-03
64987126,Fernando Rodríguez Vargas,Monitoreo de Incidencias,Ate,2022-09-24,Cesado,2024,03,2024-03,55.0,160.021875,77.271875,5.8110526315789475,77.88,83.66666666666667,87.10526315789474,15.6,17945.0,15715.0,150.0,0.0,18.89,150.0,68.33,71.05,Adecuado,Crítico,Crítico,Adecuado,Crítico,Por mejorar,80.47,Ámbar,6.84,Ámbar,71.4,2024-04
64987126,Fernando Rodríguez Vargas,Monitoreo de Incidencias,Ate,2022-09-24,Cesado,2024,04,2024-04,50.0,154.4157894736842,77.43315789473684,5.792666666666666,75.59,80.82352941176471,86.5,14.823529411764707,17026.0,14595.0,100.0,0.0,20.73,148.9,54.12,65.0,Adecuado,Crítico,Crítico,Adecuado,Crítico,Crítico,71.4,Ámbar,6.69,Rojo,30.3,2024-05
64987126,Fernando Rodríguez Vargas,Monitoreo de Incidencias,Ate,2022-09-24,Cesado,2024,05,2024-05,50.0,171.81133333333332,82.964,6.1557894736842105,61.94,78.05,87.13333333333334,14.05,14198.0,12330.0,100.0,0.0,0.0,12.4,40.25,71.33,Adecuado,Crítico,Crítico,Crítico,Crítico,Por mejorar,30.3,Rojo,6.95,Ámbar,70.46,2024-06
64987126,Fernando Rodríguez Vargas,Monitoreo de Incidencias,Ate,2022-09-24,Cesado,2024,06,2024-06,50.0,158.22133333333332,79.34,6.0564285714285715,76.95,82.06666666666666,87.875,15.533333333333333,15241.0,13270.0,100.0,0.0,0.0,150.0,60.33,78.75,Adecuado,Crítico,Crítico,Adecuado,Crítico,Por mejorar,70.46,Ámbar,6.84,Ámbar,72.2,2024-07
64987126,Fernando Rodríguez Vargas,Monitoreo de Incidencias,Ate,2022-09-24,Cesado,2024,07,2024-07,55.0,162.62764705882353,78.53176470588235,6.058181818181819,78.94,80.625,86.42105263157895,15.0625,17510.0,15019.0,150.0,0.0,0.0,150.0,53.13,64.21,Adecuado,Crítico,Crítico,Adecuado,Crítico,Crítico,72.2,Ámbar,6.95,Ámbar,79.59,2024-08
64987126,Fernando Rodríguez Vargas,Monitoreo de Incidencias,Ate,2022-09-24,Cesado,2024,08,2024-08,50.0,165.65,79.98857142857143,5.7925,77.52,86.46153846153847,87.36363636363636,15.923076923076923,9867.0,8658.0,100.0,0.0,20.75,150.0,82.31,73.64,Adecuado,Crítico,Crítico,Adecuado,Por mejorar,Por mejorar,79.59,Ámbar,6.94,Rojo,33.17,2024-09
64987126,Fernando Rodríguez Vargas,Monitoreo de Incidencias,Ate,2022-09-24,Cesado,2024,09,2024-09,55.0,157.16052631578947,78.8078947368421,6.054285714285714,61.46,77.65,86.70588235294117,14.2,16154.0,14096.0,150.0,0.0,0.0,7.6,38.25,67.06,Adecuado,Crítico,Crítico,Crítico,Crítico,Crítico,33.17,Rojo,6.89,Ámbar,80.97,2024-10
64987126,Fernando Rodríguez Vargas,Monitoreo de Incidencias,Ate,2022-09-24,Cesado,2024,10,2024-10,55.0,167.31,80.79071428571429,5.94625,77.82,85.3125,88.25,15.8125,10726.0,9393.0,150.0,0.0,5.38,150.0,76.56,82.5,Adecuado,Crítico,Crítico,Adecuado,Por mejorar,Por mejorar,80.97,Ámbar,6.85,Ámbar,72.63,2024-11
64987126,Fernando Rodríguez Vargas,Monitoreo de Incidencias,Ate,2022-09-24,Cesado,2024,11,2024-11,55.0,159.88210526315788,80.17473684210526,5.837058823529412,72.67,82.27777777777777,89.1,15.166666666666666,19177.0,17076.0,150.0,0.0,16.29,119.7,61.39,91.0,Adecuado,Crítico,Crítico,Adecuado,Crítico,Por mejorar,72.63,Ámbar,6.73,Rojo,61.18,2024-12
64987126,Fernando Rodríguez Vargas,Monitoreo de Incidencias,Ate,2022-09-24,Cesado,2024,12,2024-12,55.0,163.99133333333333,79.188,5.915,68.91,83.33333333333333,87.28571428571429,15.266666666666667,13763.0,11872.0,150.0,0.0,8.5,82.1,66.67,72.86,Adecuado,Crítico,Crítico,Por mejorar,Crítico,Por mejorar,61.18,Rojo,6.97,Rojo,56.33,2025-01
64987126,Fernando Rodríguez Vargas,Monitoreo de Incidencias,Ate,2022-09-24,Cesado,2025,01,2025-01,55.0,167.67,80.96411764705883,5.792777777777777,67.3,80.2,87.9375,13.933333333333334,14862.0,13179.0,150.0,0.0,20.72,66.0,51.0,79.38,Adecuado,Crítico,Crítico,Crítico,Crítico,Por mejorar,56.33,Rojo,6.67,Rojo,56.88,2025-02
64987126,Fernando Rodríguez Vargas,Monitoreo de Incidencias,Ate,2022-09-24,Cesado,2025,02,2025-02,45.0,146.7542105263158,79.7221052631579,6.135,75.07,82.07142857142857,85.86666666666666,14.571428571428571,13067.0,11240.0,0.0,0.0,0.0,143.7,60.36,58.67,Crítico,Crítico,Crítico,Adecuado,Crítico,Crítico,56.88,Rojo,6.96,Rojo,57.21,2025-03
64987126,Fernando Rodríguez Vargas,Monitoreo de Incidencias,Ate,2022-09-24,Cesado,2025,03,2025-03,55.0,167.02857142857144,80.65428571428572,5.904285714285714,67.12,81.0,91.0,14.0,16938.0,15456.0,150.0,0.0,9.57,64.2,55.0,105.0,Adecuado,Crítico,Crítico,Crítico,Crítico,Adecuado,57.21,Rojo,6.87,Rojo,53.18,2025-04
64987126,Fernando Rodríguez Vargas,Monitoreo de Incidencias,Ate,2022-09-24,Cesado,2025,04,2025-04,50.0,155.29238095238094,77.87285714285714,5.8425,68.69,78.11764705882354,89.9047619047619,14.647058823529411,19994.0,18058.0,100.0,0.0,15.75,79.9,40.59,99.05,Adecuado,Crítico,Crítico,Por mejorar,Crítico,Por mejorar,53.18,Rojo,6.92,Rojo,58.73,2025-05
64987126,Fernando Rodríguez Vargas,Monitoreo de Incidencias,Ate,2022-09-24,Cesado,2025,05,2025-05,50.0,166.40105263157895,80.35157894736842,5.51375,69.69,78.1875,86.29411764705883,14.875,17213.0,14729.0,100.0,0.0,48.63,89.9,40.94,62.94,Adecuado,Crítico,Crítico,Por mejorar,Crítico,Crítico,58.73,Rojo,6.43,Rojo,21.2,2025-06
64987126,Fernando Rodríguez Vargas,Monitoreo de Incidencias,Ate,2022-09-24,Cesado,2025,06,2025-06,45.0,154.586875,77.519375,5.89375,60.76,79.88235294117646,86.57142857142857,14.588235294117647,14542.0,12624.0,0.0,0.0,10.63,0.6,49.41,65.71,Crítico,Crítico,Crítico,Crítico,Crítico,Crítico,21.2,Rojo,6.79,Rojo,62.21,2025-07
64987126,Fernando Rodríguez Vargas,Monitoreo de Incidencias,Ate,2022-09-24,Cesado,2025,07,2025-07,45.0,166.86473684210526,80.57578947368421,6.067222222222222,76.96,84.26666666666667,86.875,15.133333333333333,14692.0,12751.0,0.0,0.0,0.0,150.0,71.33,68.75,Crítico,Crítico,Crítico,Adecuado,Por mejorar,Crítico,62.21,Rojo,6.97,Rojo,21.38,2025-08
64987126,Fernando Rodríguez Vargas,Monitoreo de Incidencias,Ate,2022-09-24,Cesado,2025,08,2025-08,50.0,167.01125,80.64625,5.923076923076923,61.87,74.22222222222223,81.64285714285714,13.444444444444445,12564.0,10252.0,100.0,0.0,7.69,11.7,21.11,16.43,Adecuado,Crítico,Crítico,Crítico,Crítico,Crítico,21.38,Rojo,6.84,Rojo,28.51,2025-09
64987126,Fernando Rodríguez Vargas,Monitoreo de Incidencias,Ate,2022-09-24,Cesado,2025,09,2025-09,45.0,161.5845,81.026,6.017058823529412,68.55,70.42857142857143,88.34782608695652,12.142857142857142,24199.0,21373.0,0.0,0.0,0.0,78.5,2.14,83.48,Crítico,Crítico,Crítico,Por mejorar,Crítico,Por mejorar,28.51,Rojo,6.94,Rojo,38.2,2025-10
64987126,Fernando Rodríguez Vargas,Monitoreo de Incidencias,Ate,2022-09-24,Cesado,2025,10,2025-10,45.0,167.12842105263158,80.70263157894736,5.74764705882353,67.83,76.5,87.2,13.666666666666666,18386.0,15994.0,0.0,0.0,25.24,71.3,32.5,72.0,Crítico,Crítico,Crítico,Por mejorar,Crítico,Por mejorar,38.2,Rojo,6.68,Rojo,48.34,2025-11
64987126,Fernando Rodríguez Vargas,Monitoreo de Incidencias,Ate,2022-09-24,Cesado,2025,11,2025-11,45.0,159.5142857142857,79.98904761904762,6.0723529411764705,73.9,79.07142857142857,84.0,14.928571428571429,13920.0,11655.0,0.0,0.0,0.0,132.0,45.36,40.0,Crítico,Crítico,Crítico,Adecuado,Crítico,Crítico,48.34,Rojo,6.91,Ámbar,79.76,2025-12
64987126,Fernando Rodríguez Vargas,Monitoreo de Incidencias,Ate,2022-09-24,Cesado,2025,12,2025-12,55.0,161.96235294117648,78.20764705882353,5.8707692307692305,77.5,85.0,85.92857142857143,15.5,13484.0,11423.0,150.0,0.0,12.92,150.0,75.0,59.29,Adecuado,Crítico,Crítico,Adecuado,Por mejorar,Crítico,79.76,Ámbar,6.96,Rojo,63.62,2026-01
64987126,Fernando Rodríguez Vargas,Monitoreo de Incidencias,Ate,2022-09-24,Cesado,2026,01,2026-01,50.0,172.43,83.264,6.133529411764706,76.7,78.3076923076923,85.73333333333333,13.846153846153847,13885.0,11853.0,100.0,0.0,0.0,150.0,41.54,57.33,Adecuado,Crítico,Crítico,Adecuado,Crítico,Crítico,63.62,Rojo,6.97,Ámbar,70.64,2026-02
64987126,Fernando Rodríguez Vargas,Monitoreo de Incidencias,Ate,2022-09-24,Cesado,2026,02,2026-02,50.0,147.7570588235294,80.26882352941176,6.025,77.98,80.26315789473684,90.625,14.68421052631579,14576.0,13207.0,100.0,0.0,0.0,150.0,51.32,103.13,Adecuado,Crítico,Crítico,Adecuado,Crítico,Adecuado,70.64,Ámbar,6.78,Rojo,25.5,2026-03
64987126,Fernando Rodríguez Vargas,Monitoreo de Incidencias,Ate,2022-09-24,Cesado,2026,03,2026-03,45.0,163.46176470588236,78.93352941176471,6.0986666666666665,62.02,82.07142857142857,87.10526315789474,14.5,17615.0,15348.0,0.0,0.0,0.0,13.2,60.36,71.05,Crítico,Crítico,Crítico,Crítico,Crítico,Por mejorar,25.5,Rojo,6.99,Rojo,29.62,2026-04
65249262,Gabriela Morales Huamán,Atención Operativa,Miraflores,2021-06-08,Cesado,2024,01,2024-01,50.0,165.5778947368421,79.95473684210526,5.961666666666667,76.94,79.17647058823529,82.23076923076923,14.764705882352942,12973.0,10749.0,100.0,0.0,3.83,150.0,45.88,22.31,Adecuado,Crítico,Crítico,Adecuado,Crítico,Crítico,61.97,Rojo,6.89,Rojo,39.26,2024-02
65249262,Gabriela Morales Huamán,Atención Operativa,Miraflores,2021-06-08,Cesado,2024,02,2024-02,45.0,153.254,79.92333333333333,5.950769230769231,72.34,74.0909090909091,84.0625,13.363636363636363,15097.0,12634.0,0.0,0.0,4.92,116.4,20.45,40.63,Crítico,Crítico,Crítico,Adecuado,Crítico,Crítico,39.26,Rojo,6.77,Rojo,63.31,2024-03
65249262,Gabriela Morales Huamán,Atención Operativa,Miraflores,2021-06-08,Cesado,2024,03,2024-03,50.0,162.1538888888889,78.3,6.108125,77.88,78.16666666666667,85.6,13.833333333333334,20515.0,17661.0,100.0,0.0,0.0,150.0,40.83,56.0,Adecuado,Crítico,Crítico,Adecuado,Crítico,Crítico,63.31,Rojo,6.99,Rojo,69.99,2024-04
65249262,Gabriela Morales Huamán,Atención Operativa,Miraflores,2021-06-08,Cesado,2024,04,2024-04,55.0,162.49625,81.485,5.880625,75.59,74.17647058823529,90.3157894736842,13.764705882352942,16228.0,14616.0,150.0,0.0,11.94,148.9,20.88,101.58,Adecuado,Crítico,Crítico,Adecuado,Crítico,Adecuado,69.99,Rojo,6.93,Rojo,22.52,2024-05
65249262,Gabriela Morales Huamán,Atención Operativa,Miraflores,2021-06-08,Cesado,2024,05,2024-05,45.0,173.42666666666668,83.74466666666666,6.107272727272727,61.94,79.4,87.66666666666667,14.466666666666667,14835.0,12993.0,0.0,0.0,0.0,12.4,47.0,76.67,Crítico,Crítico,Crítico,Crítico,Crítico,Por mejorar,22.52,Rojo,6.84,Rojo,69.58,2024-06
65249262,Gabriela Morales Huamán,Atención Operativa,Miraflores,2021-06-08,Cesado,2024,06,2024-06,50.0,157.154375,78.80625,5.62,76.95,75.75,87.29411764705883,15.25,14887.0,12943.0,100.0,0.0,38.0,150.0,28.75,72.94,Adecuado,Crítico,Crítico,Adecuado,Crítico,Por mejorar,69.58,Rojo,6.81,Ámbar,70.58,2024-07
65249262,Gabriela Morales Huamán,Atención Operativa,Miraflores,2021-06-08,Cesado,2024,07,2024-07,50.0,164.8735,79.613,6.126315789473685,78.94,81.77777777777777,88.3529411764706,15.0,16381.0,14344.0,100.0,0.0,0.0,150.0,58.89,83.53,Adecuado,Crítico,Crítico,Adecuado,Crítico,Por mejorar,70.58,Ámbar,6.99,Rojo,60.91,2024-08
65249262,Gabriela Morales Huamán,Atención Operativa,Miraflores,2021-06-08,Cesado,2024,08,2024-08,45.0,163.7735294117647,79.08411764705882,5.788,77.52,78.61111111111111,88.4,14.0,18780.0,16746.0,0.0,0.0,21.2,150.0,43.06,84.0,Crítico,Crítico,Crítico,Adecuado,Crítico,Por mejorar,60.91,Rojo,6.92,Rojo,33.93,2024-09
65249262,Gabriela Morales Huamán,Atención Operativa,Miraflores,2021-06-08,Cesado,2024,09,2024-09,55.0,161.755,81.11214285714286,5.885882352941176,61.46,76.69565217391305,86.375,14.26086956521739,14813.0,12740.0,150.0,0.0,11.41,7.6,33.48,63.75,Adecuado,Crítico,Crítico,Crítico,Crítico,Crítico,33.93,Rojo,6.87,Rojo,62.6,2024-10
65249262,Gabriela Morales Huamán,Atención Operativa,Miraflores,2021-06-08,Cesado,2024,10,2024-10,50.0,161.6042857142857,78.03642857142857,6.107368421052632,77.82,74.17647058823529,89.875,13.705882352941176,15457.0,13853.0,100.0,0.0,0.0,150.0,20.88,98.75,Adecuado,Crítico,Crítico,Adecuado,Crítico,Por mejorar,62.6,Rojo,6.85,Rojo,58.49,2024-11
65249262,Gabriela Morales Huamán,Atención Operativa,Miraflores,2021-06-08,Cesado,2024,11,2024-11,50.0,157.12882352941176,78.79235294117647,5.976666666666667,72.67,77.36842105263158,88.88888888888889,14.157894736842104,16515.0,14701.0,100.0,0.0,2.33,119.7,36.84,88.89,Adecuado,Crítico,Crítico,Adecuado,Crítico,Por mejorar,58.49,Rojo,7.0,Rojo,66.13,2024-12
65249262,Gabriela Morales Huamán,Atención Operativa,Miraflores,2021-06-08,Cesado,2024,12,2024-12,55.0,164.754,79.55666666666667,5.63,68.91,83.2,86.70588235294117,14.666666666666666,16349.0,14121.0,150.0,0.0,37.0,82.1,66.0,67.06,Adecuado,Crítico,Crítico,Por mejorar,Crítico,Crítico,66.13,Rojo,6.77,Rojo,36.73,2025-01
65249262,Gabriela Morales Huamán,Atención Operativa,Miraflores,2021-06-08,Cesado,2025,01,2025-01,45.0,163.94,79.163125,5.780588235294117,67.3,75.8125,88.57894736842105,14.1875,17169.0,15110.0,0.0,0.0,21.94,66.0,29.06,85.79,Crítico,Crítico,Crítico,Crítico,Crítico,Por mejorar,36.73,Rojo,6.94,Rojo,67.27,2025-02
65249262,Gabriela Morales Huamán,Atención Operativa,Miraflores,2021-06-08,Cesado,2025,02,2025-02,50.0,142.62642857142856,77.47928571428571,5.9192307692307695,75.07,77.75,90.07692307692308,14.05,13192.0,11954.0,100.0,0.0,8.08,143.7,38.75,100.38,Adecuado,Crítico,Crítico,Adecuado,Crítico,Adecuado,67.27,Rojo,6.74,Rojo,49.78,2025-03
65249262,Gabriela Morales Huamán,Atención Operativa,Miraflores,2021-06-08,Cesado,2025,03,2025-03,55.0,167.21454545454546,80.74545454545455,5.772,67.12,74.93333333333334,88.0,13.2,17316.0,15307.0,150.0,0.0,22.8,64.2,24.67,80.0,Adecuado,Crítico,Crítico,Crítico,Crítico,Por mejorar,49.78,Rojo,6.91,Rojo,55.17,2025-04
65249262,Gabriela Morales Huamán,Atención Operativa,Miraflores,2021-06-08,Cesado,2025,04,2025-04,50.0,163.97882352941176,82.22823529411765,6.020526315789474,68.69,82.5,89.57142857142857,14.833333333333334,20176.0,18152.0,100.0,0.0,0.0,79.9,62.5,95.71,Adecuado,Crítico,Crítico,Por mejorar,Crítico,Por mejorar,55.17,Rojo,6.92,Rojo,56.36,2025-05
65249262,Gabriela Morales Huamán,Atención Operativa,Miraflores,2021-06-08,Cesado,2025,05,2025-05,45.0,162.3385,78.39,5.904285714285714,69.69,87.125,91.13333333333334,16.25,14114.0,12733.0,0.0,0.0,9.57,89.9,85.63,105.67,Crítico,Crítico,Crítico,Por mejorar,Por mejorar,Adecuado,56.36,Rojo,7.0,Rojo,32.84,2025-06
65249262,Gabriela Morales Huamán,Atención Operativa,Miraflores,2021-06-08,Cesado,2025,06,2025-06,45.0,156.8775,78.666875,5.766,60.76,84.5,89.88888888888889,15.666666666666666,17188.0,15473.0,0.0,0.0,23.4,0.6,72.5,98.89,Crítico,Crítico,Crítico,Crítico,Por mejorar,Por mejorar,32.84,Rojo,6.64,Ámbar,70.58,2025-07
65249262,Gabriela Morales Huamán,Atención Operativa,Miraflores,2021-06-08,Cesado,2025,07,2025-07,50.0,169.73625,81.96375,6.057333333333333,76.96,84.57894736842105,84.85714285714286,15.052631578947368,13759.0,11744.0,100.0,0.0,0.0,150.0,72.89,48.57,Adecuado,Crítico,Crítico,Adecuado,Por mejorar,Crítico,70.58,Ámbar,6.98,Rojo,27.26,2025-08
65249262,Gabriela Morales Huamán,Atención Operativa,Miraflores,2021-06-08,Cesado,2025,08,2025-08,45.0,165.75105263157894,80.03842105263158,6.132631578947368,61.87,81.3,90.42105263157895,15.0,17548.0,15864.0,0.0,0.0,0.0,11.7,56.5,102.11,Crítico,Crítico,Crítico,Crítico,Crítico,Adecuado,27.26,Rojo,6.98,Rojo,48.79,2025-09
65249262,Gabriela Morales Huamán,Atención Operativa,Miraflores,2021-06-08,Cesado,2025,09,2025-09,50.0,157.458,78.95733333333334,5.845,68.55,75.57142857142857,89.1,14.095238095238095,18021.0,16065.0,100.0,0.0,15.5,78.5,27.86,91.0,Adecuado,Crítico,Crítico,Por mejorar,Crítico,Por mejorar,48.79,Rojo,6.85,Rojo,38.79,2025-10
65249262,Gabriela Morales Huamán,Atención Operativa,Miraflores,2021-06-08,Cesado,2025,10,2025-10,45.0,160.51176470588234,77.50941176470589,5.9475,67.83,79.64285714285714,87.86363636363636,13.785714285714286,20967.0,18276.0,0.0,0.0,5.25,71.3,48.21,78.64,Crítico,Crítico,Crítico,Por mejorar,Crítico,Por mejorar,38.79,Rojo,6.99,Rojo,65.33,2025-11
65249262,Gabriela Morales Huamán,Atención Operativa,Miraflores,2021-06-08,Cesado,2025,11,2025-11,55.0,156.1638888888889,78.30777777777777,5.968571428571429,73.9,78.6842105263158,85.85,14.052631578947368,19513.0,16835.0,150.0,0.0,3.14,132.0,43.42,58.5,Adecuado,Crítico,Crítico,Adecuado,Crítico,Crítico,65.33,Rojo,6.94,Rojo,66.52,2025-12
65249262,Gabriela Morales Huamán,Atención Operativa,Miraflores,2021-06-08,Cesado,2025,12,2025-12,55.0,169.03222222222223,81.62277777777778,5.945454545454545,77.5,74.78947368421052,86.94736842105263,13.736842105263158,16753.0,14405.0,150.0,0.0,5.45,150.0,23.95,69.47,Adecuado,Crítico,Crítico,Adecuado,Crítico,Crítico,66.52,Rojo,6.92,Ámbar,73.58,2026-01
65249262,Gabriela Morales Huamán,Atención Operativa,Miraflores,2021-06-08,Cesado,2026,01,2026-01,55.0,166.95133333333334,80.618,6.054666666666667,76.7,81.66666666666667,86.5,15.222222222222221,12691.0,10824.0,150.0,0.0,0.0,150.0,58.33,65.0,Adecuado,Crítico,Crítico,Adecuado,Crítico,Crítico,73.58,Ámbar,6.89,Ámbar,70.51,2026-02
65249262,Gabriela Morales Huamán,Atención Operativa,Miraflores,2021-06-08,Cesado,2026,02,2026-02,50.0,145.18,78.86941176470589,5.972777777777778,77.98,82.05263157894737,87.4,15.631578947368421,13392.0,11719.0,100.0,0.0,2.72,150.0,60.26,74.0,Adecuado,Crítico,Crítico,Adecuado,Crítico,Por mejorar,70.51,Ámbar,6.96,Rojo,32.12,2026-03
65249262,Gabriela Morales Huamán,Atención Operativa,Miraflores,2021-06-08,Cesado,2026,03,2026-03,50.0,167.12,80.69863636363637,6.077619047619048,62.02,81.76470588235294,84.11764705882354,14.176470588235293,14994.0,12630.0,100.0,0.0,0.0,13.2,58.82,41.18,Adecuado,Crítico,Crítico,Crítico,Crítico,Crítico,32.12,Rojo,6.98,Rojo,26.07,2026-04
65607346,Miguel Reyes Reyes,Central de Emergencias,Los Olivos,2022-05-27,Activo,2024,01,2024-01,50.0,195.30535714285713,94.30857142857143,5.879642857142857,76.94,76.64285714285714,88.25,13.678571428571429,25245.0,22295.0,100.0,86.17,12.04,150.0,33.21,82.5,Adecuado,Por mejorar,Crítico,Adecuado,Crítico,Por mejorar,75.08,Ámbar,6.84,Rojo,64.59,2024-02
65607346,Miguel Reyes Reyes,Central de Emergencias,Los Olivos,2022-05-27,Activo,2024,02,2024-02,45.0,182.79142857142858,95.32714285714286,5.863571428571428,72.34,82.89285714285714,86.32142857142857,15.0,24628.0,21256.0,0.0,103.27,13.64,116.4,64.46,63.21,Crítico,Adecuado,Crítico,Adecuado,Crítico,Crítico,64.59,Rojo,6.93,Ámbar,77.27,2024-03
65607346,Miguel Reyes Reyes,Central de Emergencias,Los Olivos,2022-05-27,Activo,2024,03,2024-03,45.0,195.92357142857142,94.60785714285714,5.812142857142857,77.88,86.46428571428571,86.21428571428571,15.928571428571429,28125.0,24217.0,0.0,92.16,18.79,150.0,82.32,62.14,Crítico,Por mejorar,Crítico,Adecuado,Por mejorar,Crítico,77.27,Ámbar,6.95,Ámbar,80.98,2024-04
65607346,Miguel Reyes Reyes,Central de Emergencias,Los Olivos,2022-05-27,Activo,2024,04,2024-04,50.0,188.765,94.65642857142858,5.882857142857143,75.59,82.25,86.78571428571429,15.107142857142858,25644.0,22342.0,100.0,93.13,11.71,148.9,61.25,67.86,Adecuado,Por mejorar,Crítico,Adecuado,Crítico,Crítico,80.98,Ámbar,6.87,Rojo,39.46,2024-05
65607346,Miguel Reyes Reyes,Central de Emergencias,Los Olivos,2022-05-27,Activo,2024,05,2024-05,50.0,196.69107142857143,94.97857142857143,6.069285714285714,61.94,76.46428571428571,88.32142857142857,14.214285714285714,26306.0,23193.0,100.0,99.57,0.0,12.4,32.32,83.21,Adecuado,Por mejorar,Crítico,Crítico,Crítico,Por mejorar,39.46,Rojo,6.96,Rojo,69.45,2024-06
65607346,Miguel Reyes Reyes,Central de Emergencias,Los Olivos,2022-05-27,Activo,2024,06,2024-06,45.0,188.6017857142857,94.57464285714286,5.865,76.95,80.82142857142857,86.57142857142857,15.035714285714286,26245.0,22501.0,0.0,91.49,13.5,150.0,54.11,65.71,Crítico,Por mejorar,Crítico,Adecuado,Crítico,Crítico,69.45,Rojo,6.82,Rojo,65.5,2024-07
65607346,Miguel Reyes Reyes,Central de Emergencias,Los Olivos,2022-05-27,Activo,2024,07,2024-07,45.0,196.36964285714285,94.82392857142857,5.913214285714286,78.94,77.46428571428571,87.28571428571429,14.464285714285714,26383.0,23034.0,0.0,96.48,8.68,150.0,37.32,72.86,Crítico,Por mejorar,Crítico,Adecuado,Crítico,Por mejorar,65.5,Rojo,7.0,Ámbar,76.15,2024-08
65607346,Miguel Reyes Reyes,Central de Emergencias,Los Olivos,2022-05-27,Activo,2024,08,2024-08,50.0,196.60142857142858,94.93571428571428,6.023214285714285,77.52,78.82142857142857,87.75,14.071428571428571,27518.0,24298.0,100.0,98.71,0.0,150.0,44.11,77.5,Adecuado,Por mejorar,Crítico,Adecuado,Crítico,Por mejorar,76.15,Ámbar,6.86,Rojo,50.95,2024-09
65607346,Miguel Reyes Reyes,Central de Emergencias,Los Olivos,2022-05-27,Activo,2024,09,2024-09,50.0,190.1692857142857,95.36071428571428,5.831785714285714,61.46,83.42857142857143,88.53571428571429,15.214285714285714,26101.0,22992.0,100.0,103.61,16.82,7.6,67.14,85.36,Adecuado,Adecuado,Crítico,Crítico,Crítico,Por mejorar,50.95,Rojo,6.94,Ámbar,75.47,2024-10
65607346,Miguel Reyes Reyes,Central de Emergencias,Los Olivos,2022-05-27,Activo,2024,10,2024-10,50.0,198.93785714285715,96.06357142857142,5.943928571428572,77.82,77.42857142857143,86.5,14.357142857142858,25035.0,21633.0,100.0,110.64,5.61,150.0,37.14,65.0,Adecuado,Adecuado,Crítico,Adecuado,Crítico,Crítico,75.47,Ámbar,6.93,Rojo,58.54,2024-11
65607346,Miguel Reyes Reyes,Central de Emergencias,Los Olivos,2022-05-27,Activo,2024,11,2024-11,45.0,188.50535714285715,94.52678571428571,6.1425,72.67,79.25,88.0,14.571428571428571,26331.0,23074.0,0.0,90.54,0.0,119.7,46.25,80.0,Crítico,Por mejorar,Crítico,Adecuado,Crítico,Por mejorar,58.54,Rojo,6.99,Rojo,61.22,2024-12
65607346,Miguel Reyes Reyes,Central de Emergencias,Los Olivos,2022-05-27,Activo,2024,12,2024-12,55.0,196.38321428571427,94.83,5.948928571428572,68.91,76.32142857142857,87.10714285714286,13.857142857142858,24542.0,21284.0,150.0,96.6,5.11,82.1,31.61,71.07,Adecuado,Por mejorar,Crítico,Por mejorar,Crítico,Por mejorar,61.22,Rojo,6.92,Rojo,56.93,2025-01
65607346,Miguel Reyes Reyes,Central de Emergencias,Los Olivos,2022-05-27,Activo,2025,01,2025-01,50.0,195.90928571428572,94.59964285714285,6.016071428571428,67.3,80.21428571428571,88.46428571428571,14.928571428571429,24830.0,21965.0,100.0,91.99,0.0,66.0,51.07,84.64,Adecuado,Por mejorar,Crítico,Crítico,Crítico,Por mejorar,56.93,Rojo,7.0,Ámbar,77.13,2025-02
65607346,Miguel Reyes Reyes,Central de Emergencias,Los Olivos,2022-05-27,Activo,2025,02,2025-02,50.0,174.55464285714285,94.825,6.1692857142857145,75.07,80.78571428571429,88.07142857142857,14.5,27028.0,23893.0,100.0,96.5,0.0,143.7,53.93,80.71,Adecuado,Por mejorar,Crítico,Adecuado,Crítico,Por mejorar,77.13,Ámbar,6.88,Rojo,63.59,2025-03
65607346,Miguel Reyes Reyes,Central de Emergencias,Los Olivos,2022-05-27,Activo,2025,03,2025-03,55.0,196.09357142857144,94.69071428571428,5.956071428571429,67.12,80.71428571428571,88.89285714285714,14.285714285714286,26027.0,23210.0,150.0,93.81,4.39,64.2,53.57,88.93,Adecuado,Por mejorar,Crítico,Crítico,Crítico,Por mejorar,63.59,Rojo,6.91,Rojo,56.97,2025-04
65607346,Miguel Reyes Reyes,Central de Emergencias,Los Olivos,2022-05-27,Activo,2025,04,2025-04,45.0,189.42,94.98535714285714,5.7925,68.69,83.35714285714286,86.17857142857143,15.571428571428571,27379.0,23424.0,0.0,99.71,20.75,79.9,66.79,61.79,Crítico,Por mejorar,Crítico,Por mejorar,Crítico,Crítico,56.97,Rojo,6.91,Rojo,58.3,2025-05
65607346,Miguel Reyes Reyes,Central de Emergencias,Los Olivos,2022-05-27,Activo,2025,05,2025-05,45.0,196.4625,94.86857142857143,5.849642857142857,69.69,80.03571428571429,91.07142857142857,14.571428571428571,25593.0,23431.0,0.0,97.37,15.04,89.9,50.18,105.36,Crítico,Por mejorar,Crítico,Por mejorar,Crítico,Adecuado,58.3,Rojo,6.74,Rojo,41.29,2025-06
65607346,Miguel Reyes Reyes,Central de Emergencias,Los Olivos,2022-05-27,Activo,2025,06,2025-06,50.0,189.54,95.04571428571428,6.012142857142857,60.76,80.78571428571429,87.60714285714286,14.571428571428571,26632.0,23199.0,100.0,100.46,0.0,0.6,53.93,76.07,Adecuado,Adecuado,Crítico,Crítico,Crítico,Por mejorar,41.29,Rojo,6.79,Ámbar,70.63,2025-07
65607346,Miguel Reyes Reyes,Central de Emergencias,Los Olivos,2022-05-27,Activo,2025,07,2025-07,45.0,195.55392857142857,94.42892857142857,5.926785714285714,76.96,82.5,87.17857142857143,15.107142857142858,26353.0,23101.0,0.0,88.58,7.32,150.0,62.5,71.79,Crítico,Por mejorar,Crítico,Adecuado,Crítico,Por mejorar,70.63,Ámbar,6.99,Rojo,47.22,2025-08
65607346,Miguel Reyes Reyes,Central de Emergencias,Los Olivos,2022-05-27,Activo,2025,08,2025-08,50.0,199.18785714285715,96.18428571428572,6.089642857142857,61.87,80.39285714285714,90.25,14.178571428571429,26344.0,23631.0,100.0,111.84,0.0,11.7,51.96,101.25,Adecuado,Adecuado,Crítico,Crítico,Crítico,Adecuado,47.22,Rojo,7.0,Rojo,57.32,2025-09
65607346,Miguel Reyes Reyes,Central de Emergencias,Los Olivos,2022-05-27,Activo,2025,09,2025-09,55.0,190.74535714285713,95.64964285714285,6.085357142857143,68.55,74.89285714285714,85.92857142857143,13.785714285714286,26556.0,22724.0,150.0,106.5,0.0,78.5,24.46,59.29,Adecuado,Adecuado,Crítico,Por mejorar,Crítico,Crítico,57.32,Rojo,6.96,Rojo,53.46,2025-10
65607346,Miguel Reyes Reyes,Central de Emergencias,Los Olivos,2022-05-27,Activo,2025,10,2025-10,45.0,197.7342857142857,95.4825,6.0582142857142856,67.83,81.96428571428571,90.39285714285714,15.0,26763.0,24142.0,0.0,104.83,0.0,71.3,59.82,101.96,Crítico,Adecuado,Crítico,Por mejorar,Crítico,Adecuado,53.46,Rojo,6.94,Ámbar,78.98,2025-11
65607346,Miguel Reyes Reyes,Central de Emergencias,Los Olivos,2022-05-27,Activo,2025,11,2025-11,55.0,190.93678571428572,95.745,5.985714285714286,73.9,78.92857142857143,88.78571428571429,15.107142857142858,27854.0,24691.0,150.0,107.45,1.43,132.0,44.64,87.86,Adecuado,Adecuado,Crítico,Adecuado,Crítico,Por mejorar,78.98,Ámbar,6.83,Ámbar,77.75,2025-12
65607346,Miguel Reyes Reyes,Central de Emergencias,Los Olivos,2022-05-27,Activo,2025,12,2025-12,50.0,198.5442857142857,95.87142857142857,5.963571428571429,77.5,79.32142857142857,87.0,14.392857142857142,24477.0,21146.0,100.0,108.71,3.64,150.0,46.61,70.0,Adecuado,Adecuado,Crítico,Adecuado,Crítico,Por mejorar,77.75,Ámbar,6.97,Ámbar,72.94,2026-01
65607346,Miguel Reyes Reyes,Central de Emergencias,Los Olivos,2022-05-27,Activo,2026,01,2026-01,45.0,198.12964285714287,95.67357142857144,5.832142857142857,76.7,81.21428571428571,87.39285714285714,14.607142857142858,24763.0,21588.0,0.0,106.74,16.79,150.0,56.07,73.93,Crítico,Adecuado,Crítico,Adecuado,Crítico,Por mejorar,72.94,Ámbar,6.82,Ámbar,83.7,2026-02
65607346,Miguel Reyes Reyes,Central de Emergencias,Los Olivos,2022-05-27,Activo,2026,02,2026-02,50.0,174.34857142857143,94.71321428571429,5.810714285714286,77.98,81.82142857142857,88.21428571428571,15.035714285714286,28704.0,25336.0,100.0,94.26,18.93,150.0,59.11,82.14,Adecuado,Por mejorar,Crítico,Adecuado,Crítico,Por mejorar,83.7,Ámbar,6.98,Rojo,34.17,2026-03
65607346,Miguel Reyes Reyes,Central de Emergencias,Los Olivos,2022-05-27,Activo,2026,03,2026-03,45.0,197.61357142857142,95.42321428571428,6.067142857142857,62.02,80.5,87.32142857142857,14.821428571428571,24030.0,20993.0,0.0,104.23,0.0,13.2,52.5,73.21,Crítico,Adecuado,Crítico,Crítico,Crítico,Por mejorar,34.17,Rojo,6.98,Rojo,56.37,2026-04
66171746,Miguel Medina Quispe,Monitoreo de Incidencias,Miraflores,2022-02-22,Activo,2024,01,2024-01,45.0,196.57035714285715,94.92071428571428,5.8567857142857145,76.94,77.92857142857143,85.57142857142857,14.107142857142858,25784.0,22159.0,0.0,98.41,14.32,150.0,39.64,55.71,Crítico,Por mejorar,Crítico,Adecuado,Crítico,Crítico,65.69,Rojo,6.98,Rojo,69.03,2024-02
66171746,Miguel Medina Quispe,Monitoreo de Incidencias,Miraflores,2022-02-22,Activo,2024,02,2024-02,50.0,183.18428571428572,95.53321428571428,6.070714285714286,72.34,79.85714285714286,87.07142857142857,14.428571428571429,28072.0,24536.0,100.0,105.33,0.0,116.4,49.29,70.71,Adecuado,Adecuado,Crítico,Adecuado,Crítico,Por mejorar,69.03,Rojo,6.99,Rojo,65.0,2024-03
66171746,Miguel Medina Quispe,Monitoreo de Incidencias,Miraflores,2022-02-22,Activo,2024,03,2024-03,45.0,195.56535714285715,94.435,5.8125,77.88,77.07142857142857,86.03571428571429,14.357142857142858,24438.0,20966.0,0.0,88.7,18.75,150.0,35.36,60.36,Crítico,Por mejorar,Crítico,Adecuado,Crítico,Crítico,65.0,Rojo,6.98,Rojo,66.63,2024-04
66171746,Miguel Medina Quispe,Monitoreo de Incidencias,Miraflores,2022-02-22,Activo,2024,04,2024-04,45.0,190.21178571428572,95.38285714285715,6.102142857142857,75.59,78.35714285714286,88.57142857142857,14.107142857142858,24739.0,22111.0,0.0,103.83,0.0,148.9,41.79,85.71,Crítico,Adecuado,Crítico,Adecuado,Crítico,Por mejorar,66.63,Rojo,6.96,Rojo,35.11,2024-05
66171746,Miguel Medina Quispe,Monitoreo de Incidencias,Miraflores,2022-02-22,Activo,2024,05,2024-05,45.0,197.26607142857142,95.2575,5.838214285714286,61.94,78.64285714285714,87.71428571428571,14.321428571428571,26885.0,23394.0,0.0,102.58,16.18,12.4,43.21,77.14,Crítico,Adecuado,Crítico,Crítico,Crítico,Por mejorar,35.11,Rojo,6.94,Ámbar,78.11,2024-06
66171746,Miguel Medina Quispe,Monitoreo de Incidencias,Miraflores,2022-02-22,Activo,2024,06,2024-06,55.0,187.4867857142857,94.01678571428572,6.049285714285714,76.95,79.28571428571429,85.96428571428571,14.75,27639.0,23924.0,150.0,80.34,0.0,150.0,46.43,59.64,Adecuado,Por mejorar,Crítico,Adecuado,Crítico,Crítico,78.11,Ámbar,6.97,Ámbar,78.58,2024-07
66171746,Miguel Medina Quispe,Monitoreo de Incidencias,Miraflores,2022-02-22,Activo,2024,07,2024-07,50.0,196.53285714285715,94.90321428571428,6.041785714285714,78.94,80.07142857142857,88.67857142857143,14.464285714285714,26085.0,23030.0,100.0,98.06,0.0,150.0,50.36,86.79,Adecuado,Por mejorar,Crítico,Adecuado,Crítico,Por mejorar,78.58,Ámbar,6.97,Ámbar,72.79,2024-08
66171746,Miguel Medina Quispe,Monitoreo de Incidencias,Miraflores,2022-02-22,Activo,2024,08,2024-08,50.0,198.20285714285714,95.70785714285714,6.21,77.52,76.89285714285714,85.96428571428571,13.892857142857142,27254.0,23456.0,100.0,107.08,0.0,150.0,34.46,59.64,Adecuado,Adecuado,Crítico,Adecuado,Crítico,Crítico,72.79,Ámbar,7.0,Rojo,40.66,2024-09
66171746,Miguel Medina Quispe,Monitoreo de Incidencias,Miraflores,2022-02-22,Activo,2024,09,2024-09,50.0,190.49535714285713,95.52464285714285,6.1589285714285715,61.46,79.92857142857143,85.82142857142857,14.142857142857142,26244.0,22368.0,100.0,105.25,0.0,7.6,49.64,58.21,Adecuado,Adecuado,Crítico,Crítico,Crítico,Crítico,40.66,Rojo,6.99,Ámbar,76.76,2024-10
66171746,Miguel Medina Quispe,Monitoreo de Incidencias,Miraflores,2022-02-22,Activo,2024,10,2024-10,50.0,196.06571428571428,94.67642857142857,5.989285714285714,77.82,79.35714285714286,88.0,14.428571428571429,26705.0,23466.0,100.0,93.53,1.07,150.0,46.79,80.0,Adecuado,Por mejorar,Crítico,Adecuado,Crítico,Por mejorar,76.76,Ámbar,6.96,Ámbar,74.25,2024-11
66171746,Miguel Medina Quispe,Monitoreo de Incidencias,Miraflores,2022-02-22,Activo,2024,11,2024-11,45.0,190.07392857142858,95.31321428571428,5.906428571428571,72.67,90.14285714285714,86.78571428571429,16.571428571428573,26163.0,22625.0,0.0,103.13,9.36,119.7,101.43,67.86,Crítico,Adecuado,Crítico,Adecuado,Adecuado,Crítico,74.25,Ámbar,6.93,Rojo,63.88,2024-12
66171746,Miguel Medina Quispe,Monitoreo de Incidencias,Miraflores,2022-02-22,Activo,2024,12,2024-12,50.0,197.36392857142857,95.3025,5.719285714285714,68.91,77.32142857142857,88.28571428571429,13.464285714285714,27235.0,23916.0,100.0,103.03,28.07,82.1,36.61,82.86,Adecuado,Adecuado,Crítico,Por mejorar,Crítico,Por mejorar,63.88,Rojo,6.94,Rojo,61.02,2025-01
66171746,Miguel Medina Quispe,Monitoreo de Incidencias,Miraflores,2022-02-22,Activo,2025,01,2025-01,50.0,197.21392857142857,95.23035714285714,5.812857142857143,67.3,81.64285714285714,86.0,14.535714285714286,27899.0,23888.0,100.0,102.3,18.71,66.0,58.21,60.0,Adecuado,Adecuado,Crítico,Crítico,Crítico,Crítico,61.02,Rojo,7.0,Ámbar,70.11,2025-02
66171746,Miguel Medina Quispe,Monitoreo de Incidencias,Miraflores,2022-02-22,Activo,2025,02,2025-02,45.0,175.2957142857143,95.22857142857143,6.025357142857143,75.07,82.96428571428571,87.75,15.464285714285714,25664.0,22470.0,0.0,102.29,0.0,143.7,64.82,77.5,Crítico,Adecuado,Crítico,Adecuado,Crítico,Por mejorar,70.11,Ámbar,7.0,Rojo,52.8,2025-03
66171746,Miguel Medina Quispe,Monitoreo de Incidencias,Miraflores,2022-02-22,Activo,2025,03,2025-03,50.0,195.77964285714285,94.53857142857143,6.051071428571428,67.12,78.25,87.35714285714286,14.142857142857142,24201.0,21113.0,100.0,90.77,0.0,64.2,41.25,73.57,Adecuado,Por mejorar,Crítico,Crítico,Crítico,Por mejorar,52.8,Rojo,6.89,Rojo,63.96,2025-04
66171746,Miguel Medina Quispe,Monitoreo de Incidencias,Miraflores,2022-02-22,Activo,2025,04,2025-04,45.0,191.05357142857142,95.80464285714285,5.761071428571428,68.69,87.03571428571429,87.10714285714286,16.142857142857142,27118.0,23568.0,0.0,108.05,23.89,79.9,85.18,71.07,Crítico,Adecuado,Crítico,Por mejorar,Por mejorar,Por mejorar,63.96,Rojo,6.76,Rojo,55.44,2025-05
66171746,Miguel Medina Quispe,Monitoreo de Incidencias,Miraflores,2022-02-22,Activo,2025,05,2025-05,45.0,197.5425,95.38964285714286,5.985,69.69,79.03571428571429,91.96428571428571,13.607142857142858,26187.0,24201.0,0.0,103.9,1.5,89.9,45.18,109.82,Crítico,Adecuado,Crítico,Por mejorar,Crítico,Adecuado,55.44,Rojo,6.99,Rojo,30.58,2025-06
66171746,Miguel Medina Quispe,Monitoreo de Incidencias,Miraflores,2022-02-22,Activo,2025,06,2025-06,45.0,189.69214285714287,95.12214285714286,6.0625,60.76,77.78571428571429,91.14285714285714,14.178571428571429,26188.0,23878.0,0.0,101.22,0.0,0.6,38.93,105.71,Crítico,Adecuado,Crítico,Crítico,Crítico,Adecuado,30.58,Rojo,6.98,Ámbar,80.14,2025-07
66171746,Miguel Medina Quispe,Monitoreo de Incidencias,Miraflores,2022-02-22,Activo,2025,07,2025-07,50.0,197.4675,95.35321428571429,5.9557142857142855,76.96,79.03571428571429,90.21428571428571,14.107142857142858,24636.0,22279.0,100.0,103.53,4.43,150.0,45.18,101.07,Adecuado,Adecuado,Crítico,Adecuado,Crítico,Adecuado,80.14,Ámbar,6.99,Rojo,38.18,2025-08
66171746,Miguel Medina Quispe,Monitoreo de Incidencias,Miraflores,2022-02-22,Activo,2025,08,2025-08,50.0,197.96035714285713,95.59142857142857,5.985357142857143,61.87,79.07142857142857,83.03571428571429,14.107142857142858,25111.0,20844.0,100.0,105.91,1.46,11.7,45.36,30.36,Adecuado,Adecuado,Crítico,Crítico,Crítico,Crítico,38.18,Rojo,6.84,Rojo,63.47,2025-09
66171746,Miguel Medina Quispe,Monitoreo de Incidencias,Miraflores,2022-02-22,Activo,2025,09,2025-09,50.0,187.19392857142856,93.86892857142857,5.976785714285715,68.55,83.85714285714286,88.32142857142857,15.535714285714286,25875.0,22819.0,100.0,77.38,2.32,78.5,69.29,83.21,Adecuado,Por mejorar,Crítico,Por mejorar,Crítico,Por mejorar,63.47,Rojo,6.98,Rojo,58.21,2025-10
66171746,Miguel Medina Quispe,Monitoreo de Incidencias,Miraflores,2022-02-22,Activo,2025,10,2025-10,50.0,196.425,94.85142857142857,6.008571428571429,67.83,78.71428571428571,89.78571428571429,14.785714285714286,26573.0,23908.0,100.0,97.03,0.0,71.3,43.57,97.86,Adecuado,Por mejorar,Crítico,Por mejorar,Crítico,Por mejorar,58.21,Rojo,6.73,Ámbar,78.91,2025-11
66171746,Miguel Medina Quispe,Monitoreo de Incidencias,Miraflores,2022-02-22,Activo,2025,11,2025-11,50.0,188.38392857142858,94.46571428571428,5.828571428571428,73.9,82.21428571428571,88.28571428571429,15.178571428571429,26574.0,23444.0,100.0,89.31,17.14,132.0,61.07,82.86,Adecuado,Por mejorar,Crítico,Adecuado,Crítico,Por mejorar,78.91,Ámbar,6.95,Ámbar,81.0,2025-12
66171746,Miguel Medina Quispe,Monitoreo de Incidencias,Miraflores,2022-02-22,Activo,2025,12,2025-12,55.0,194.1692857142857,93.75964285714285,6.114285714285714,77.5,80.5,87.85714285714286,15.357142857142858,24995.0,21929.0,150.0,75.19,0.0,150.0,52.5,78.57,Adecuado,Por mejorar,Crítico,Adecuado,Crítico,Por mejorar,81.0,Ámbar,6.96,Ámbar,82.98,2026-01
66171746,Miguel Medina Quispe,Monitoreo de Incidencias,Miraflores,2022-02-22,Activo,2026,01,2026-01,50.0,197.57035714285715,95.40285714285714,5.9575,76.7,81.25,90.32142857142857,15.392857142857142,27976.0,25206.0,100.0,104.03,4.25,150.0,56.25,101.61,Adecuado,Adecuado,Crítico,Adecuado,Crítico,Adecuado,82.98,Ámbar,6.94,Ámbar,74.8,2026-02
66171746,Miguel Medina Quispe,Monitoreo de Incidencias,Miraflores,2022-02-22,Activo,2026,02,2026-02,50.0,175.44107142857143,95.30642857142857,6.083928571428571,77.98,78.96428571428571,85.78571428571429,14.607142857142858,27280.0,23331.0,100.0,103.06,0.0,150.0,44.82,57.86,Adecuado,Adecuado,Crítico,Adecuado,Crítico,Crítico,74.8,Ámbar,6.93,Rojo,38.67,2026-03
66171746,Miguel Medina Quispe,Monitoreo de Incidencias,Miraflores,2022-02-22,Activo,2026,03,2026-03,50.0,196.86392857142857,95.06321428571428,5.8707142857142856,62.02,72.89285714285714,89.10714285714286,13.464285714285714,28286.0,25061.0,100.0,100.63,12.93,13.2,14.46,91.07,Adecuado,Adecuado,Crítico,Crítico,Crítico,Por mejorar,38.67,Rojo,6.88,Rojo,52.88,2026-04
66491586,Carlos Medina Mamani,Atención Operativa,Lima Centro,2023-07-27,Activo,2024,01,2024-01,45.0,195.75357142857143,94.52607142857143,6.149285714285714,76.94,77.71428571428571,89.75,14.0,26055.0,23327.0,0.0,90.52,0.0,150.0,38.57,97.5,Crítico,Por mejorar,Crítico,Adecuado,Crítico,Por mejorar,65.94,Rojo,6.88,Rojo,59.79,2024-02
66491586,Carlos Medina Mamani,Atención Operativa,Lima Centro,2023-07-27,Activo,2024,02,2024-02,45.0,183.43857142857144,95.665,6.073571428571428,72.34,80.96428571428571,86.32142857142857,14.607142857142858,24816.0,21255.0,0.0,106.65,0.0,116.4,54.82,63.21,Crítico,Adecuado,Crítico,Adecuado,Crítico,Crítico,59.79,Rojo,6.95,Ámbar,73.75,2024-03
66491586,Carlos Medina Mamani,Atención Operativa,Lima Centro,2023-07-27,Activo,2024,03,2024-03,50.0,195.52357142857142,94.415,5.890357142857143,77.88,76.32142857142857,87.32142857142857,13.571428571428571,25868.0,22482.0,100.0,88.3,10.96,150.0,31.61,73.21,Adecuado,Por mejorar,Crítico,Adecuado,Crítico,Por mejorar,73.75,Ámbar,7.0,Ámbar,77.31,2024-04
66491586,Carlos Medina Mamani,Atención Operativa,Lima Centro,2023-07-27,Activo,2024,04,2024-04,50.0,190.0825,95.31857142857143,6.058928571428571,75.59,79.92857142857143,87.35714285714286,14.428571428571429,27695.0,24095.0,100.0,103.19,0.0,148.9,49.64,73.57,Adecuado,Adecuado,Crítico,Adecuado,Crítico,Por mejorar,77.31,Ámbar,6.98,Rojo,48.85,2024-05
66491586,Carlos Medina Mamani,Atención Operativa,Lima Centro,2023-07-27,Activo,2024,05,2024-05,50.0,195.99678571428572,94.64178571428572,5.881785714285714,61.94,83.42857142857143,87.32142857142857,14.964285714285714,26013.0,22772.0,100.0,92.84,11.82,12.4,67.14,73.21,Adecuado,Por mejorar,Crítico,Crítico,Crítico,Por mejorar,48.85,Rojo,6.94,Ámbar,92.15,2024-06
66491586,Carlos Medina Mamani,Atención Operativa,Lima Centro,2023-07-27,Activo,2024,06,2024-06,55.0,189.09571428571428,94.82285714285715,5.9660714285714285,76.95,85.71428571428571,89.67857142857143,15.75,28556.0,25562.0,150.0,96.46,3.39,150.0,78.57,96.79,Adecuado,Por mejorar,Crítico,Adecuado,Por mejorar,Por mejorar,92.15,Ámbar,6.96,Rojo,67.76,2024-07
66491586,Carlos Medina Mamani,Atención Operativa,Lima Centro,2023-07-27,Activo,2024,07,2024-07,45.0,196.99464285714285,95.12428571428572,6.033571428571428,78.94,80.10714285714286,87.5,14.607142857142858,25314.0,22153.0,0.0,101.24,0.0,150.0,50.54,75.0,Crítico,Adecuado,Crítico,Adecuado,Crítico,Por mejorar,67.76,Rojo,6.93,Ámbar,77.51,2024-08
66491586,Carlos Medina Mamani,Atención Operativa,Lima Centro,2023-07-27,Activo,2024,08,2024-08,50.0,196.84357142857144,95.05142857142857,6.007142857142857,77.52,81.14285714285714,86.03571428571429,15.071428571428571,24925.0,21561.0,100.0,100.51,0.0,150.0,55.71,60.36,Adecuado,Adecuado,Crítico,Adecuado,Crítico,Crítico,77.51,Ámbar,6.95,Rojo,25.13,2024-09
66491586,Carlos Medina Mamani,Atención Operativa,Lima Centro,2023-07-27,Activo,2024,09,2024-09,45.0,189.5142857142857,95.03392857142858,6.080357142857143,61.46,74.21428571428571,87.92857142857143,13.571428571428571,27872.0,24569.0,0.0,100.34,0.0,7.6,21.07,79.29,Crítico,Adecuado,Crítico,Crítico,Crítico,Por mejorar,25.13,Rojo,7.0,Ámbar,80.03,2024-10
66491586,Carlos Medina Mamani,Atención Operativa,Lima Centro,2023-07-27,Activo,2024,10,2024-10,50.0,195.25071428571428,94.28285714285714,5.783571428571428,77.82,79.10714285714286,88.25,14.571428571428571,27487.0,24162.0,100.0,85.66,21.64,150.0,45.54,82.5,Adecuado,Por mejorar,Crítico,Adecuado,Crítico,Por mejorar,80.03,Ámbar,6.77,Ámbar,72.9,2024-11
66491586,Carlos Medina Mamani,Atención Operativa,Lima Centro,2023-07-27,Activo,2024,11,2024-11,50.0,190.24857142857144,95.40071428571429,5.9775,72.67,79.42857142857143,90.67857142857143,14.178571428571429,26048.0,23620.0,100.0,104.01,2.25,119.7,47.14,103.39,Adecuado,Adecuado,Crítico,Adecuado,Crítico,Adecuado,72.9,Ámbar,6.98,Rojo,47.33,2024-12
66491586,Carlos Medina Mamani,Atención Operativa,Lima Centro,2023-07-27,Activo,2024,12,2024-12,45.0,196.00464285714287,94.64714285714285,6.053571428571429,68.91,79.32142857142857,85.85714285714286,14.392857142857142,26794.0,23036.0,0.0,92.94,0.0,82.1,46.61,58.57,Crítico,Por mejorar,Crítico,Por mejorar,Crítico,Crítico,47.33,Rojo,6.95,Rojo,62.74,2025-01
66491586,Carlos Medina Mamani,Atención Operativa,Lima Centro,2023-07-27,Activo,2025,01,2025-01,55.0,196.8892857142857,95.07464285714286,6.0025,67.3,80.25,88.35714285714286,14.678571428571429,26508.0,23357.0,150.0,100.75,0.0,66.0,51.25,83.57,Adecuado,Adecuado,Crítico,Crítico,Crítico,Por mejorar,62.74,Rojo,6.94,Ámbar,76.13,2025-02
66491586,Carlos Medina Mamani,Atención Operativa,Lima Centro,2023-07-27,Activo,2025,02,2025-02,55.0,174.76142857142858,94.93785714285714,6.021428571428571,75.07,76.75,86.89285714285714,13.75,26242.0,22812.0,150.0,98.76,0.0,143.7,33.75,68.93,Adecuado,Por mejorar,Crítico,Adecuado,Crítico,Crítico,76.13,Ámbar,6.84,Rojo,45.64,2025-03
66491586,Carlos Medina Mamani,Atención Operativa,Lima Centro,2023-07-27,Activo,2025,03,2025-03,45.0,195.79857142857142,94.54642857142858,6.175357142857143,67.12,80.28571428571429,87.64285714285714,14.642857142857142,25438.0,22309.0,0.0,90.93,0.0,64.2,51.43,76.43,Crítico,Por mejorar,Crítico,Crítico,Crítico,Por mejorar,45.64,Rojo,7.0,Rojo,51.87,2025-04
66491586,Carlos Medina Mamani,Atención Operativa,Lima Centro,2023-07-27,Activo,2025,04,2025-04,45.0,190.3225,95.43785714285714,5.935714285714286,68.69,81.25,86.10714285714286,14.857142857142858,26046.0,22505.0,0.0,104.38,6.43,79.9,56.25,61.07,Crítico,Adecuado,Crítico,Por mejorar,Crítico,Crítico,51.87,Rojo,6.98,Rojo,59.27,2025-05
66491586,Carlos Medina Mamani,Atención Operativa,Lima Centro,2023-07-27,Activo,2025,05,2025-05,50.0,196.34285714285716,94.81071428571428,5.998214285714286,69.69,79.14285714285714,85.71428571428571,14.428571428571429,27217.0,23492.0,100.0,96.21,0.18,89.9,45.71,57.14,Adecuado,Por mejorar,Crítico,Por mejorar,Crítico,Crítico,59.27,Rojo,6.85,Rojo,39.08,2025-06
66491586,Carlos Medina Mamani,Atención Operativa,Lima Centro,2023-07-27,Activo,2025,06,2025-06,50.0,188.92678571428573,94.73821428571429,5.9992857142857146,60.76,79.03571428571429,88.14285714285714,14.285714285714286,26313.0,23292.0,100.0,94.76,0.07,0.6,45.18,81.43,Adecuado,Por mejorar,Crítico,Crítico,Crítico,Por mejorar,39.08,Rojo,6.96,Ámbar,87.56,2025-07
66491586,Carlos Medina Mamani,Atención Operativa,Lima Centro,2023-07-27,Activo,2025,07,2025-07,55.0,196.90607142857144,95.0825,5.868571428571428,76.96,79.60714285714286,90.67857142857143,14.0,26688.0,24253.0,150.0,100.83,13.14,150.0,48.04,103.39,Adecuado,Adecuado,Crítico,Adecuado,Crítico,Adecuado,87.56,Ámbar,6.99,Rojo,44.92,2025-08
66491586,Carlos Medina Mamani,Atención Operativa,Lima Centro,2023-07-27,Activo,2025,08,2025-08,50.0,197.86142857142858,95.54392857142857,5.8846428571428575,61.87,80.0,86.64285714285714,14.321428571428571,27473.0,23803.0,100.0,105.44,11.54,11.7,50.0,66.43,Adecuado,Adecuado,Crítico,Crítico,Crítico,Crítico,44.92,Rojo,6.99,Rojo,54.26,2025-09
66491586,Carlos Medina Mamani,Atención Operativa,Lima Centro,2023-07-27,Activo,2025,09,2025-09,50.0,187.2425,93.89357142857143,5.989285714285714,68.55,77.96428571428571,86.67857142857143,14.214285714285714,28256.0,24523.0,100.0,77.87,1.07,78.5,39.82,66.79,Adecuado,Por mejorar,Crítico,Por mejorar,Crítico,Crítico,54.26,Rojo,6.99,Rojo,57.37,2025-10
66491586,Carlos Medina Mamani,Atención Operativa,Lima Centro,2023-07-27,Activo,2025,10,2025-10,50.0,197.44214285714287,95.34142857142857,5.894285714285714,67.83,78.78571428571429,86.10714285714286,14.464285714285714,26799.0,23028.0,100.0,103.41,10.57,71.3,43.93,61.07,Adecuado,Adecuado,Crítico,Por mejorar,Crítico,Crítico,57.37,Rojo,6.93,Ámbar,75.2,2025-11
66491586,Carlos Medina Mamani,Atención Operativa,Lima Centro,2023-07-27,Activo,2025,11,2025-11,50.0,189.33285714285714,94.94214285714285,6.098214285714286,73.9,81.10714285714286,88.42857142857143,15.178571428571429,24926.0,22054.0,100.0,98.84,0.0,132.0,55.54,84.29,Adecuado,Por mejorar,Crítico,Adecuado,Crítico,Por mejorar,75.2,Ámbar,7.0,Ámbar,83.19,2025-12
66491586,Carlos Medina Mamani,Atención Operativa,Lima Centro,2023-07-27,Activo,2025,12,2025-12,55.0,197.44071428571428,95.33964285714286,6.0096428571428575,77.5,79.25,88.78571428571429,13.964285714285714,25263.0,22461.0,150.0,103.4,0.0,150.0,46.25,87.86,Adecuado,Adecuado,Crítico,Adecuado,Crítico,Por mejorar,83.19,Ámbar,6.99,Ámbar,72.84,2026-01
66491586,Carlos Medina Mamani,Atención Operativa,Lima Centro,2023-07-27,Activo,2026,01,2026-01,55.0,197.06785714285715,95.16,6.087857142857143,76.7,73.28571428571429,86.07142857142857,13.071428571428571,26886.0,23297.0,150.0,101.6,0.0,150.0,16.43,60.71,Adecuado,Adecuado,Crítico,Adecuado,Crítico,Crítico,72.84,Ámbar,6.87,Ámbar,75.18,2026-02
66491586,Carlos Medina Mamani,Atención Operativa,Lima Centro,2023-07-27,Activo,2026,02,2026-02,50.0,175.11607142857142,95.12964285714285,5.950714285714286,77.98,77.82142857142857,86.78571428571429,13.964285714285714,25196.0,21933.0,100.0,101.3,4.93,150.0,39.11,67.86,Adecuado,Adecuado,Crítico,Adecuado,Crítico,Crítico,75.18,Ámbar,6.94,Rojo,40.01,2026-03
66491586,Carlos Medina Mamani,Atención Operativa,Lima Centro,2023-07-27,Activo,2026,03,2026-03,50.0,195.14678571428573,94.23357142857142,5.943214285714285,62.02,77.42857142857143,87.82142857142857,14.107142857142858,25923.0,22695.0,100.0,84.67,5.68,13.2,37.14,78.21,Adecuado,Por mejorar,Crítico,Crítico,Crítico,Por mejorar,40.01,Rojo,6.92,Rojo,36.64,2026-04
68878552,Claudia Rodríguez Paredes,Central de Emergencias,Ate,2021-02-15,Activo,2024,01,2024-01,45.0,194.0625,93.70964285714285,5.920714285714285,76.94,83.75,85.46428571428571,15.035714285714286,29031.0,24837.0,0.0,74.19,7.93,150.0,68.75,54.64,Crítico,Por mejorar,Crítico,Adecuado,Crítico,Crítico,69.16,Rojo,6.87,Rojo,63.72,2024-02
68878552,Claudia Rodríguez Paredes,Central de Emergencias,Ate,2021-02-15,Activo,2024,02,2024-02,45.0,180.2757142857143,94.01607142857142,5.768928571428571,72.34,81.71428571428571,87.32142857142857,15.392857142857142,26683.0,23286.0,0.0,80.32,23.11,116.4,58.57,73.21,Crítico,Por mejorar,Crítico,Adecuado,Crítico,Por mejorar,63.72,Rojo,6.77,Ámbar,84.79,2024-03
68878552,Claudia Rodríguez Paredes,Central de Emergencias,Ate,2021-02-15,Activo,2024,03,2024-03,55.0,195.74357142857144,94.52178571428571,5.810357142857143,77.88,80.53571428571429,86.28571428571429,14.821428571428571,27753.0,23994.0,150.0,90.44,18.96,150.0,52.68,62.86,Adecuado,Por mejorar,Crítico,Adecuado,Crítico,Crítico,84.79,Ámbar,6.94,Ámbar,71.13,2024-04
68878552,Claudia Rodríguez Paredes,Central de Emergencias,Ate,2021-02-15,Activo,2024,04,2024-04,45.0,189.13392857142858,94.84285714285714,5.885714285714286,75.59,79.25,90.75,14.428571428571429,27553.0,25198.0,0.0,96.86,11.43,148.9,46.25,103.75,Crítico,Por mejorar,Crítico,Adecuado,Crítico,Adecuado,71.13,Ámbar,6.96,Rojo,45.15,2024-05
68878552,Claudia Rodríguez Paredes,Central de Emergencias,Ate,2021-02-15,Activo,2024,05,2024-05,50.0,196.18392857142857,94.7325,6.0182142857142855,61.94,81.5,88.21428571428571,15.214285714285714,27079.0,23847.0,100.0,94.65,0.0,12.4,57.5,82.14,Adecuado,Por mejorar,Crítico,Crítico,Crítico,Por mejorar,45.15,Rojo,6.97,Ámbar,81.55,2024-06
68878552,Claudia Rodríguez Paredes,Central de Emergencias,Ate,2021-02-15,Activo,2024,06,2024-06,55.0,188.89607142857142,94.72285714285714,5.975714285714286,76.95,79.46428571428571,87.28571428571429,14.357142857142858,26641.0,23339.0,150.0,94.46,2.43,150.0,47.32,72.86,Adecuado,Por mejorar,Crítico,Adecuado,Crítico,Por mejorar,81.55,Ámbar,6.84,Ámbar,74.74,2024-07
68878552,Claudia Rodríguez Paredes,Central de Emergencias,Ate,2021-02-15,Activo,2024,07,2024-07,50.0,197.5367857142857,95.38785714285714,5.9957142857142856,78.94,78.21428571428571,86.5,14.214285714285714,25805.0,22291.0,100.0,103.88,0.43,150.0,41.07,65.0,Adecuado,Adecuado,Crítico,Adecuado,Crítico,Crítico,74.74,Ámbar,7.0,Rojo,63.38,2024-08
68878552,Claudia Rodríguez Paredes,Central de Emergencias,Ate,2021-02-15,Activo,2024,08,2024-08,45.0,198.23964285714285,95.7275,6.031071428571429,77.52,77.17857142857143,86.17857142857143,14.0,27605.0,23679.0,0.0,107.28,0.0,150.0,35.89,61.79,Crítico,Adecuado,Crítico,Adecuado,Crítico,Crítico,63.38,Rojo,6.99,Rojo,34.74,2024-09
68878552,Claudia Rodríguez Paredes,Central de Emergencias,Ate,2021-02-15,Activo,2024,09,2024-09,45.0,190.3307142857143,95.44214285714285,5.918214285714286,61.46,79.75,88.57142857142857,14.321428571428571,27168.0,24174.0,0.0,104.42,8.18,7.6,48.75,85.71,Crítico,Adecuado,Crítico,Crítico,Crítico,Por mejorar,34.74,Rojo,6.96,Ámbar,84.29,2024-10
68878552,Claudia Rodríguez Paredes,Central de Emergencias,Ate,2021-02-15,Activo,2024,10,2024-10,55.0,197.5125,95.375,5.901071428571429,77.82,78.89285714285714,88.32142857142857,14.25,26970.0,23691.0,150.0,103.75,9.89,150.0,44.46,83.21,Adecuado,Adecuado,Crítico,Adecuado,Crítico,Por mejorar,84.29,Ámbar,6.99,Rojo,53.97,2024-11
68878552,Claudia Rodríguez Paredes,Central de Emergencias,Ate,2021-02-15,Activo,2024,11,2024-11,45.0,186.85857142857142,93.70142857142856,5.978928571428572,72.67,77.17857142857143,87.25,13.464285714285714,26337.0,22942.0,0.0,74.03,2.11,119.7,35.89,72.5,Crítico,Por mejorar,Crítico,Adecuado,Crítico,Por mejorar,53.97,Rojo,6.97,Rojo,69.03,2024-12
68878552,Claudia Rodríguez Paredes,Central de Emergencias,Ate,2021-02-15,Activo,2024,12,2024-12,55.0,197.7992857142857,95.51321428571428,6.0303571428571425,68.91,80.67857142857143,89.64285714285714,14.321428571428571,27484.0,24680.0,150.0,105.13,0.0,82.1,53.39,96.43,Adecuado,Adecuado,Crítico,Por mejorar,Crítico,Por mejorar,69.03,Rojo,6.93,Rojo,50.56,2025-01
68878552,Claudia Rodríguez Paredes,Central de Emergencias,Ate,2021-02-15,Activo,2025,01,2025-01,45.0,196.965,95.11142857142858,5.914285714285715,67.3,82.78571428571429,86.25,15.714285714285714,28930.0,25201.0,0.0,101.11,8.57,66.0,63.93,62.5,Crítico,Adecuado,Crítico,Crítico,Crítico,Crítico,50.56,Rojo,6.97,Rojo,65.32,2025-02
68878552,Claudia Rodríguez Paredes,Central de Emergencias,Ate,2021-02-15,Activo,2025,02,2025-02,45.0,173.97178571428572,94.50821428571429,6.082857142857143,75.07,79.78571428571429,88.14285714285714,14.357142857142858,27200.0,23804.0,0.0,90.16,0.0,143.7,48.93,81.43,Crítico,Por mejorar,Crítico,Adecuado,Crítico,Por mejorar,65.32,Rojo,6.99,Rojo,55.3,2025-03
68878552,Claudia Rodríguez Paredes,Central de Emergencias,Ate,2021-02-15,Activo,2025,03,2025-03,50.0,197.37642857142856,95.30964285714286,6.034285714285715,67.12,77.89285714285714,89.07142857142857,14.357142857142858,27660.0,24718.0,100.0,103.1,0.0,64.2,39.46,90.71,Adecuado,Adecuado,Crítico,Crítico,Crítico,Por mejorar,55.3,Rojo,6.99,Rojo,64.67,2025-04
68878552,Claudia Rodríguez Paredes,Central de Emergencias,Ate,2021-02-15,Activo,2025,04,2025-04,55.0,188.35,94.44857142857143,5.866428571428571,68.69,80.92857142857143,84.46428571428571,14.714285714285714,27715.0,23198.0,150.0,88.97,13.36,79.9,54.64,44.64,Adecuado,Por mejorar,Crítico,Por mejorar,Crítico,Crítico,64.67,Rojo,6.97,Rojo,69.01,2025-05
68878552,Claudia Rodríguez Paredes,Central de Emergencias,Ate,2021-02-15,Activo,2025,05,2025-05,55.0,195.67964285714285,94.49035714285715,5.960357142857143,69.69,79.64285714285714,89.71428571428571,14.821428571428571,24478.0,22132.0,150.0,89.81,3.96,89.9,48.21,97.14,Adecuado,Por mejorar,Crítico,Por mejorar,Crítico,Por mejorar,69.01,Rojo,6.97,Rojo,39.56,2025-06
68878552,Claudia Rodríguez Paredes,Central de Emergencias,Ate,2021-02-15,Activo,2025,06,2025-06,50.0,188.0232142857143,94.28464285714286,6.026428571428571,60.76,81.07142857142857,87.0,15.178571428571429,27569.0,23978.0,100.0,85.69,0.0,0.6,55.36,70.0,Adecuado,Por mejorar,Crítico,Crítico,Crítico,Por mejorar,39.56,Rojo,6.95,Ámbar,73.16,2025-07
68878552,Claudia Rodríguez Paredes,Central de Emergencias,Ate,2021-02-15,Activo,2025,07,2025-07,50.0,197.12107142857144,95.18607142857142,6.148928571428572,76.96,77.46428571428571,86.14285714285714,14.035714285714286,24272.0,21193.0,100.0,101.86,0.0,150.0,37.32,61.43,Adecuado,Adecuado,Crítico,Adecuado,Crítico,Crítico,73.16,Ámbar,6.98,Rojo,52.89,2025-08
68878552,Claudia Rodríguez Paredes,Central de Emergencias,Ate,2021-02-15,Activo,2025,08,2025-08,50.0,195.93178571428572,94.61214285714286,5.8525,61.87,86.03571428571429,87.75,15.5,25657.0,22635.0,100.0,92.24,14.75,11.7,80.18,77.5,Adecuado,Por mejorar,Crítico,Crítico,Por mejorar,Por mejorar,52.89,Rojo,6.95,Rojo,57.77,2025-09
68878552,Claudia Rodríguez Paredes,Central de Emergencias,Ate,2021-02-15,Activo,2025,09,2025-09,45.0,190.265,95.40892857142858,5.726785714285715,68.55,80.78571428571429,88.78571428571429,15.178571428571429,26799.0,23762.0,0.0,104.09,27.32,78.5,53.93,87.86,Crítico,Adecuado,Crítico,Por mejorar,Crítico,Por mejorar,57.77,Rojo,6.83,Rojo,59.2,2025-10
68878552,Claudia Rodríguez Paredes,Central de Emergencias,Ate,2021-02-15,Activo,2025,10,2025-10,50.0,196.15785714285715,94.72142857142858,6.028214285714285,67.83,81.57142857142857,87.46428571428571,15.285714285714286,26456.0,23069.0,100.0,94.43,0.0,71.3,57.86,74.64,Adecuado,Por mejorar,Crítico,Por mejorar,Crítico,Por mejorar,59.2,Rojo,6.98,Ámbar,84.63,2025-11
68878552,Claudia Rodríguez Paredes,Central de Emergencias,Ate,2021-02-15,Activo,2025,11,2025-11,55.0,188.98035714285714,94.76428571428572,6.067857142857143,73.9,85.67857142857143,87.5,15.607142857142858,28481.0,24992.0,150.0,95.29,0.0,132.0,78.39,75.0,Adecuado,Por mejorar,Crítico,Adecuado,Por mejorar,Por mejorar,84.63,Ámbar,7.0,Rojo,64.65,2025-12
68878552,Claudia Rodríguez Paredes,Central de Emergencias,Ate,2021-02-15,Activo,2025,12,2025-12,45.0,194.82035714285715,94.075,6.1067857142857145,77.5,77.71428571428571,89.35714285714286,14.285714285714286,27363.0,24462.0,0.0,81.5,0.0,150.0,38.57,93.57,Crítico,Por mejorar,Crítico,Adecuado,Crítico,Por mejorar,64.65,Rojo,6.99,Ámbar,75.47,2026-01
68878552,Claudia Rodríguez Paredes,Central de Emergencias,Ate,2021-02-15,Activo,2026,01,2026-01,50.0,197.33464285714285,95.29035714285715,5.876785714285714,76.7,77.14285714285714,86.28571428571429,14.071428571428571,26771.0,23202.0,100.0,102.9,12.32,150.0,35.71,62.86,Adecuado,Adecuado,Crítico,Adecuado,Crítico,Crítico,75.47,Ámbar,6.75,Rojo,67.36,2026-02
68878552,Claudia Rodríguez Paredes,Central de Emergencias,Ate,2021-02-15,Activo,2026,02,2026-02,45.0,175.85714285714286,95.53285714285714,6.023928571428572,77.98,82.32142857142857,83.92857142857143,14.607142857142858,26839.0,22762.0,0.0,105.33,0.0,150.0,61.61,39.29,Crítico,Adecuado,Crítico,Adecuado,Crítico,Crítico,67.36,Rojo,6.97,Rojo,36.8,2026-03
68878552,Claudia Rodríguez Paredes,Central de Emergencias,Ate,2021-02-15,Activo,2026,03,2026-03,45.0,196.98285714285714,95.11928571428571,5.916428571428572,62.02,81.53571428571429,87.28571428571429,15.142857142857142,25850.0,22555.0,0.0,101.19,8.36,13.2,57.68,72.86,Crítico,Adecuado,Crítico,Crítico,Crítico,Por mejorar,36.8,Rojo,6.94,Rojo,50.12,2026-04
69366885,María Reyes Rojas,Central de Emergencias,Miraflores,2024-05-27,Activo,2024,01,2024-01,50.0,198.33214285714286,95.77035714285714,5.906071428571429,76.94,78.25,86.92857142857143,14.107142857142858,27595.0,24040.0,100.0,107.7,9.39,150.0,41.25,69.29,Adecuado,Adecuado,Crítico,Adecuado,Crítico,Crítico,77.39,Ámbar,6.96,Ámbar,71.38,2024-02
69366885,María Reyes Rojas,Central de Emergencias,Miraflores,2024-05-27,Activo,2024,02,2024-02,50.0,183.1975,95.53964285714285,5.886428571428572,72.34,83.89285714285714,82.10714285714286,15.428571428571429,26896.0,21890.0,100.0,105.4,11.36,116.4,69.46,21.07,Adecuado,Adecuado,Crítico,Adecuado,Crítico,Crítico,71.38,Ámbar,6.89,Ámbar,75.77,2024-03
69366885,María Reyes Rojas,Central de Emergencias,Miraflores,2024-05-27,Activo,2024,03,2024-03,50.0,197.20714285714286,95.22785714285715,5.807857142857143,77.88,75.21428571428571,87.67857142857143,13.714285714285714,26425.0,23222.0,100.0,102.28,19.21,150.0,26.07,76.79,Adecuado,Adecuado,Crítico,Adecuado,Crítico,Por mejorar,75.77,Ámbar,6.67,Ámbar,82.01,2024-04
69366885,María Reyes Rojas,Central de Emergencias,Miraflores,2024-05-27,Activo,2024,04,2024-04,50.0,188.75,94.64892857142857,5.710357142857143,75.59,78.5,89.07142857142857,14.607142857142858,26205.0,23180.0,100.0,92.98,28.96,148.9,42.5,90.71,Adecuado,Por mejorar,Crítico,Adecuado,Crítico,Por mejorar,82.01,Ámbar,6.97,Rojo,44.57,2024-05
69366885,María Reyes Rojas,Central de Emergencias,Miraflores,2024-05-27,Activo,2024,05,2024-05,50.0,197.1757142857143,95.21357142857143,5.945,61.94,79.17857142857143,88.67857142857143,14.964285714285714,27240.0,24255.0,100.0,102.14,5.5,12.4,45.89,86.79,Adecuado,Adecuado,Crítico,Crítico,Crítico,Por mejorar,44.57,Rojo,6.88,Ámbar,80.14,2024-06
69366885,María Reyes Rojas,Central de Emergencias,Miraflores,2024-05-27,Activo,2024,06,2024-06,50.0,190.51,95.53214285714286,5.939642857142857,76.95,81.03571428571429,87.10714285714286,14.714285714285714,26415.0,23128.0,100.0,105.32,6.04,150.0,55.18,71.07,Adecuado,Adecuado,Crítico,Adecuado,Crítico,Por mejorar,80.14,Ámbar,7.0,Ámbar,70.0,2024-07
69366885,María Reyes Rojas,Central de Emergencias,Miraflores,2024-05-27,Activo,2024,07,2024-07,45.0,196.4325,94.85392857142857,5.852142857142857,78.94,79.32142857142857,88.17857142857143,14.321428571428571,28301.0,25000.0,0.0,97.08,14.79,150.0,46.61,81.79,Crítico,Por mejorar,Crítico,Adecuado,Crítico,Por mejorar,70.0,Ámbar,6.89,Ámbar,71.02,2024-08
69366885,María Reyes Rojas,Central de Emergencias,Miraflores,2024-05-27,Activo,2024,08,2024-08,50.0,197.64464285714286,95.43928571428572,5.971071428571428,77.52,72.71428571428571,89.10714285714286,13.571428571428571,25996.0,23248.0,100.0,104.39,2.89,150.0,13.57,91.07,Adecuado,Adecuado,Crítico,Adecuado,Crítico,Por mejorar,71.02,Ámbar,6.99,Rojo,32.18,2024-09
69366885,María Reyes Rojas,Central de Emergencias,Miraflores,2024-05-27,Activo,2024,09,2024-09,45.0,187.55214285714285,94.04928571428572,5.883214285714286,61.46,78.25,89.53571428571429,14.25,25521.0,22848.0,0.0,80.99,11.68,7.6,41.25,95.36,Crítico,Por mejorar,Crítico,Crítico,Crítico,Por mejorar,32.18,Rojo,6.78,Ámbar,74.64,2024-10
69366885,María Reyes Rojas,Central de Emergencias,Miraflores,2024-05-27,Activo,2024,10,2024-10,55.0,194.46142857142857,93.90142857142857,6.123571428571428,77.82,76.5,86.21428571428571,13.642857142857142,25897.0,22448.0,150.0,78.03,0.0,150.0,32.5,62.14,Adecuado,Por mejorar,Crítico,Adecuado,Crítico,Crítico,74.64,Ámbar,6.98,Rojo,67.02,2024-11
69366885,María Reyes Rojas,Central de Emergencias,Miraflores,2024-05-27,Activo,2024,11,2024-11,50.0,189.89642857142857,95.22428571428571,5.9871428571428575,72.67,78.57142857142857,85.89285714285714,13.821428571428571,27399.0,23511.0,100.0,102.24,1.29,119.7,42.86,58.93,Adecuado,Adecuado,Crítico,Adecuado,Crítico,Crítico,67.02,Rojo,6.97,Rojo,61.22,2024-12
69366885,María Reyes Rojas,Central de Emergencias,Miraflores,2024-05-27,Activo,2024,12,2024-12,50.0,194.94535714285715,94.135,6.235714285714286,68.91,81.57142857142857,87.96428571428571,14.678571428571429,27124.0,23839.0,100.0,82.7,0.0,82.1,57.86,79.64,Adecuado,Por mejorar,Crítico,Por mejorar,Crítico,Por mejorar,61.22,Rojo,7.0,Rojo,44.62,2025-01
69366885,María Reyes Rojas,Central de Emergencias,Miraflores,2024-05-27,Activo,2025,01,2025-01,45.0,195.79357142857143,94.54535714285714,6.027857142857143,67.3,78.25,88.71428571428571,14.25,25712.0,22631.0,0.0,90.91,0.0,66.0,41.25,87.14,Crítico,Por mejorar,Crítico,Crítico,Crítico,Por mejorar,44.62,Rojo,7.0,Ámbar,80.41,2025-02
69366885,María Reyes Rojas,Central de Emergencias,Miraflores,2024-05-27,Activo,2025,02,2025-02,50.0,174.87071428571429,94.99785714285714,5.829285714285715,75.07,79.57142857142857,89.10714285714286,14.5,26019.0,23342.0,100.0,99.96,17.07,143.7,47.86,91.07,Adecuado,Por mejorar,Crítico,Adecuado,Crítico,Por mejorar,80.41,Ámbar,6.99,Rojo,44.5,2025-03
69366885,María Reyes Rojas,Central de Emergencias,Miraflores,2024-05-27,Activo,2025,03,2025-03,45.0,196.33607142857142,94.80785714285715,5.696428571428571,67.12,75.17857142857143,86.28571428571429,13.642857142857142,25466.0,21939.0,0.0,96.16,30.36,64.2,25.89,62.86,Crítico,Por mejorar,Crítico,Crítico,Crítico,Crítico,44.5,Rojo,6.81,Rojo,61.53,2025-04
69366885,María Reyes Rojas,Central de Emergencias,Miraflores,2024-05-27,Activo,2025,04,2025-04,55.0,189.59357142857144,95.07357142857143,6.047142857142857,68.69,76.5,88.35714285714286,14.535714285714286,25138.0,22320.0,150.0,100.74,0.0,79.9,32.5,83.57,Adecuado,Adecuado,Crítico,Por mejorar,Crítico,Por mejorar,61.53,Rojo,6.94,Ámbar,71.29,2025-05
69366885,María Reyes Rojas,Central de Emergencias,Miraflores,2024-05-27,Activo,2025,05,2025-05,50.0,197.10392857142858,95.17785714285715,5.8575,69.69,81.92857142857143,91.75,15.071428571428571,29470.0,27085.0,100.0,101.78,14.25,89.9,59.64,108.75,Adecuado,Adecuado,Crítico,Por mejorar,Crítico,Adecuado,71.29,Ámbar,6.77,Rojo,29.43,2025-06
69366885,María Reyes Rojas,Central de Emergencias,Miraflores,2024-05-27,Activo,2025,06,2025-06,45.0,190.34821428571428,95.45142857142856,5.928214285714286,60.76,78.57142857142857,86.67857142857143,14.107142857142858,25844.0,22310.0,0.0,104.51,7.18,0.6,42.86,66.79,Crítico,Adecuado,Crítico,Crítico,Crítico,Crítico,29.43,Rojo,6.99,Ámbar,72.34,2025-07
69366885,María Reyes Rojas,Central de Emergencias,Miraflores,2024-05-27,Activo,2025,07,2025-07,45.0,197.73714285714286,95.48285714285714,5.926071428571428,76.96,79.35714285714286,92.35714285714286,14.142857142857142,27837.0,25713.0,0.0,104.83,7.39,150.0,46.79,111.79,Crítico,Adecuado,Crítico,Adecuado,Crítico,Adecuado,72.34,Ámbar,6.97,Rojo,43.13,2025-08
69366885,María Reyes Rojas,Central de Emergencias,Miraflores,2024-05-27,Activo,2025,08,2025-08,50.0,197.91107142857143,95.56857142857143,6.136428571428572,61.87,78.67857142857143,88.78571428571429,14.5,27944.0,24821.0,100.0,105.69,0.0,11.7,43.39,87.86,Adecuado,Adecuado,Crítico,Crítico,Crítico,Por mejorar,43.13,Rojo,6.99,Rojo,61.51,2025-09
69366885,María Reyes Rojas,Central de Emergencias,Miraflores,2024-05-27,Activo,2025,09,2025-09,50.0,189.59107142857144,95.07142857142857,5.884285714285714,68.55,80.57142857142857,86.28571428571429,14.821428571428571,26525.0,22822.0,100.0,100.71,11.57,78.5,52.86,62.86,Adecuado,Adecuado,Crítico,Por mejorar,Crítico,Crítico,61.51,Rojo,6.95,Rojo,50.5,2025-10
69366885,María Reyes Rojas,Central de Emergencias,Miraflores,2024-05-27,Activo,2025,10,2025-10,45.0,196.85964285714286,95.05964285714286,6.0303571428571425,67.83,83.32142857142857,85.96428571428571,15.607142857142858,24543.0,20941.0,0.0,100.6,0.0,71.3,66.61,59.64,Crítico,Adecuado,Crítico,Por mejorar,Crítico,Crítico,50.5,Rojo,6.99,Rojo,66.98,2025-11
69366885,María Reyes Rojas,Central de Emergencias,Miraflores,2024-05-27,Activo,2025,11,2025-11,45.0,189.315,94.93357142857143,6.120357142857143,73.9,82.60714285714286,88.35714285714286,14.964285714285714,25563.0,22619.0,0.0,98.67,0.0,132.0,63.04,83.57,Crítico,Por mejorar,Crítico,Adecuado,Crítico,Por mejorar,66.98,Rojo,6.91,Ámbar,72.49,2025-12
69366885,María Reyes Rojas,Central de Emergencias,Miraflores,2024-05-27,Activo,2025,12,2025-12,50.0,197.42214285714286,95.33107142857143,6.008214285714286,77.5,76.07142857142857,87.07142857142857,13.357142857142858,25417.0,22292.0,100.0,103.31,0.0,150.0,30.36,70.71,Adecuado,Adecuado,Crítico,Adecuado,Crítico,Por mejorar,72.49,Ámbar,6.99,Ámbar,73.47,2026-01
69366885,María Reyes Rojas,Central de Emergencias,Miraflores,2024-05-27,Activo,2026,01,2026-01,50.0,197.95035714285714,95.58642857142857,5.8585714285714285,76.7,75.5,85.67857142857143,13.785714285714286,27409.0,23535.0,100.0,105.86,14.14,150.0,27.5,56.79,Adecuado,Adecuado,Crítico,Adecuado,Crítico,Crítico,73.47,Ámbar,6.99,Ámbar,84.63,2026-02
69366885,María Reyes Rojas,Central de Emergencias,Miraflores,2024-05-27,Activo,2026,02,2026-02,50.0,174.10392857142858,94.58,5.844285714285714,77.98,84.71428571428571,86.46428571428571,15.321428571428571,28256.0,24336.0,100.0,91.6,15.57,150.0,73.57,64.64,Adecuado,Por mejorar,Crítico,Adecuado,Por mejorar,Crítico,84.63,Ámbar,6.68,Rojo,35.87,2026-03
69366885,María Reyes Rojas,Central de Emergencias,Miraflores,2024-05-27,Activo,2026,03,2026-03,45.0,199.57214285714286,96.37,6.0842857142857145,62.02,82.07142857142857,86.10714285714286,14.607142857142858,25687.0,21967.0,0.0,113.7,0.0,13.2,60.36,61.07,Crítico,Adecuado,Crítico,Crítico,Crítico,Crítico,35.87,Rojo,6.96,Rojo,32.52,2026-04
69466763,Carlos Ramírez Medina,Gestión de Reportes,Lima Centro,2023-10-27,Activo,2024,01,2024-01,55.0,198.24107142857142,95.72642857142857,5.929285714285714,76.94,83.39285714285714,86.85714285714286,15.25,25095.0,21840.0,150.0,107.26,7.07,150.0,66.96,68.57,Adecuado,Adecuado,Crítico,Adecuado,Crítico,Crítico,88.24,Ámbar,6.95,Rojo,56.6,2024-02
69466763,Carlos Ramírez Medina,Gestión de Reportes,Lima Centro,2023-10-27,Activo,2024,02,2024-02,45.0,181.165,94.47928571428571,5.9367857142857146,72.34,76.82142857142857,88.75,14.25,28672.0,25286.0,0.0,89.59,6.32,116.4,34.11,87.5,Crítico,Por mejorar,Crítico,Adecuado,Crítico,Por mejorar,56.6,Rojo,6.88,Rojo,64.93,2024-03
69466763,Carlos Ramírez Medina,Gestión de Reportes,Lima Centro,2023-10-27,Activo,2024,03,2024-03,45.0,196.9767857142857,95.11607142857143,5.989285714285714,77.88,80.25,84.28571428571429,15.0,27202.0,22893.0,0.0,101.16,1.07,150.0,51.25,42.86,Crítico,Adecuado,Crítico,Adecuado,Crítico,Crítico,64.93,Rojo,6.89,Ámbar,70.62,2024-04
69466763,Carlos Ramírez Medina,Gestión de Reportes,Lima Centro,2023-10-27,Activo,2024,04,2024-04,50.0,190.55,95.55178571428571,6.015714285714286,75.59,76.07142857142857,85.25,13.607142857142858,24652.0,20835.0,100.0,105.52,0.0,148.9,30.36,52.5,Adecuado,Adecuado,Crítico,Adecuado,Crítico,Crítico,70.62,Ámbar,7.0,Rojo,41.34,2024-05
69466763,Carlos Ramírez Medina,Gestión de Reportes,Lima Centro,2023-10-27,Activo,2024,05,2024-05,50.0,197.4217857142857,95.33107142857143,6.058571428571429,61.94,77.64285714285714,88.35714285714286,13.75,27209.0,24028.0,100.0,103.31,0.0,12.4,38.21,83.57,Adecuado,Adecuado,Crítico,Crítico,Crítico,Por mejorar,41.34,Rojo,6.98,Ámbar,83.46,2024-06
69466763,Carlos Ramírez Medina,Gestión de Reportes,Lima Centro,2023-10-27,Activo,2024,06,2024-06,55.0,188.62571428571428,94.58678571428571,5.9725,76.95,78.64285714285714,90.85714285714286,14.25,25951.0,23642.0,150.0,91.74,2.75,150.0,43.21,104.29,Adecuado,Por mejorar,Crítico,Adecuado,Crítico,Adecuado,83.46,Ámbar,6.94,Ámbar,82.04,2024-07
69466763,Carlos Ramírez Medina,Gestión de Reportes,Lima Centro,2023-10-27,Activo,2024,07,2024-07,55.0,197.1075,95.17964285714285,6.027142857142857,78.94,78.85714285714286,88.28571428571429,14.428571428571429,25276.0,22409.0,150.0,101.8,0.0,150.0,44.29,82.86,Adecuado,Adecuado,Crítico,Adecuado,Crítico,Por mejorar,82.04,Ámbar,6.97,Ámbar,72.2,2024-08
69466763,Carlos Ramírez Medina,Gestión de Reportes,Lima Centro,2023-10-27,Activo,2024,08,2024-08,50.0,194.93857142857144,94.13392857142857,5.822857142857143,77.52,75.71428571428571,85.75,13.75,25032.0,21365.0,100.0,82.68,17.71,150.0,28.57,57.5,Adecuado,Por mejorar,Crítico,Adecuado,Crítico,Crítico,72.2,Ámbar,6.67,Rojo,47.91,2024-09
69466763,Carlos Ramírez Medina,Gestión de Reportes,Lima Centro,2023-10-27,Activo,2024,09,2024-09,50.0,191.11464285714285,95.83535714285715,5.973214285714286,61.46,81.28571428571429,91.07142857142857,14.321428571428571,27052.0,24471.0,100.0,108.35,2.68,7.6,56.43,105.36,Adecuado,Adecuado,Crítico,Crítico,Crítico,Adecuado,47.91,Rojo,6.96,Ámbar,81.0,2024-10
69466763,Carlos Ramírez Medina,Gestión de Reportes,Lima Centro,2023-10-27,Activo,2024,10,2024-10,55.0,197.34,95.29285714285714,5.996071428571429,77.82,78.67857142857143,87.28571428571429,14.321428571428571,27453.0,24055.0,150.0,102.93,0.39,150.0,43.39,72.86,Adecuado,Adecuado,Crítico,Adecuado,Crítico,Por mejorar,81.0,Ámbar,6.89,Rojo,59.49,2024-11
69466763,Carlos Ramírez Medina,Gestión de Reportes,Lima Centro,2023-10-27,Activo,2024,11,2024-11,45.0,190.4675,95.51107142857143,5.9660714285714285,72.67,79.64285714285714,86.32142857142857,14.964285714285714,26996.0,23229.0,0.0,105.11,3.39,119.7,48.21,63.21,Crítico,Adecuado,Crítico,Adecuado,Crítico,Crítico,59.49,Rojo,6.85,Rojo,66.06,2024-12
69466763,Carlos Ramírez Medina,Gestión de Reportes,Lima Centro,2023-10-27,Activo,2024,12,2024-12,50.0,195.88464285714286,94.58857142857143,6.112857142857143,68.91,83.14285714285714,89.92857142857143,14.857142857142858,27549.0,24900.0,100.0,91.77,0.0,82.1,65.71,99.29,Adecuado,Por mejorar,Crítico,Por mejorar,Crítico,Por mejorar,66.06,Rojo,6.96,Rojo,44.28,2025-01
69466763,Carlos Ramírez Medina,Gestión de Reportes,Lima Centro,2023-10-27,Activo,2025,01,2025-01,45.0,196.29714285714286,94.78785714285715,5.961428571428572,67.3,78.28571428571429,87.07142857142857,14.357142857142858,27182.0,23666.0,0.0,95.76,3.86,66.0,41.43,70.71,Crítico,Por mejorar,Crítico,Crítico,Crítico,Por mejorar,44.28,Rojo,6.99,Rojo,61.02,2025-02
69466763,Carlos Ramírez Medina,Gestión de Reportes,Lima Centro,2023-10-27,Activo,2025,02,2025-02,45.0,174.69107142857143,94.89964285714285,5.949285714285715,75.07,73.57142857142857,89.82142857142857,13.821428571428571,24706.0,22222.0,0.0,97.99,5.07,143.7,17.86,98.21,Crítico,Por mejorar,Crítico,Adecuado,Crítico,Por mejorar,61.02,Rojo,6.96,Rojo,62.31,2025-03
69466763,Carlos Ramírez Medina,Gestión de Reportes,Lima Centro,2023-10-27,Activo,2025,03,2025-03,50.0,196.72464285714287,94.99571428571429,5.913928571428571,67.12,84.46428571428571,86.46428571428571,15.607142857142858,27860.0,24130.0,100.0,99.91,8.61,64.2,72.32,64.64,Adecuado,Por mejorar,Crítico,Crítico,Por mejorar,Crítico,62.31,Rojo,6.69,Rojo,59.18,2025-04
69466763,Carlos Ramírez Medina,Gestión de Reportes,Lima Centro,2023-10-27,Activo,2025,04,2025-04,50.0,189.8525,95.20142857142856,5.75,68.69,78.0,84.0,14.678571428571429,28765.0,24046.0,100.0,102.01,25.0,79.9,40.0,40.0,Adecuado,Adecuado,Crítico,Por mejorar,Crítico,Crítico,59.18,Rojo,6.87,Rojo,62.72,2025-05
69466763,Carlos Ramírez Medina,Gestión de Reportes,Lima Centro,2023-10-27,Activo,2025,05,2025-05,50.0,196.4582142857143,94.86571428571429,5.918214285714286,69.69,77.64285714285714,89.32142857142857,14.071428571428571,27303.0,24444.0,100.0,97.31,8.18,89.9,38.21,93.21,Adecuado,Por mejorar,Crítico,Por mejorar,Crítico,Por mejorar,62.72,Rojo,6.94,Rojo,47.0,2025-06
69466763,Carlos Ramírez Medina,Gestión de Reportes,Lima Centro,2023-10-27,Activo,2025,06,2025-06,50.0,190.44571428571427,95.50107142857142,6.053928571428571,60.76,83.39285714285714,89.60714285714286,14.964285714285714,25385.0,22656.0,100.0,105.01,0.0,0.6,66.96,96.07,Adecuado,Adecuado,Crítico,Crítico,Crítico,Por mejorar,47.0,Rojo,6.99,Ámbar,78.06,2025-07
69466763,Carlos Ramírez Medina,Gestión de Reportes,Lima Centro,2023-10-27,Activo,2025,07,2025-07,50.0,200.01964285714286,96.58607142857143,6.073928571428572,76.96,76.82142857142857,90.89285714285714,13.821428571428571,25616.0,23293.0,100.0,115.86,0.0,150.0,34.11,104.46,Adecuado,Adecuado,Crítico,Adecuado,Crítico,Adecuado,78.06,Ámbar,6.96,Rojo,40.74,2025-08
69466763,Carlos Ramírez Medina,Gestión de Reportes,Lima Centro,2023-10-27,Activo,2025,08,2025-08,50.0,198.45928571428573,95.8325,5.963928571428571,61.87,76.75,87.82142857142857,14.035714285714286,27087.0,23758.0,100.0,108.33,3.61,11.7,33.75,78.21,Adecuado,Adecuado,Crítico,Crítico,Crítico,Por mejorar,40.74,Rojo,6.98,Rojo,65.31,2025-09
69466763,Carlos Ramírez Medina,Gestión de Reportes,Lima Centro,2023-10-27,Activo,2025,09,2025-09,55.0,190.87857142857143,95.71607142857142,6.214285714285714,68.55,79.42857142857143,88.17857142857143,14.928571428571429,25512.0,22438.0,150.0,107.16,0.0,78.5,47.14,81.79,Adecuado,Adecuado,Crítico,Por mejorar,Crítico,Por mejorar,65.31,Rojo,6.94,Rojo,57.37,2025-10
69466763,Carlos Ramírez Medina,Gestión de Reportes,Lima Centro,2023-10-27,Activo,2025,10,2025-10,50.0,196.56392857142856,94.9175,6.010357142857143,67.83,79.82142857142857,87.42857142857143,15.035714285714286,24786.0,21554.0,100.0,98.35,0.0,71.3,49.11,74.29,Adecuado,Por mejorar,Crítico,Por mejorar,Crítico,Por mejorar,57.37,Rojo,6.94,Ámbar,74.66,2025-11
69466763,Carlos Ramírez Medina,Gestión de Reportes,Lima Centro,2023-10-27,Activo,2025,11,2025-11,50.0,188.24464285714285,94.39535714285714,5.717142857142857,73.9,78.53571428571429,86.53571428571429,14.142857142857142,26952.0,23068.0,100.0,87.91,28.29,132.0,42.68,65.36,Adecuado,Por mejorar,Crítico,Adecuado,Crítico,Crítico,74.66,Ámbar,6.97,Ámbar,82.31,2025-12
69466763,Carlos Ramírez Medina,Gestión de Reportes,Lima Centro,2023-10-27,Activo,2025,12,2025-12,55.0,195.59178571428572,94.44892857142857,5.9053571428571425,77.5,78.5,88.39285714285714,13.678571428571429,25433.0,22339.0,150.0,88.98,9.46,150.0,42.5,83.93,Adecuado,Por mejorar,Crítico,Adecuado,Crítico,Por mejorar,82.31,Ámbar,6.91,Ámbar,81.64,2026-01
69466763,Carlos Ramírez Medina,Gestión de Reportes,Lima Centro,2023-10-27,Activo,2026,01,2026-01,50.0,196.09357142857144,94.69,5.822857142857143,76.7,81.85714285714286,86.39285714285714,15.142857142857142,23730.0,20510.0,100.0,93.8,17.71,150.0,59.29,63.93,Adecuado,Por mejorar,Crítico,Adecuado,Crítico,Crítico,81.64,Ámbar,6.83,Ámbar,75.19,2026-02
69466763,Carlos Ramírez Medina,Gestión de Reportes,Lima Centro,2023-10-27,Activo,2026,02,2026-02,50.0,174.345,94.71178571428571,5.9125,77.98,77.21428571428571,87.5,14.285714285714286,26371.0,23000.0,100.0,94.24,8.75,150.0,36.07,75.0,Adecuado,Por mejorar,Crítico,Adecuado,Crítico,Por mejorar,75.19,Ámbar,6.87,Rojo,42.81,2026-03
69466763,Carlos Ramírez Medina,Gestión de Reportes,Lima Centro,2023-10-27,Activo,2026,03,2026-03,50.0,196.7625,95.01321428571428,6.0303571428571425,62.02,80.10714285714286,86.85714285714286,14.75,25674.0,22249.0,100.0,100.13,0.0,13.2,50.54,68.57,Adecuado,Adecuado,Crítico,Crítico,Crítico,Crítico,42.81,Rojo,6.98,Rojo,49.22,2026-04
72461350,Andrés Gutiérrez Chávez,Atención Operativa,Surco,2023-01-15,Activo,2024,01,2024-01,55.0,197.07464285714286,95.16357142857143,5.912857142857143,76.94,82.10714285714286,88.21428571428571,14.5,25213.0,22233.0,150.0,101.64,8.71,150.0,60.54,82.14,Adecuado,Adecuado,Crítico,Adecuado,Crítico,Por mejorar,87.76,Ámbar,6.95,Ámbar,78.5,2024-02
72461350,Andrés Gutiérrez Chávez,Atención Operativa,Surco,2023-01-15,Activo,2024,02,2024-02,50.0,181.68714285714285,94.7525,5.681785714285715,72.34,82.53571428571429,87.85714285714286,15.285714285714286,26450.0,23144.0,100.0,95.05,31.82,116.4,62.68,78.57,Adecuado,Por mejorar,Crítico,Adecuado,Crítico,Por mejorar,78.5,Ámbar,6.81,Ámbar,83.94,2024-03
72461350,Andrés Gutiérrez Chávez,Atención Operativa,Surco,2023-01-15,Activo,2024,03,2024-03,55.0,197.56392857142856,95.39928571428571,5.96,77.88,78.10714285714286,90.21428571428571,14.357142857142858,27643.0,24903.0,150.0,103.99,4.0,150.0,40.54,101.07,Adecuado,Adecuado,Crítico,Adecuado,Crítico,Adecuado,83.94,Ámbar,6.93,Ámbar,77.53,2024-04
72461350,Andrés Gutiérrez Chávez,Atención Operativa,Surco,2023-01-15,Activo,2024,04,2024-04,45.0,188.6732142857143,94.61035714285714,5.875357142857143,75.59,86.35714285714286,88.14285714285714,15.5,26001.0,22862.0,0.0,92.21,12.46,148.9,81.79,81.43,Crítico,Por mejorar,Crítico,Adecuado,Por mejorar,Por mejorar,77.53,Ámbar,6.86,Rojo,27.35,2024-05
72461350,Andrés Gutiérrez Chávez,Atención Operativa,Surco,2023-01-15,Activo,2024,05,2024-05,45.0,196.36857142857144,94.82321428571429,6.107857142857143,61.94,75.53571428571429,87.67857142857143,13.464285714285714,26885.0,23552.0,0.0,96.46,0.0,12.4,27.68,76.79,Crítico,Por mejorar,Crítico,Crítico,Crítico,Por mejorar,27.35,Rojo,6.99,Rojo,69.74,2024-06
72461350,Andrés Gutiérrez Chávez,Atención Operativa,Surco,2023-01-15,Activo,2024,06,2024-06,45.0,190.15392857142857,95.3525,6.048928571428571,76.95,83.25,85.32142857142857,15.392857142857142,25240.0,21573.0,0.0,103.53,0.0,150.0,66.25,53.21,Crítico,Adecuado,Crítico,Adecuado,Crítico,Crítico,69.74,Rojo,6.94,Ámbar,84.65,2024-07
72461350,Andrés Gutiérrez Chávez,Atención Operativa,Surco,2023-01-15,Activo,2024,07,2024-07,50.0,197.50392857142856,95.37214285714286,6.049285714285714,78.94,84.25,88.96428571428571,15.678571428571429,25774.0,22814.0,100.0,103.72,0.0,150.0,71.25,89.64,Adecuado,Adecuado,Crítico,Adecuado,Por mejorar,Por mejorar,84.65,Ámbar,6.77,Ámbar,70.55,2024-08
72461350,Andrés Gutiérrez Chávez,Atención Operativa,Surco,2023-01-15,Activo,2024,08,2024-08,45.0,196.85857142857142,95.06035714285714,5.9325,77.52,79.57142857142857,89.67857142857143,14.285714285714286,24948.0,22433.0,0.0,100.6,6.75,150.0,47.86,96.79,Crítico,Adecuado,Crítico,Adecuado,Crítico,Por mejorar,70.55,Ámbar,6.87,Rojo,49.16,2024-09
72461350,Andrés Gutiérrez Chávez,Atención Operativa,Surco,2023-01-15,Activo,2024,09,2024-09,55.0,191.46357142857144,96.00964285714285,5.751785714285714,61.46,77.14285714285714,87.35714285714286,13.964285714285714,27845.0,24207.0,150.0,110.1,24.82,7.6,35.71,73.57,Adecuado,Adecuado,Crítico,Crítico,Crítico,Por mejorar,49.16,Rojo,6.89,Ámbar,84.34,2024-10
72461350,Andrés Gutiérrez Chávez,Atención Operativa,Surco,2023-01-15,Activo,2024,10,2024-10,50.0,196.44642857142858,94.86071428571428,5.777142857142857,77.82,80.78571428571429,89.17857142857143,14.821428571428571,25473.0,22712.0,100.0,97.21,22.29,150.0,53.93,91.79,Adecuado,Por mejorar,Crítico,Adecuado,Crítico,Por mejorar,84.34,Ámbar,6.81,Rojo,69.42,2024-11
72461350,Andrés Gutiérrez Chávez,Atención Operativa,Surco,2023-01-15,Activo,2024,11,2024-11,50.0,188.98607142857142,94.7675,6.146071428571428,72.67,80.96428571428571,86.25,15.214285714285714,25042.0,21597.0,100.0,95.35,0.0,119.7,54.82,62.5,Adecuado,Por mejorar,Crítico,Adecuado,Crítico,Crítico,69.42,Rojo,7.0,Rojo,44.61,2024-12
72461350,Andrés Gutiérrez Chávez,Atención Operativa,Surco,2023-01-15,Activo,2024,12,2024-12,45.0,196.28642857142856,94.78392857142858,6.132142857142857,68.91,75.78571428571429,87.28571428571429,14.035714285714286,25839.0,22302.0,0.0,95.68,0.0,82.1,28.93,72.86,Crítico,Por mejorar,Crítico,Por mejorar,Crítico,Por mejorar,44.61,Rojo,6.96,Rojo,52.67,2025-01
72461350,Andrés Gutiérrez Chávez,Atención Operativa,Surco,2023-01-15,Activo,2025,01,2025-01,50.0,197.40892857142856,95.32535714285714,6.010357142857143,67.3,76.67857142857143,87.5,14.107142857142858,24063.0,21089.0,100.0,103.25,0.0,66.0,33.39,75.0,Adecuado,Adecuado,Crítico,Crítico,Crítico,Por mejorar,52.67,Rojo,6.94,Ámbar,74.84,2025-02
72461350,Andrés Gutiérrez Chávez,Atención Operativa,Surco,2023-01-15,Activo,2025,02,2025-02,50.0,173.91071428571428,94.47535714285715,5.769285714285714,75.07,76.96428571428571,86.64285714285714,14.178571428571429,25016.0,21654.0,100.0,89.51,23.07,143.7,34.82,66.43,Adecuado,Por mejorar,Crítico,Adecuado,Crítico,Crítico,74.84,Ámbar,6.81,Rojo,60.72,2025-03
72461350,Andrés Gutiérrez Chávez,Atención Operativa,Surco,2023-01-15,Activo,2025,03,2025-03,55.0,193.6325,93.50285714285714,6.075,67.12,80.92857142857143,89.0,14.785714285714286,26445.0,23687.0,150.0,70.06,0.0,64.2,54.64,90.0,Adecuado,Por mejorar,Crítico,Crítico,Crítico,Por mejorar,60.72,Rojo,7.0,Rojo,50.4,2025-04
72461350,Andrés Gutiérrez Chávez,Atención Operativa,Surco,2023-01-15,Activo,2025,04,2025-04,45.0,189.22464285714287,94.88678571428571,5.9557142857142855,68.69,79.21428571428571,88.25,14.214285714285714,27133.0,24039.0,0.0,97.74,4.43,79.9,46.07,82.5,Crítico,Por mejorar,Crítico,Por mejorar,Crítico,Por mejorar,50.4,Rojo,6.99,Rojo,61.33,2025-05
72461350,Andrés Gutiérrez Chávez,Atención Operativa,Surco,2023-01-15,Activo,2025,05,2025-05,45.0,197.29142857142858,95.26892857142857,5.963571428571429,69.69,86.28571428571429,87.5,15.821428571428571,25151.0,21937.0,0.0,102.69,3.64,89.9,81.43,75.0,Crítico,Adecuado,Crítico,Por mejorar,Por mejorar,Por mejorar,61.33,Rojo,7.0,Rojo,43.81,2025-06
72461350,Andrés Gutiérrez Chávez,Atención Operativa,Surco,2023-01-15,Activo,2025,06,2025-06,50.0,190.6617857142857,95.60857142857142,5.809285714285714,60.76,79.96428571428571,86.78571428571429,14.357142857142858,27890.0,24286.0,100.0,106.09,19.07,0.6,49.82,67.86,Adecuado,Adecuado,Crítico,Crítico,Crítico,Crítico,43.81,Rojo,6.96,Ámbar,81.36,2025-07
72461350,Andrés Gutiérrez Chávez,Atención Operativa,Surco,2023-01-15,Activo,2025,07,2025-07,55.0,196.63642857142858,94.95071428571428,5.571071428571429,76.96,74.53571428571429,84.71428571428571,13.0,27185.0,23051.0,150.0,99.01,42.89,150.0,22.68,47.14,Adecuado,Por mejorar,Crítico,Adecuado,Crítico,Crítico,81.36,Ámbar,6.99,Rojo,34.22,2025-08
72461350,Andrés Gutiérrez Chávez,Atención Operativa,Surco,2023-01-15,Activo,2025,08,2025-08,45.0,196.4075,94.84178571428572,6.1310714285714285,61.87,80.85714285714286,88.03571428571429,14.535714285714286,25174.0,22068.0,0.0,96.84,0.0,11.7,54.29,80.36,Crítico,Por mejorar,Crítico,Crítico,Crítico,Por mejorar,34.22,Rojo,6.99,Rojo,43.86,2025-09
72461350,Andrés Gutiérrez Chávez,Atención Operativa,Surco,2023-01-15,Activo,2025,09,2025-09,45.0,190.2925,95.42357142857144,6.011785714285715,68.55,76.39285714285714,85.82142857142857,14.107142857142858,26825.0,22982.0,0.0,104.24,0.0,78.5,31.96,58.21,Crítico,Adecuado,Crítico,Por mejorar,Crítico,Crítico,43.86,Rojo,6.87,Rojo,57.54,2025-10
72461350,Andrés Gutiérrez Chávez,Atención Operativa,Surco,2023-01-15,Activo,2025,10,2025-10,45.0,198.51035714285715,95.85714285714286,5.947857142857143,67.83,85.53571428571429,88.39285714285714,15.321428571428571,27898.0,24505.0,0.0,108.57,5.21,71.3,77.68,83.93,Crítico,Adecuado,Crítico,Por mejorar,Por mejorar,Por mejorar,57.54,Rojo,6.88,Ámbar,76.91,2025-11
72461350,Andrés Gutiérrez Chávez,Atención Operativa,Surco,2023-01-15,Activo,2025,11,2025-11,50.0,189.25607142857143,94.90357142857142,5.855357142857143,73.9,80.53571428571429,88.03571428571429,14.107142857142858,26778.0,23594.0,100.0,98.07,14.46,132.0,52.68,80.36,Adecuado,Por mejorar,Crítico,Adecuado,Crítico,Por mejorar,76.91,Ámbar,6.78,Ámbar,71.28,2025-12
72461350,Andrés Gutiérrez Chávez,Atención Operativa,Surco,2023-01-15,Activo,2025,12,2025-12,50.0,195.05285714285714,94.18821428571428,6.047857142857143,77.5,76.32142857142857,87.5,13.214285714285714,26562.0,23130.0,100.0,83.76,0.0,150.0,31.61,75.0,Adecuado,Por mejorar,Crítico,Adecuado,Crítico,Por mejorar,71.28,Ámbar,6.92,Ámbar,84.24,2026-01
72461350,Andrés Gutiérrez Chávez,Atención Operativa,Surco,2023-01-15,Activo,2026,01,2026-01,55.0,194.18857142857144,93.77,6.0060714285714285,76.7,80.92857142857143,91.07142857142857,14.5,26961.0,24573.0,150.0,75.4,0.0,150.0,54.64,105.36,Adecuado,Por mejorar,Crítico,Adecuado,Crítico,Adecuado,84.24,Ámbar,6.96,Ámbar,83.91,2026-02
72461350,Andrés Gutiérrez Chávez,Atención Operativa,Surco,2023-01-15,Activo,2026,02,2026-02,55.0,174.77178571428573,94.94357142857143,6.138214285714286,77.98,80.67857142857143,88.17857142857143,14.785714285714286,27145.0,23770.0,150.0,98.87,0.0,150.0,53.39,81.79,Adecuado,Por mejorar,Crítico,Adecuado,Crítico,Por mejorar,83.91,Ámbar,6.93,Rojo,47.69,2026-03
72461350,Andrés Gutiérrez Chávez,Atención Operativa,Surco,2023-01-15,Activo,2026,03,2026-03,50.0,197.1507142857143,95.2,5.790357142857143,62.02,77.92857142857143,90.17857142857143,14.0,27381.0,24903.0,100.0,102.0,20.96,13.2,39.64,100.89,Adecuado,Adecuado,Crítico,Crítico,Crítico,Adecuado,47.69,Rojo,6.79,Rojo,50.4,2026-04
72563445,Carlos Torres Chávez,Monitoreo de Incidencias,Miraflores,2024-11-22,Activo,2024,01,2024-01,50.0,194.0207142857143,93.69,5.773928571428572,76.94,87.5,87.85714285714286,16.357142857142858,27067.0,23772.0,100.0,73.8,22.61,150.0,87.5,78.57,Adecuado,Por mejorar,Crítico,Adecuado,Por mejorar,Por mejorar,89.13,Ámbar,6.91,Ámbar,74.99,2024-02
72563445,Carlos Torres Chávez,Monitoreo de Incidencias,Miraflores,2024-11-22,Activo,2024,02,2024-02,55.0,181.94,94.88428571428571,6.133928571428571,72.34,82.32142857142857,85.71428571428571,15.535714285714286,25580.0,22040.0,150.0,97.69,0.0,116.4,61.61,57.14,Adecuado,Por mejorar,Crítico,Adecuado,Crítico,Crítico,74.99,Ámbar,6.89,Ámbar,75.17,2024-03
72563445,Carlos Torres Chávez,Monitoreo de Incidencias,Miraflores,2024-11-22,Activo,2024,03,2024-03,50.0,197.54035714285715,95.38857142857142,6.077142857142857,77.88,77.39285714285714,88.03571428571429,13.642857142857142,27846.0,24481.0,100.0,103.89,0.0,150.0,36.96,80.36,Adecuado,Adecuado,Crítico,Adecuado,Crítico,Por mejorar,75.17,Ámbar,6.97,Ámbar,77.38,2024-04
72563445,Carlos Torres Chávez,Monitoreo de Incidencias,Miraflores,2024-11-22,Activo,2024,04,2024-04,50.0,190.96035714285713,95.75785714285715,5.943214285714285,75.59,78.60714285714286,87.5,14.321428571428571,28862.0,25350.0,100.0,107.58,5.68,148.9,43.04,75.0,Adecuado,Adecuado,Crítico,Adecuado,Crítico,Por mejorar,77.38,Ámbar,6.98,Rojo,47.44,2024-05
72563445,Carlos Torres Chávez,Monitoreo de Incidencias,Miraflores,2024-11-22,Activo,2024,05,2024-05,50.0,198.03214285714284,95.62678571428572,5.919642857142857,61.94,81.57142857142857,87.64285714285714,15.178571428571429,27305.0,23902.0,100.0,106.27,8.04,12.4,57.86,76.43,Adecuado,Adecuado,Crítico,Crítico,Crítico,Por mejorar,47.44,Rojo,6.79,Ámbar,72.59,2024-06
72563445,Carlos Torres Chávez,Monitoreo de Incidencias,Miraflores,2024-11-22,Activo,2024,06,2024-06,50.0,190.11607142857142,95.33464285714285,6.010357142857143,76.95,76.75,86.32142857142857,13.857142857142858,26523.0,23051.0,100.0,103.35,0.0,150.0,33.75,63.21,Adecuado,Adecuado,Crítico,Adecuado,Crítico,Crítico,72.59,Ámbar,6.94,Ámbar,81.26,2024-07
72563445,Carlos Torres Chávez,Monitoreo de Incidencias,Miraflores,2024-11-22,Activo,2024,07,2024-07,55.0,196.99964285714285,95.1275,6.0775,78.94,76.53571428571429,90.92857142857143,14.464285714285714,26718.0,24252.0,150.0,101.28,0.0,150.0,32.68,104.64,Adecuado,Adecuado,Crítico,Adecuado,Crítico,Adecuado,81.26,Ámbar,6.99,Rojo,61.51,2024-08
72563445,Carlos Torres Chávez,Monitoreo de Incidencias,Miraflores,2024-11-22,Activo,2024,08,2024-08,45.0,199.38321428571427,96.27892857142857,5.903214285714285,77.52,74.46428571428571,85.21428571428571,13.357142857142858,26148.0,22230.0,0.0,112.79,9.68,150.0,22.32,52.14,Crítico,Adecuado,Crítico,Adecuado,Crítico,Crítico,61.51,Rojo,6.98,Rojo,52.1,2024-09
72563445,Carlos Torres Chávez,Monitoreo de Incidencias,Miraflores,2024-11-22,Activo,2024,09,2024-09,55.0,190.28035714285716,95.41642857142857,5.859285714285714,61.46,82.03571428571429,86.92857142857143,14.357142857142858,28094.0,24474.0,150.0,104.16,14.07,7.6,60.18,69.29,Adecuado,Adecuado,Crítico,Crítico,Crítico,Crítico,52.1,Rojo,6.84,Ámbar,88.53,2024-10
72563445,Carlos Torres Chávez,Monitoreo de Incidencias,Miraflores,2024-11-22,Activo,2024,10,2024-10,55.0,195.1725,94.24535714285715,5.74,77.82,81.64285714285714,87.78571428571429,14.607142857142858,26694.0,23580.0,150.0,84.91,26.0,150.0,58.21,77.86,Adecuado,Por mejorar,Crítico,Adecuado,Crítico,Por mejorar,88.53,Ámbar,6.83,Rojo,65.7,2024-11
72563445,Carlos Torres Chávez,Monitoreo de Incidencias,Miraflores,2024-11-22,Activo,2024,11,2024-11,50.0,189.20928571428573,94.88,6.1,72.67,78.60714285714286,85.25,14.428571428571429,25039.0,21286.0,100.0,97.6,0.0,119.7,43.04,52.5,Adecuado,Por mejorar,Crítico,Adecuado,Crítico,Crítico,65.7,Rojo,6.93,Rojo,57.62,2024-12
72563445,Carlos Torres Chávez,Monitoreo de Incidencias,Miraflores,2024-11-22,Activo,2024,12,2024-12,50.0,198.70928571428573,95.95321428571428,5.953214285714286,68.91,79.39285714285714,83.46428571428571,14.535714285714286,26490.0,22095.0,100.0,109.53,4.68,82.1,46.96,34.64,Adecuado,Adecuado,Crítico,Por mejorar,Crítico,Crítico,57.62,Rojo,6.88,Rojo,44.55,2025-01
72563445,Carlos Torres Chávez,Monitoreo de Incidencias,Miraflores,2024-11-22,Activo,2025,01,2025-01,45.0,196.34678571428572,94.8125,5.855,67.3,75.82142857142857,88.25,13.357142857142858,27086.0,23989.0,0.0,96.25,14.5,66.0,29.11,82.5,Crítico,Por mejorar,Crítico,Crítico,Crítico,Por mejorar,44.55,Rojo,6.89,Ámbar,79.36,2025-02
72563445,Carlos Torres Chávez,Monitoreo de Incidencias,Miraflores,2024-11-22,Activo,2025,02,2025-02,50.0,175.5817857142857,95.38321428571429,5.980357142857143,75.07,81.78571428571429,87.92857142857143,15.25,27116.0,23748.0,100.0,103.83,1.96,143.7,58.93,79.29,Adecuado,Adecuado,Crítico,Adecuado,Crítico,Por mejorar,79.36,Ámbar,6.99,Rojo,55.72,2025-03
72563445,Carlos Torres Chávez,Monitoreo de Incidencias,Miraflores,2024-11-22,Activo,2025,03,2025-03,55.0,195.72214285714287,94.51,6.011785714285715,67.12,76.89285714285714,87.03571428571429,13.5,26435.0,22965.0,150.0,90.2,0.0,64.2,34.46,70.36,Adecuado,Por mejorar,Crítico,Crítico,Crítico,Por mejorar,55.72,Rojo,6.98,Rojo,61.14,2025-04
72563445,Carlos Torres Chávez,Monitoreo de Incidencias,Miraflores,2024-11-22,Activo,2025,04,2025-04,50.0,189.42392857142858,94.98714285714286,6.008571428571429,68.69,79.89285714285714,88.82142857142857,14.321428571428571,25279.0,22458.0,100.0,99.74,0.0,79.9,49.46,88.21,Adecuado,Por mejorar,Crítico,Por mejorar,Crítico,Por mejorar,61.14,Rojo,6.81,Rojo,65.31,2025-05
72563445,Carlos Torres Chávez,Monitoreo de Incidencias,Miraflores,2024-11-22,Activo,2025,05,2025-05,50.0,198.49785714285716,95.85035714285715,6.001071428571429,69.69,81.07142857142857,88.14285714285714,14.75,26820.0,23543.0,100.0,108.5,0.0,89.9,55.36,81.43,Adecuado,Adecuado,Crítico,Por mejorar,Crítico,Por mejorar,65.31,Rojo,6.99,Rojo,32.2,2025-06
72563445,Carlos Torres Chávez,Monitoreo de Incidencias,Miraflores,2024-11-22,Activo,2025,06,2025-06,50.0,188.5192857142857,94.53392857142858,6.063571428571429,60.76,74.64285714285714,87.17857142857143,14.035714285714286,25899.0,22567.0,100.0,90.68,0.0,0.6,23.21,71.79,Adecuado,Por mejorar,Crítico,Crítico,Crítico,Por mejorar,32.2,Rojo,6.95,Ámbar,72.72,2025-07
72563445,Carlos Torres Chávez,Monitoreo de Incidencias,Miraflores,2024-11-22,Activo,2025,07,2025-07,50.0,197.90928571428572,95.56607142857143,6.101428571428571,76.96,77.46428571428571,85.32142857142857,14.285714285714286,27144.0,23055.0,100.0,105.66,0.0,150.0,37.32,53.21,Adecuado,Adecuado,Crítico,Adecuado,Crítico,Crítico,72.72,Ámbar,6.98,Rojo,48.39,2025-08
72563445,Carlos Torres Chávez,Monitoreo de Incidencias,Miraflores,2024-11-22,Activo,2025,08,2025-08,55.0,194.56464285714284,93.9525,5.978571428571429,61.87,81.10714285714286,88.25,14.75,26333.0,23022.0,150.0,79.05,2.14,11.7,55.54,82.5,Adecuado,Por mejorar,Crítico,Crítico,Crítico,Por mejorar,48.39,Rojo,6.94,Rojo,66.68,2025-09
72563445,Carlos Torres Chávez,Monitoreo de Incidencias,Miraflores,2024-11-22,Activo,2025,09,2025-09,55.0,188.72071428571428,94.63428571428571,5.883571428571429,68.55,79.82142857142857,88.17857142857143,15.035714285714286,27650.0,24331.0,150.0,92.69,11.64,78.5,49.11,81.79,Adecuado,Por mejorar,Crítico,Por mejorar,Crítico,Por mejorar,66.68,Rojo,6.91,Rojo,64.03,2025-10
72563445,Carlos Torres Chávez,Monitoreo de Incidencias,Miraflores,2024-11-22,Activo,2025,10,2025-10,50.0,196.93892857142856,95.09857142857143,5.9175,67.83,81.53571428571429,90.07142857142857,15.321428571428571,26712.0,23999.0,100.0,100.99,8.25,71.3,57.68,100.36,Adecuado,Adecuado,Crítico,Por mejorar,Crítico,Adecuado,64.03,Rojo,6.94,Ámbar,71.66,2025-11
72563445,Carlos Torres Chávez,Monitoreo de Incidencias,Miraflores,2024-11-22,Activo,2025,11,2025-11,50.0,188.97392857142856,94.7625,5.850714285714286,73.9,77.46428571428571,86.82142857142857,14.178571428571429,27283.0,23713.0,100.0,95.25,14.93,132.0,37.32,68.21,Adecuado,Por mejorar,Crítico,Adecuado,Crítico,Crítico,71.66,Ámbar,6.83,Ámbar,76.27,2025-12
72563445,Carlos Torres Chávez,Monitoreo de Incidencias,Miraflores,2024-11-22,Activo,2025,12,2025-12,50.0,196.61142857142858,94.93964285714286,5.9835714285714285,77.5,77.39285714285714,89.32142857142857,14.321428571428571,26169.0,23421.0,100.0,98.79,1.64,150.0,36.96,93.21,Adecuado,Por mejorar,Crítico,Adecuado,Crítico,Por mejorar,76.27,Ámbar,6.92,Ámbar,72.92,2026-01
72563445,Carlos Torres Chávez,Monitoreo de Incidencias,Miraflores,2024-11-22,Activo,2026,01,2026-01,50.0,197.99464285714285,95.60785714285714,6.015714285714286,76.7,76.53571428571429,86.64285714285714,13.535714285714286,25702.0,22298.0,100.0,106.08,0.0,150.0,32.68,66.43,Adecuado,Adecuado,Crítico,Adecuado,Crítico,Crítico,72.92,Ámbar,6.94,Ámbar,70.44,2026-02
72563445,Carlos Torres Chávez,Monitoreo de Incidencias,Miraflores,2024-11-22,Activo,2026,02,2026-02,45.0,174.12357142857144,94.59178571428572,5.911071428571429,77.98,79.21428571428571,90.92857142857143,14.25,28121.0,25664.0,0.0,91.84,8.89,150.0,46.07,104.64,Crítico,Por mejorar,Crítico,Adecuado,Crítico,Adecuado,70.44,Ámbar,6.98,Rojo,43.65,2026-03
72563445,Carlos Torres Chávez,Monitoreo de Incidencias,Miraflores,2024-11-22,Activo,2026,03,2026-03,45.0,198.13607142857143,95.67678571428571,5.918214285714286,62.02,86.14285714285714,87.85714285714286,15.535714285714286,27474.0,24132.0,0.0,106.77,8.18,13.2,80.71,78.57,Crítico,Adecuado,Crítico,Crítico,Por mejorar,Por mejorar,43.65,Rojo,7.0,Rojo,45.11,2026-04
72783150,Valeria Chávez Mamani,Atención Operativa,San Isidro,2024-04-23,Activo,2024,01,2024-01,45.0,195.97964285714286,94.63571428571429,6.144642857142857,76.94,80.07142857142857,88.64285714285714,14.892857142857142,26613.0,23577.0,0.0,92.71,0.0,150.0,50.36,86.43,Crítico,Por mejorar,Crítico,Adecuado,Crítico,Por mejorar,68.0,Rojo,6.98,Ámbar,70.3,2024-02
72783150,Valeria Chávez Mamani,Atención Operativa,San Isidro,2024-04-23,Activo,2024,02,2024-02,50.0,180.93571428571428,94.36035714285714,6.022142857142857,72.34,81.60714285714286,87.96428571428571,14.642857142857142,26955.0,23594.0,100.0,87.21,0.0,116.4,58.04,79.64,Adecuado,Por mejorar,Crítico,Adecuado,Crítico,Por mejorar,70.3,Ámbar,7.0,Ámbar,88.08,2024-03
72783150,Valeria Chávez Mamani,Atención Operativa,San Isidro,2024-04-23,Activo,2024,03,2024-03,55.0,196.70642857142857,94.98535714285714,5.855357142857143,77.88,82.28571428571429,87.35714285714286,15.214285714285714,26017.0,22800.0,150.0,99.71,14.46,150.0,61.43,73.57,Adecuado,Por mejorar,Crítico,Adecuado,Crítico,Por mejorar,88.08,Ámbar,6.93,Ámbar,87.27,2024-04
72783150,Valeria Chávez Mamani,Atención Operativa,San Isidro,2024-04-23,Activo,2024,04,2024-04,55.0,190.41714285714286,95.48535714285714,5.978928571428572,75.59,83.67857142857143,87.03571428571429,15.142857142857142,27548.0,24159.0,150.0,104.85,2.11,148.9,68.39,70.36,Adecuado,Adecuado,Crítico,Adecuado,Crítico,Por mejorar,87.27,Ámbar,6.94,Rojo,54.02,2024-05
72783150,Valeria Chávez Mamani,Atención Operativa,San Isidro,2024-04-23,Activo,2024,05,2024-05,55.0,198.04535714285714,95.6325,5.896071428571428,61.94,83.71428571428571,86.07142857142857,15.285714285714286,25861.0,22259.0,150.0,106.33,10.39,12.4,68.57,60.71,Adecuado,Adecuado,Crítico,Crítico,Crítico,Crítico,54.02,Rojo,6.96,Rojo,60.25,2024-06
72783150,Valeria Chávez Mamani,Atención Operativa,San Isidro,2024-04-23,Activo,2024,06,2024-06,45.0,189.68392857142857,95.11857142857143,5.905714285714286,76.95,76.14285714285714,83.07142857142857,13.678571428571429,24193.0,19950.0,0.0,101.19,9.43,150.0,30.71,30.71,Crítico,Adecuado,Crítico,Adecuado,Crítico,Crítico,60.25,Rojo,6.68,Ámbar,72.57,2024-07
72783150,Valeria Chávez Mamani,Atención Operativa,San Isidro,2024-04-23,Activo,2024,07,2024-07,50.0,197.69178571428571,95.4625,6.087857142857143,78.94,75.28571428571429,88.0,13.464285714285714,26090.0,23066.0,100.0,104.63,0.0,150.0,26.43,80.0,Adecuado,Adecuado,Crítico,Adecuado,Crítico,Por mejorar,72.57,Ámbar,6.97,Ámbar,76.68,2024-08
72783150,Valeria Chávez Mamani,Atención Operativa,San Isidro,2024-04-23,Activo,2024,08,2024-08,50.0,197.26107142857143,95.25321428571428,5.975714285714286,77.52,78.89285714285714,87.32142857142857,14.392857142857142,27759.0,24153.0,100.0,102.53,2.43,150.0,44.46,73.21,Adecuado,Adecuado,Crítico,Adecuado,Crítico,Por mejorar,76.68,Ámbar,6.92,Rojo,43.59,2024-09
72783150,Valeria Chávez Mamani,Atención Operativa,San Isidro,2024-04-23,Activo,2024,09,2024-09,50.0,188.27392857142857,94.41107142857143,5.991071428571429,61.46,80.10714285714286,90.10714285714286,14.392857142857142,27549.0,24654.0,100.0,88.22,0.89,7.6,50.54,100.54,Adecuado,Por mejorar,Crítico,Crítico,Crítico,Adecuado,43.59,Rojo,6.99,Ámbar,71.23,2024-10
72783150,Valeria Chávez Mamani,Atención Operativa,San Isidro,2024-04-23,Activo,2024,10,2024-10,45.0,198.4225,95.81464285714286,6.0303571428571425,77.82,81.35714285714286,88.71428571428571,14.428571428571429,26172.0,23112.0,0.0,108.15,0.0,150.0,56.79,87.14,Crítico,Adecuado,Crítico,Adecuado,Crítico,Por mejorar,71.23,Ámbar,6.99,Ámbar,79.25,2024-11
72783150,Valeria Chávez Mamani,Atención Operativa,San Isidro,2024-04-23,Activo,2024,11,2024-11,55.0,190.3242857142857,95.43928571428572,5.951428571428571,72.67,82.21428571428571,87.64285714285714,15.5,26854.0,23490.0,150.0,104.39,4.86,119.7,61.07,76.43,Adecuado,Adecuado,Crítico,Adecuado,Crítico,Por mejorar,79.25,Ámbar,6.87,Rojo,58.49,2024-12
72783150,Valeria Chávez Mamani,Atención Operativa,San Isidro,2024-04-23,Activo,2024,12,2024-12,45.0,199.3592857142857,96.2675,5.979642857142857,68.91,83.71428571428571,89.14285714285714,14.785714285714286,25264.0,22623.0,0.0,112.68,2.04,82.1,68.57,91.43,Crítico,Adecuado,Crítico,Por mejorar,Crítico,Por mejorar,58.49,Rojo,6.97,Rojo,54.2,2025-01
72783150,Valeria Chávez Mamani,Atención Operativa,San Isidro,2024-04-23,Activo,2025,01,2025-01,50.0,197.0475,95.15,6.043571428571429,67.3,77.78571428571429,87.82142857142857,14.5,25877.0,22586.0,100.0,101.5,0.0,66.0,38.93,78.21,Adecuado,Adecuado,Crítico,Crítico,Crítico,Por mejorar,54.2,Rojo,6.96,Ámbar,86.65,2025-02
72783150,Valeria Chávez Mamani,Atención Operativa,San Isidro,2024-04-23,Activo,2025,02,2025-02,55.0,176.00285714285715,95.61178571428572,6.0496428571428575,75.07,84.32142857142857,87.21428571428571,15.392857142857142,27318.0,23760.0,150.0,106.12,0.0,143.7,71.61,72.14,Adecuado,Adecuado,Crítico,Adecuado,Por mejorar,Por mejorar,86.65,Ámbar,6.97,Rojo,61.56,2025-03
72783150,Valeria Chávez Mamani,Atención Operativa,San Isidro,2024-04-23,Activo,2025,03,2025-03,50.0,197.52285714285713,95.38142857142857,5.9475,67.12,82.32142857142857,88.67857142857143,14.714285714285714,25106.0,22165.0,100.0,103.81,5.25,64.2,61.61,86.79,Adecuado,Adecuado,Crítico,Crítico,Crítico,Por mejorar,61.56,Rojo,6.95,Ámbar,70.94,2025-04
72783150,Valeria Chávez Mamani,Atención Operativa,San Isidro,2024-04-23,Activo,2025,04,2025-04,55.0,189.91892857142858,95.23535714285714,5.874642857142857,68.69,81.89285714285714,88.35714285714286,14.964285714285714,25482.0,22544.0,150.0,102.35,12.54,79.9,59.46,83.57,Adecuado,Adecuado,Crítico,Por mejorar,Crítico,Por mejorar,70.94,Ámbar,6.96,Rojo,51.99,2025-05
72783150,Valeria Chávez Mamani,Atención Operativa,San Isidro,2024-04-23,Activo,2025,05,2025-05,45.0,196.25642857142856,94.76892857142857,6.1310714285714285,69.69,78.17857142857143,89.75,13.678571428571429,26275.0,23546.0,0.0,95.38,0.0,89.9,40.89,97.5,Crítico,Por mejorar,Crítico,Por mejorar,Crítico,Por mejorar,51.99,Rojo,6.98,Rojo,39.28,2025-06
72783150,Valeria Chávez Mamani,Atención Operativa,San Isidro,2024-04-23,Activo,2025,06,2025-06,50.0,190.0625,95.30642857142857,5.916428571428572,60.76,77.46428571428571,87.82142857142857,13.678571428571429,26240.0,22976.0,100.0,103.06,8.36,0.6,37.32,78.21,Adecuado,Adecuado,Crítico,Crítico,Crítico,Por mejorar,39.28,Rojo,6.86,Ámbar,85.07,2025-07
72783150,Valeria Chávez Mamani,Atención Operativa,San Isidro,2024-04-23,Activo,2025,07,2025-07,55.0,200.04357142857143,96.59642857142858,5.811428571428571,76.96,78.96428571428571,86.0,14.535714285714286,25062.0,21586.0,150.0,115.96,18.86,150.0,44.82,60.0,Adecuado,Adecuado,Crítico,Adecuado,Crítico,Crítico,85.07,Ámbar,6.86,Rojo,44.38,2025-08
72783150,Valeria Chávez Mamani,Atención Operativa,San Isidro,2024-04-23,Activo,2025,08,2025-08,55.0,196.46,94.86821428571429,6.070714285714286,61.87,76.17857142857143,89.0,13.428571428571429,25625.0,22902.0,150.0,97.36,0.0,11.7,30.89,90.0,Adecuado,Por mejorar,Crítico,Crítico,Crítico,Por mejorar,44.38,Rojo,6.98,Rojo,52.85,2025-09
72783150,Valeria Chávez Mamani,Atención Operativa,San Isidro,2024-04-23,Activo,2025,09,2025-09,50.0,189.12821428571428,94.83785714285715,6.105357142857143,68.55,75.32142857142857,86.89285714285714,13.392857142857142,27164.0,23530.0,100.0,96.76,0.0,78.5,26.61,68.93,Adecuado,Por mejorar,Crítico,Por mejorar,Crítico,Crítico,52.85,Rojo,6.95,Rojo,62.89,2025-10
72783150,Valeria Chávez Mamani,Atención Operativa,San Isidro,2024-04-23,Activo,2025,10,2025-10,55.0,198.21678571428572,95.71535714285714,6.004642857142857,67.83,79.25,87.78571428571429,14.571428571428571,28565.0,24833.0,150.0,107.15,0.0,71.3,46.25,77.86,Adecuado,Adecuado,Crítico,Por mejorar,Crítico,Por mejorar,62.89,Rojo,7.0,Ámbar,71.27,2025-11
72783150,Valeria Chávez Mamani,Atención Operativa,San Isidro,2024-04-23,Activo,2025,11,2025-11,50.0,187.275,93.90964285714286,6.0303571428571425,73.9,80.5,87.32142857142857,14.714285714285714,28633.0,25063.0,100.0,78.19,0.0,132.0,52.5,73.21,Adecuado,Por mejorar,Crítico,Adecuado,Crítico,Por mejorar,71.27,Ámbar,6.96,Ámbar,71.85,2025-12
72783150,Valeria Chávez Mamani,Atención Operativa,San Isidro,2024-04-23,Activo,2025,12,2025-12,45.0,197.82214285714286,95.52392857142857,5.917857142857143,77.5,80.85714285714286,88.60714285714286,14.75,26059.0,23088.0,0.0,105.24,8.21,150.0,54.29,86.07,Crítico,Adecuado,Crítico,Adecuado,Crítico,Por mejorar,71.85,Ámbar,6.98,Rojo,66.08,2026-01
72783150,Valeria Chávez Mamani,Atención Operativa,San Isidro,2024-04-23,Activo,2026,01,2026-01,45.0,196.22607142857143,94.75321428571428,5.975,76.7,80.14285714285714,85.89285714285714,14.821428571428571,26071.0,22116.0,0.0,95.06,2.5,150.0,50.71,58.93,Crítico,Por mejorar,Crítico,Adecuado,Crítico,Crítico,66.08,Rojo,7.0,Ámbar,85.85,2026-02
72783150,Valeria Chávez Mamani,Atención Operativa,San Isidro,2024-04-23,Activo,2026,02,2026-02,55.0,175.87714285714284,95.54392857142857,5.858928571428572,77.98,78.64285714285714,89.17857142857143,13.821428571428571,28826.0,25823.0,150.0,105.44,14.11,150.0,43.21,91.79,Adecuado,Adecuado,Crítico,Adecuado,Crítico,Por mejorar,85.85,Ámbar,6.91,Rojo,29.17,2026-03
72783150,Valeria Chávez Mamani,Atención Operativa,San Isidro,2024-04-23,Activo,2026,03,2026-03,45.0,197.2992857142857,95.27321428571429,5.845,62.02,76.42857142857143,84.46428571428571,13.785714285714286,26991.0,22602.0,0.0,102.73,15.5,13.2,32.14,44.64,Crítico,Adecuado,Crítico,Crítico,Crítico,Crítico,29.17,Rojo,6.87,Rojo,49.45,2026-04
73724388,Karla Mamani Torres,Central de Emergencias,Surco,2024-12-27,Activo,2024,01,2024-01,50.0,197.59607142857143,95.41571428571429,5.82,76.94,80.96428571428571,88.0,15.071428571428571,26810.0,23665.0,100.0,104.16,18.0,150.0,54.82,80.0,Adecuado,Adecuado,Crítico,Adecuado,Crítico,Por mejorar,83.22,Ámbar,6.97,Ámbar,75.2,2024-02
73724388,Karla Mamani Torres,Central de Emergencias,Surco,2024-12-27,Activo,2024,02,2024-02,55.0,182.17,95.00357142857143,5.792857142857143,72.34,75.53571428571429,90.07142857142857,14.178571428571429,26818.0,24260.0,150.0,100.04,20.71,116.4,27.68,100.36,Adecuado,Adecuado,Crítico,Adecuado,Crítico,Adecuado,75.2,Ámbar,6.89,Ámbar,70.8,2024-03
73724388,Karla Mamani Torres,Central de Emergencias,Surco,2024-12-27,Activo,2024,03,2024-03,55.0,196.19107142857143,94.73821428571429,6.249642857142857,77.88,70.57142857142857,88.10714285714286,12.785714285714286,25518.0,22460.0,150.0,94.76,0.0,150.0,2.86,81.07,Adecuado,Por mejorar,Crítico,Adecuado,Crítico,Por mejorar,70.8,Ámbar,6.99,Ámbar,70.3,2024-04
73724388,Karla Mamani Torres,Central de Emergencias,Surco,2024-12-27,Activo,2024,04,2024-04,50.0,189.43107142857144,94.99178571428571,5.956428571428571,75.59,73.42857142857143,87.92857142857143,13.464285714285714,27312.0,23914.0,100.0,99.84,4.36,148.9,17.14,79.29,Adecuado,Por mejorar,Crítico,Adecuado,Crítico,Por mejorar,70.3,Ámbar,6.97,Rojo,47.38,2024-05
73724388,Karla Mamani Torres,Central de Emergencias,Surco,2024-12-27,Activo,2024,05,2024-05,55.0,197.92785714285714,95.57607142857142,6.0339285714285715,61.94,79.39285714285714,86.96428571428571,14.607142857142858,26175.0,22664.0,150.0,105.76,0.0,12.4,46.96,69.64,Adecuado,Adecuado,Crítico,Crítico,Crítico,Crítico,47.38,Rojo,6.98,Ámbar,75.81,2024-06
73724388,Karla Mamani Torres,Central de Emergencias,Surco,2024-12-27,Activo,2024,06,2024-06,50.0,190.33142857142857,95.44142857142857,6.023214285714285,76.95,79.64285714285714,85.82142857142857,14.357142857142858,24463.0,20844.0,100.0,104.41,0.0,150.0,48.21,58.21,Adecuado,Adecuado,Crítico,Adecuado,Crítico,Crítico,75.81,Ámbar,6.98,Ámbar,76.18,2024-07
73724388,Karla Mamani Torres,Central de Emergencias,Surco,2024-12-27,Activo,2024,07,2024-07,50.0,195.305,94.31035714285714,6.0007142857142854,78.94,79.35714285714286,88.35714285714286,13.785714285714286,26086.0,23027.0,100.0,86.21,0.0,150.0,46.79,83.57,Adecuado,Por mejorar,Crítico,Adecuado,Crítico,Por mejorar,76.18,Ámbar,6.92,Ámbar,80.23,2024-08
73724388,Karla Mamani Torres,Central de Emergencias,Surco,2024-12-27,Activo,2024,08,2024-08,50.0,195.3617857142857,94.33571428571429,5.876428571428572,77.52,80.5,88.46428571428571,14.071428571428571,26462.0,23247.0,100.0,86.71,12.36,150.0,52.5,84.64,Adecuado,Por mejorar,Crítico,Adecuado,Crítico,Por mejorar,80.23,Ámbar,6.96,Rojo,27.29,2024-09
73724388,Karla Mamani Torres,Central de Emergencias,Surco,2024-12-27,Activo,2024,09,2024-09,45.0,189.3192857142857,94.93464285714286,5.939285714285714,61.46,74.78571428571429,88.32142857142857,13.071428571428571,25920.0,23004.0,0.0,98.69,6.07,7.6,23.93,83.21,Crítico,Por mejorar,Crítico,Crítico,Crítico,Por mejorar,27.29,Rojo,6.85,Ámbar,77.19,2024-10
73724388,Karla Mamani Torres,Central de Emergencias,Surco,2024-12-27,Activo,2024,10,2024-10,50.0,197.66571428571427,95.44928571428571,5.9471428571428575,77.82,78.85714285714286,87.10714285714286,14.285714285714286,25466.0,22339.0,100.0,104.49,5.29,150.0,44.29,71.07,Adecuado,Adecuado,Crítico,Adecuado,Crítico,Por mejorar,77.19,Ámbar,6.99,Ámbar,80.27,2024-11
73724388,Karla Mamani Torres,Central de Emergencias,Surco,2024-12-27,Activo,2024,11,2024-11,55.0,189.59357142857144,95.07214285714285,5.823214285714286,72.67,82.39285714285714,86.25,14.642857142857142,26815.0,23002.0,150.0,100.72,17.68,119.7,61.96,62.5,Adecuado,Adecuado,Crítico,Adecuado,Crítico,Crítico,80.27,Ámbar,6.99,Ámbar,71.07,2024-12
73724388,Karla Mamani Torres,Central de Emergencias,Surco,2024-12-27,Activo,2024,12,2024-12,50.0,196.39464285714286,94.835,5.916071428571429,68.91,85.78571428571429,89.46428571428571,15.535714285714286,27609.0,24884.0,100.0,96.7,8.39,82.1,78.93,94.64,Adecuado,Por mejorar,Crítico,Por mejorar,Por mejorar,Por mejorar,71.07,Ámbar,7.0,Rojo,61.52,2025-01
73724388,Karla Mamani Torres,Central de Emergencias,Surco,2024-12-27,Activo,2025,01,2025-01,50.0,196.60964285714286,94.93857142857142,5.977142857142857,67.3,81.46428571428571,90.71428571428571,15.107142857142858,26629.0,24209.0,100.0,98.77,2.29,66.0,57.32,103.57,Adecuado,Por mejorar,Crítico,Crítico,Crítico,Adecuado,61.52,Rojo,6.94,Rojo,63.86,2025-02
73724388,Karla Mamani Torres,Central de Emergencias,Surco,2024-12-27,Activo,2025,02,2025-02,45.0,174.34071428571428,94.70892857142857,5.934642857142857,75.07,77.10714285714286,88.32142857142857,14.392857142857142,25678.0,22652.0,0.0,94.18,6.54,143.7,35.54,83.21,Crítico,Por mejorar,Crítico,Adecuado,Crítico,Por mejorar,63.86,Rojo,7.0,Rojo,51.51,2025-03
73724388,Karla Mamani Torres,Central de Emergencias,Surco,2024-12-27,Activo,2025,03,2025-03,45.0,198.58107142857142,95.89107142857142,5.791428571428572,67.12,79.42857142857143,88.60714285714286,14.571428571428571,27912.0,24681.0,0.0,108.91,20.86,64.2,47.14,86.07,Crítico,Adecuado,Crítico,Crítico,Crítico,Por mejorar,51.51,Rojo,6.81,Rojo,53.16,2025-04
73724388,Karla Mamani Torres,Central de Emergencias,Surco,2024-12-27,Activo,2025,04,2025-04,50.0,188.65285714285713,94.60107142857143,6.005714285714285,68.69,75.78571428571429,86.75,13.714285714285714,26876.0,23213.0,100.0,92.02,0.0,79.9,28.93,67.5,Adecuado,Por mejorar,Crítico,Por mejorar,Crítico,Crítico,53.16,Rojo,7.0,Rojo,64.92,2025-05
73724388,Karla Mamani Torres,Central de Emergencias,Surco,2024-12-27,Activo,2025,05,2025-05,50.0,194.81607142857143,94.07321428571429,5.866071428571429,69.69,82.46428571428571,86.03571428571429,15.214285714285714,25988.0,22271.0,100.0,81.46,13.39,89.9,62.32,60.36,Adecuado,Por mejorar,Crítico,Por mejorar,Crítico,Crítico,64.92,Rojo,6.91,Rojo,40.33,2025-06
73724388,Karla Mamani Torres,Central de Emergencias,Surco,2024-12-27,Activo,2025,06,2025-06,50.0,187.7707142857143,94.15857142857143,5.8464285714285715,60.76,81.03571428571429,85.0,14.464285714285714,26164.0,22251.0,100.0,83.17,15.36,0.6,55.18,50.0,Adecuado,Por mejorar,Crítico,Crítico,Crítico,Crítico,40.33,Rojo,6.98,Ámbar,79.95,2025-07
73724388,Karla Mamani Torres,Central de Emergencias,Surco,2024-12-27,Activo,2025,07,2025-07,50.0,197.17964285714285,95.215,5.859285714285714,76.96,80.25,86.60714285714286,13.964285714285714,26240.0,22770.0,100.0,102.15,14.07,150.0,51.25,66.07,Adecuado,Adecuado,Crítico,Adecuado,Crítico,Crítico,79.95,Ámbar,6.93,Rojo,44.01,2025-08
73724388,Karla Mamani Torres,Central de Emergencias,Surco,2024-12-27,Activo,2025,08,2025-08,50.0,196.09857142857143,94.69285714285714,5.92,61.87,81.53571428571429,85.67857142857143,14.928571428571429,26177.0,22415.0,100.0,93.86,8.0,11.7,57.68,56.79,Adecuado,Por mejorar,Crítico,Crítico,Crítico,Crítico,44.01,Rojo,6.99,Ámbar,70.82,2025-09
73724388,Karla Mamani Torres,Central de Emergencias,Surco,2024-12-27,Activo,2025,09,2025-09,55.0,189.25571428571428,94.90392857142857,5.782857142857143,68.55,80.17857142857143,89.32142857142857,14.928571428571429,27715.0,24851.0,150.0,98.08,21.71,78.5,50.89,93.21,Adecuado,Por mejorar,Crítico,Por mejorar,Crítico,Por mejorar,70.82,Ámbar,6.75,Rojo,42.35,2025-10
73724388,Karla Mamani Torres,Central de Emergencias,Surco,2024-12-27,Activo,2025,10,2025-10,45.0,194.90428571428572,94.11607142857143,5.967142857142857,67.83,76.25,87.82142857142857,13.857142857142858,26053.0,22974.0,0.0,82.32,3.29,71.3,31.25,78.21,Crítico,Por mejorar,Crítico,Por mejorar,Crítico,Por mejorar,42.35,Rojo,6.88,Ámbar,82.94,2025-11
73724388,Karla Mamani Torres,Central de Emergencias,Surco,2024-12-27,Activo,2025,11,2025-11,55.0,191.74107142857142,96.14857142857143,6.001428571428572,73.9,81.89285714285714,88.92857142857143,14.964285714285714,26298.0,23590.0,150.0,111.49,0.0,132.0,59.46,89.29,Adecuado,Adecuado,Crítico,Adecuado,Crítico,Por mejorar,82.94,Ámbar,6.95,Ámbar,86.97,2025-12
73724388,Karla Mamani Torres,Central de Emergencias,Surco,2024-12-27,Activo,2025,12,2025-12,55.0,196.3582142857143,94.81785714285714,5.8932142857142855,77.5,82.21428571428571,87.42857142857143,15.142857142857142,27455.0,23853.0,150.0,96.36,10.68,150.0,61.07,74.29,Adecuado,Por mejorar,Crítico,Adecuado,Crítico,Por mejorar,86.97,Ámbar,6.91,Ámbar,87.59,2026-01
73724388,Karla Mamani Torres,Central de Emergencias,Surco,2024-12-27,Activo,2026,01,2026-01,50.0,197.49642857142857,95.3675,5.786428571428571,76.7,83.35714285714286,88.75,14.607142857142858,25549.0,22569.0,100.0,103.68,21.36,150.0,66.79,87.5,Adecuado,Adecuado,Crítico,Adecuado,Crítico,Por mejorar,87.59,Ámbar,6.75,Ámbar,84.67,2026-02
73724388,Karla Mamani Torres,Central de Emergencias,Surco,2024-12-27,Activo,2026,02,2026-02,50.0,174.50964285714286,94.80178571428571,5.856071428571429,77.98,83.17857142857143,88.21428571428571,15.178571428571429,26456.0,23275.0,100.0,96.04,14.39,150.0,65.89,82.14,Adecuado,Por mejorar,Crítico,Adecuado,Crítico,Por mejorar,84.67,Ámbar,6.88,Rojo,31.36,2026-03
73724388,Karla Mamani Torres,Central de Emergencias,Surco,2024-12-27,Activo,2026,03,2026-03,45.0,194.69,94.01142857142857,5.8585714285714285,62.02,75.53571428571429,90.57142857142857,13.964285714285714,26111.0,23656.0,0.0,80.23,14.14,13.2,27.68,102.86,Crítico,Por mejorar,Crítico,Crítico,Crítico,Adecuado,31.36,Rojo,6.92,Rojo,51.88,2026-04
74210409,Claudia Rodríguez Chávez,Monitoreo de Incidencias,Miraflores,2023-11-15,Activo,2024,01,2024-01,45.0,195.45892857142857,94.38357142857143,5.956071428571429,76.94,81.92857142857143,88.0,14.928571428571429,25679.0,22544.0,0.0,87.67,4.39,150.0,59.64,80.0,Crítico,Por mejorar,Crítico,Adecuado,Crítico,Por mejorar,70.06,Ámbar,6.98,Rojo,60.99,2024-02
74210409,Claudia Rodríguez Chávez,Monitoreo de Incidencias,Miraflores,2023-11-15,Activo,2024,02,2024-02,55.0,179.9842857142857,93.86357142857143,6.1121428571428575,72.34,73.78571428571429,84.42857142857143,13.357142857142858,26870.0,22767.0,150.0,77.27,0.0,116.4,18.93,44.29,Adecuado,Por mejorar,Crítico,Adecuado,Crítico,Crítico,60.99,Rojo,6.91,Ámbar,77.87,2024-03
74210409,Claudia Rodríguez Chávez,Monitoreo de Incidencias,Miraflores,2023-11-15,Activo,2024,03,2024-03,50.0,195.43107142857144,94.37,5.9592857142857145,77.88,79.53571428571429,88.89285714285714,14.857142857142858,28281.0,25342.0,100.0,87.4,4.07,150.0,47.68,88.93,Adecuado,Por mejorar,Crítico,Adecuado,Crítico,Por mejorar,77.87,Ámbar,6.94,Ámbar,75.71,2024-04
74210409,Claudia Rodríguez Chávez,Monitoreo de Incidencias,Miraflores,2023-11-15,Activo,2024,04,2024-04,50.0,190.71928571428572,95.63678571428571,5.9367857142857146,75.59,76.60714285714286,88.32142857142857,13.642857142857142,27731.0,24691.0,100.0,106.37,6.32,148.9,33.04,83.21,Adecuado,Adecuado,Crítico,Adecuado,Crítico,Por mejorar,75.71,Ámbar,6.99,Rojo,35.26,2024-05
74210409,Claudia Rodríguez Chávez,Monitoreo de Incidencias,Miraflores,2023-11-15,Activo,2024,05,2024-05,45.0,196.87035714285713,95.06464285714286,6.101428571428571,61.94,82.96428571428571,85.89285714285714,15.035714285714286,26064.0,22327.0,0.0,100.65,0.0,12.4,64.82,58.93,Crítico,Adecuado,Crítico,Crítico,Crítico,Crítico,35.26,Rojo,6.99,Ámbar,81.09,2024-06
74210409,Claudia Rodríguez Chávez,Monitoreo de Incidencias,Miraflores,2023-11-15,Activo,2024,06,2024-06,50.0,190.81571428571428,95.68571428571428,6.0225,76.95,80.03571428571429,90.71428571428571,14.285714285714286,27197.0,24461.0,100.0,106.86,0.0,150.0,50.18,103.57,Adecuado,Adecuado,Crítico,Adecuado,Crítico,Adecuado,81.09,Ámbar,6.95,Ámbar,81.01,2024-07
74210409,Claudia Rodríguez Chávez,Monitoreo de Incidencias,Miraflores,2023-11-15,Activo,2024,07,2024-07,50.0,198.22071428571428,95.7175,6.1125,78.94,81.46428571428571,88.46428571428571,14.464285714285714,27453.0,24283.0,100.0,107.18,0.0,150.0,57.32,84.64,Adecuado,Adecuado,Crítico,Adecuado,Crítico,Por mejorar,81.01,Ámbar,6.98,Ámbar,71.6,2024-08
74210409,Claudia Rodríguez Chávez,Monitoreo de Incidencias,Miraflores,2023-11-15,Activo,2024,08,2024-08,50.0,195.18,94.24928571428572,6.203571428571428,77.52,78.39285714285714,85.10714285714286,13.928571428571429,26593.0,22644.0,100.0,84.99,0.0,150.0,41.96,51.07,Adecuado,Por mejorar,Crítico,Adecuado,Crítico,Crítico,71.6,Ámbar,6.98,Rojo,35.24,2024-09
74210409,Claudia Rodríguez Chávez,Monitoreo de Incidencias,Miraflores,2023-11-15,Activo,2024,09,2024-09,45.0,188.08785714285713,94.31678571428571,5.828571428571428,61.46,81.67857142857143,86.67857142857143,15.107142857142858,26226.0,22952.0,0.0,86.34,17.14,7.6,58.39,66.79,Crítico,Por mejorar,Crítico,Crítico,Crítico,Crítico,35.24,Rojo,6.88,Ámbar,77.27,2024-10
74210409,Claudia Rodríguez Chávez,Monitoreo de Incidencias,Miraflores,2023-11-15,Activo,2024,10,2024-10,55.0,197.50178571428572,95.36964285714286,6.201428571428571,77.82,78.03571428571429,84.35714285714286,13.928571428571429,27110.0,22974.0,150.0,103.7,0.0,150.0,40.18,43.57,Adecuado,Adecuado,Crítico,Adecuado,Crítico,Crítico,77.27,Ámbar,6.96,Rojo,58.35,2024-11
74210409,Claudia Rodríguez Chávez,Monitoreo de Incidencias,Miraflores,2023-11-15,Activo,2024,11,2024-11,45.0,190.50392857142856,95.52892857142857,6.013214285714286,72.67,78.14285714285714,87.71428571428571,13.892857142857142,25808.0,22585.0,0.0,105.29,0.0,119.7,40.71,77.14,Crítico,Adecuado,Crítico,Adecuado,Crítico,Por mejorar,58.35,Rojo,6.93,Rojo,65.73,2024-12
74210409,Claudia Rodríguez Chávez,Monitoreo de Incidencias,Miraflores,2023-11-15,Activo,2024,12,2024-12,55.0,196.2432142857143,94.76178571428571,5.9817857142857145,68.91,81.71428571428571,85.67857142857143,15.25,26765.0,23011.0,150.0,95.24,1.82,82.1,58.57,56.79,Adecuado,Por mejorar,Crítico,Por mejorar,Crítico,Crítico,65.73,Rojo,6.98,Rojo,55.1,2025-01
74210409,Claudia Rodríguez Chávez,Monitoreo de Incidencias,Miraflores,2023-11-15,Activo,2025,01,2025-01,50.0,196.78428571428572,95.02357142857143,5.869642857142857,67.3,76.71428571428571,87.57142857142857,13.75,25507.0,22361.0,100.0,100.24,13.04,66.0,33.57,75.71,Adecuado,Adecuado,Crítico,Crítico,Crítico,Por mejorar,55.1,Rojo,6.99,Ámbar,83.32,2025-02
74210409,Claudia Rodríguez Chávez,Monitoreo de Incidencias,Miraflores,2023-11-15,Activo,2025,02,2025-02,50.0,173.7,94.36142857142858,6.139642857142857,75.07,87.82142857142857,86.39285714285714,16.428571428571427,25351.0,21792.0,100.0,87.23,0.0,143.7,89.11,63.93,Adecuado,Por mejorar,Crítico,Adecuado,Por mejorar,Crítico,83.32,Ámbar,6.99,Rojo,43.84,2025-03
74210409,Claudia Rodríguez Chávez,Monitoreo de Incidencias,Miraflores,2023-11-15,Activo,2025,03,2025-03,45.0,197.2432142857143,95.245,5.901071428571429,67.12,77.25,86.5,13.928571428571429,25256.0,21755.0,0.0,102.45,9.89,64.2,36.25,65.0,Crítico,Adecuado,Crítico,Crítico,Crítico,Crítico,43.84,Rojo,6.87,Ámbar,77.54,2025-04
74210409,Claudia Rodríguez Chávez,Monitoreo de Incidencias,Miraflores,2023-11-15,Activo,2025,04,2025-04,55.0,187.82642857142858,94.18642857142858,5.75,68.69,84.92857142857143,91.07142857142857,15.678571428571429,25551.0,23315.0,150.0,83.73,25.0,79.9,74.64,105.36,Adecuado,Por mejorar,Crítico,Por mejorar,Por mejorar,Adecuado,77.54,Ámbar,6.96,Rojo,69.75,2025-05
74210409,Claudia Rodríguez Chávez,Monitoreo de Incidencias,Miraflores,2023-11-15,Activo,2025,05,2025-05,55.0,196.155,94.71928571428572,5.884285714285714,69.69,78.35714285714286,90.14285714285714,14.035714285714286,27657.0,24961.0,150.0,94.39,11.57,89.9,41.79,100.71,Adecuado,Por mejorar,Crítico,Por mejorar,Crítico,Adecuado,69.75,Rojo,6.97,Rojo,32.72,2025-06
74210409,Claudia Rodríguez Chávez,Monitoreo de Incidencias,Miraflores,2023-11-15,Activo,2025,06,2025-06,45.0,190.53285714285715,95.54392857142857,5.953571428571428,60.76,81.10714285714286,87.21428571428571,15.071428571428571,28002.0,24418.0,0.0,105.44,4.64,0.6,55.54,72.14,Crítico,Adecuado,Crítico,Crítico,Crítico,Por mejorar,32.72,Rojo,6.89,Ámbar,70.59,2025-07
74210409,Claudia Rodríguez Chávez,Monitoreo de Incidencias,Miraflores,2023-11-15,Activo,2025,07,2025-07,45.0,197.12285714285716,95.18785714285714,5.975,76.96,79.82142857142857,90.25,14.857142857142858,26152.0,23618.0,0.0,101.88,2.5,150.0,49.11,101.25,Crítico,Adecuado,Crítico,Adecuado,Crítico,Adecuado,70.59,Ámbar,6.84,Rojo,51.28,2025-08
74210409,Claudia Rodríguez Chávez,Monitoreo de Incidencias,Miraflores,2023-11-15,Activo,2025,08,2025-08,55.0,197.3867857142857,95.31428571428572,6.019642857142857,61.87,80.0,91.07142857142857,14.75,26017.0,23779.0,150.0,103.14,0.0,11.7,50.0,105.36,Adecuado,Adecuado,Crítico,Crítico,Crítico,Adecuado,51.28,Rojo,6.97,Ámbar,71.35,2025-09
74210409,Claudia Rodríguez Chávez,Monitoreo de Incidencias,Miraflores,2023-11-15,Activo,2025,09,2025-09,55.0,188.19785714285715,94.37178571428572,5.986071428571429,68.55,84.96428571428571,89.0,15.357142857142858,25482.0,22665.0,150.0,87.44,1.39,78.5,74.82,90.0,Adecuado,Por mejorar,Crítico,Por mejorar,Por mejorar,Por mejorar,71.35,Ámbar,6.87,Rojo,40.15,2025-10
74210409,Claudia Rodríguez Chávez,Monitoreo de Incidencias,Miraflores,2023-11-15,Activo,2025,10,2025-10,45.0,194.4242857142857,93.88428571428571,6.211785714285714,67.83,78.92857142857143,83.39285714285714,14.285714285714286,25996.0,21731.0,0.0,77.69,0.0,71.3,44.64,33.93,Crítico,Por mejorar,Crítico,Por mejorar,Crítico,Crítico,40.15,Rojo,7.0,Rojo,66.24,2025-11
74210409,Claudia Rodríguez Chávez,Monitoreo de Incidencias,Miraflores,2023-11-15,Activo,2025,11,2025-11,45.0,188.16142857142856,94.35571428571428,6.150357142857143,73.9,82.10714285714286,89.39285714285714,14.857142857142858,25599.0,22829.0,0.0,87.11,0.0,132.0,60.54,93.93,Crítico,Por mejorar,Crítico,Adecuado,Crítico,Por mejorar,66.24,Rojo,6.93,Ámbar,75.44,2025-12
74210409,Claudia Rodríguez Chávez,Monitoreo de Incidencias,Miraflores,2023-11-15,Activo,2025,12,2025-12,50.0,197.66392857142858,95.44892857142857,6.055,77.5,75.96428571428571,90.07142857142857,13.785714285714286,25212.0,22653.0,100.0,104.49,0.0,150.0,29.82,100.36,Adecuado,Adecuado,Crítico,Adecuado,Crítico,Adecuado,75.44,Ámbar,6.96,Ámbar,79.27,2026-01
74210409,Claudia Rodríguez Chávez,Monitoreo de Incidencias,Miraflores,2023-11-15,Activo,2026,01,2026-01,50.0,196.14642857142857,94.71571428571428,6.121428571428571,76.7,80.5,89.21428571428571,14.642857142857142,27182.0,24188.0,100.0,94.31,0.0,150.0,52.5,92.14,Adecuado,Por mejorar,Crítico,Adecuado,Crítico,Por mejorar,79.27,Ámbar,6.95,Ámbar,95.13,2026-02
74210409,Claudia Rodríguez Chávez,Monitoreo de Incidencias,Miraflores,2023-11-15,Activo,2026,02,2026-02,55.0,173.74535714285713,94.38571428571429,5.7625,77.98,87.71428571428571,86.96428571428571,15.821428571428571,25771.0,22500.0,150.0,87.71,23.75,150.0,88.57,69.64,Adecuado,Por mejorar,Crítico,Adecuado,Por mejorar,Crítico,95.13,Ámbar,6.97,Rojo,39.2,2026-03
74210409,Claudia Rodríguez Chávez,Monitoreo de Incidencias,Miraflores,2023-11-15,Activo,2026,03,2026-03,50.0,196.6732142857143,94.97,5.988928571428572,62.02,79.25,84.17857142857143,15.178571428571429,26138.0,22062.0,100.0,99.4,1.11,13.2,46.25,41.79,Adecuado,Por mejorar,Crítico,Crítico,Crítico,Crítico,39.2,Rojo,6.95,Rojo,41.98,2026-04
75208290,José Cabrera Castillo,Atención Operativa,Los Olivos,2021-01-20,Activo,2024,01,2024-01,55.0,198.2032142857143,95.71,6.0460714285714285,76.94,83.39285714285714,89.92857142857143,15.107142857142858,27326.0,24530.0,150.0,107.1,0.0,150.0,66.96,99.29,Adecuado,Adecuado,Crítico,Adecuado,Crítico,Por mejorar,89.88,Ámbar,6.94,Ámbar,78.55,2024-02
75208290,José Cabrera Castillo,Atención Operativa,Los Olivos,2021-01-20,Activo,2024,02,2024-02,55.0,183.80214285714285,95.85464285714286,5.963928571428571,72.34,82.64285714285714,87.07142857142857,15.214285714285714,26866.0,23291.0,150.0,108.55,3.61,116.4,63.21,70.71,Adecuado,Adecuado,Crítico,Adecuado,Crítico,Por mejorar,78.55,Ámbar,6.98,Rojo,62.31,2024-03
75208290,José Cabrera Castillo,Atención Operativa,Los Olivos,2021-01-20,Activo,2024,03,2024-03,45.0,196.4142857142857,94.84535714285714,6.072857142857143,77.88,74.89285714285714,89.0,14.25,27160.0,24106.0,0.0,96.91,0.0,150.0,24.46,90.0,Crítico,Por mejorar,Crítico,Adecuado,Crítico,Por mejorar,62.31,Rojo,6.99,Ámbar,81.42,2024-04
75208290,José Cabrera Castillo,Atención Operativa,Los Olivos,2021-01-20,Activo,2024,04,2024-04,50.0,190.5167857142857,95.53428571428572,5.851071428571428,75.59,79.85714285714286,88.35714285714286,14.571428571428571,25874.0,22545.0,100.0,105.34,14.89,148.9,49.29,83.57,Adecuado,Adecuado,Crítico,Adecuado,Crítico,Por mejorar,81.42,Ámbar,6.91,Rojo,47.57,2024-05
75208290,José Cabrera Castillo,Atención Operativa,Los Olivos,2021-01-20,Activo,2024,05,2024-05,55.0,197.14035714285714,95.19571428571429,5.955357142857143,61.94,78.25,88.07142857142857,14.428571428571429,26412.0,23208.0,150.0,101.96,4.46,12.4,41.25,80.71,Adecuado,Adecuado,Crítico,Crítico,Crítico,Por mejorar,47.57,Rojo,6.96,Ámbar,86.46,2024-06
75208290,José Cabrera Castillo,Atención Operativa,Los Olivos,2021-01-20,Activo,2024,06,2024-06,55.0,189.77785714285713,95.16428571428571,6.074642857142857,76.95,82.89285714285714,87.67857142857143,14.535714285714286,25774.0,22534.0,150.0,101.64,0.0,150.0,64.46,76.79,Adecuado,Adecuado,Crítico,Adecuado,Crítico,Por mejorar,86.46,Ámbar,6.95,Ámbar,72.68,2024-07
75208290,José Cabrera Castillo,Atención Operativa,Los Olivos,2021-01-20,Activo,2024,07,2024-07,50.0,197.015,95.13464285714285,5.839285714285714,78.94,73.46428571428571,87.5,12.928571428571429,25610.0,22382.0,100.0,101.35,16.07,150.0,17.32,75.0,Adecuado,Adecuado,Crítico,Adecuado,Crítico,Por mejorar,72.68,Ámbar,6.91,Ámbar,79.3,2024-08
75208290,José Cabrera Castillo,Atención Operativa,Los Olivos,2021-01-20,Activo,2024,08,2024-08,50.0,197.24035714285714,95.24392857142857,6.055714285714286,77.52,80.64285714285714,88.25,14.607142857142858,25459.0,22386.0,100.0,102.44,0.0,150.0,53.21,82.5,Adecuado,Adecuado,Crítico,Adecuado,Crítico,Por mejorar,79.3,Ámbar,6.88,Rojo,47.35,2024-09
75208290,José Cabrera Castillo,Atención Operativa,Los Olivos,2021-01-20,Activo,2024,09,2024-09,50.0,188.51142857142858,94.53,5.7039285714285715,61.46,81.14285714285714,86.53571428571429,14.75,24504.0,21343.0,100.0,90.6,29.61,7.6,55.71,65.36,Adecuado,Por mejorar,Crítico,Crítico,Crítico,Crítico,47.35,Rojo,6.92,Ámbar,73.37,2024-10
75208290,José Cabrera Castillo,Atención Operativa,Los Olivos,2021-01-20,Activo,2024,10,2024-10,55.0,196.84107142857144,95.05142857142857,5.9592857142857145,77.82,73.89285714285714,85.14285714285714,13.214285714285714,26190.0,22362.0,150.0,100.51,4.07,150.0,19.46,51.43,Adecuado,Adecuado,Crítico,Adecuado,Crítico,Crítico,73.37,Ámbar,6.91,Ámbar,74.59,2024-11
75208290,José Cabrera Castillo,Atención Operativa,Los Olivos,2021-01-20,Activo,2024,11,2024-11,55.0,190.62535714285715,95.58928571428571,5.9903571428571425,72.67,77.82142857142857,89.10714285714286,13.75,27159.0,24124.0,150.0,105.89,0.96,119.7,39.11,91.07,Adecuado,Adecuado,Crítico,Adecuado,Crítico,Por mejorar,74.59,Ámbar,6.99,Rojo,65.91,2024-12
75208290,José Cabrera Castillo,Atención Operativa,Los Olivos,2021-01-20,Activo,2024,12,2024-12,50.0,194.93892857142856,94.13321428571429,5.938928571428572,68.91,84.42857142857143,87.85714285714286,15.321428571428571,26191.0,22966.0,100.0,82.66,6.11,82.1,72.14,78.57,Adecuado,Por mejorar,Crítico,Por mejorar,Por mejorar,Por mejorar,65.91,Rojo,6.92,Rojo,49.7,2025-01
75208290,José Cabrera Castillo,Atención Operativa,Los Olivos,2021-01-20,Activo,2025,01,2025-01,50.0,196.2342857142857,94.7575,5.92,67.3,74.5,86.46428571428571,13.75,25911.0,22421.0,100.0,95.15,8.0,66.0,22.5,64.64,Adecuado,Por mejorar,Crítico,Crítico,Crítico,Crítico,49.7,Rojo,6.94,Ámbar,78.92,2025-02
75208290,José Cabrera Castillo,Atención Operativa,Los Olivos,2021-01-20,Activo,2025,02,2025-02,55.0,175.72035714285715,95.45964285714285,5.983214285714285,75.07,79.21428571428571,85.67857142857143,14.535714285714286,25533.0,21900.0,150.0,104.6,1.68,143.7,46.07,56.79,Adecuado,Adecuado,Crítico,Adecuado,Crítico,Crítico,78.92,Ámbar,7.0,Rojo,40.85,2025-03
75208290,José Cabrera Castillo,Atención Operativa,Los Olivos,2021-01-20,Activo,2025,03,2025-03,45.0,198.26214285714286,95.73678571428572,5.933571428571429,67.12,76.21428571428571,84.96428571428571,13.428571428571429,26481.0,22535.0,0.0,107.37,6.64,64.2,31.07,49.64,Crítico,Adecuado,Crítico,Crítico,Crítico,Crítico,40.85,Rojo,6.81,Ámbar,72.65,2025-04
75208290,José Cabrera Castillo,Atención Operativa,Los Olivos,2021-01-20,Activo,2025,04,2025-04,55.0,189.295,94.92357142857144,5.886428571428572,68.69,82.42857142857143,90.03571428571429,14.964285714285714,26723.0,24000.0,150.0,98.47,11.36,79.9,62.14,100.18,Adecuado,Por mejorar,Crítico,Por mejorar,Crítico,Adecuado,72.65,Ámbar,6.81,Rojo,62.37,2025-05
75208290,José Cabrera Castillo,Atención Operativa,Los Olivos,2021-01-20,Activo,2025,05,2025-05,50.0,196.7267857142857,94.99571428571429,5.927142857142857,69.69,76.64285714285714,90.28571428571429,14.178571428571429,26739.0,24112.0,100.0,99.91,7.29,89.9,33.21,101.43,Adecuado,Por mejorar,Crítico,Por mejorar,Crítico,Adecuado,62.37,Rojo,6.99,Rojo,52.16,2025-06
75208290,José Cabrera Castillo,Atención Operativa,Los Olivos,2021-01-20,Activo,2025,06,2025-06,55.0,190.32357142857143,95.43892857142858,5.922857142857143,60.76,81.03571428571429,92.46428571428571,14.535714285714286,26528.0,24551.0,150.0,104.39,7.71,0.6,55.18,112.32,Adecuado,Adecuado,Crítico,Crítico,Crítico,Adecuado,52.16,Rojo,6.91,Ámbar,82.06,2025-07
75208290,José Cabrera Castillo,Atención Operativa,Los Olivos,2021-01-20,Activo,2025,07,2025-07,50.0,196.11928571428572,94.70285714285714,5.947857142857143,76.96,84.28571428571429,86.25,15.892857142857142,28212.0,24342.0,100.0,94.06,5.21,150.0,71.43,62.5,Adecuado,Por mejorar,Crítico,Adecuado,Por mejorar,Crítico,82.06,Ámbar,6.96,Rojo,38.82,2025-08
75208290,José Cabrera Castillo,Atención Operativa,Los Olivos,2021-01-20,Activo,2025,08,2025-08,45.0,196.20607142857142,94.74428571428571,5.752857142857143,61.87,80.28571428571429,88.60714285714286,15.071428571428571,27038.0,23922.0,0.0,94.89,24.71,11.7,51.43,86.07,Crítico,Por mejorar,Crítico,Crítico,Crítico,Por mejorar,38.82,Rojo,6.91,Rojo,50.35,2025-09
75208290,José Cabrera Castillo,Atención Operativa,Los Olivos,2021-01-20,Activo,2025,09,2025-09,45.0,187.87107142857144,94.20892857142857,6.1025,68.55,83.07142857142857,85.96428571428571,15.107142857142858,27332.0,23529.0,0.0,84.18,0.0,78.5,65.36,59.64,Crítico,Por mejorar,Crítico,Por mejorar,Crítico,Crítico,50.35,Rojo,7.0,Rojo,55.75,2025-10
75208290,José Cabrera Castillo,Atención Operativa,Los Olivos,2021-01-20,Activo,2025,10,2025-10,50.0,195.38892857142858,94.35035714285715,6.0175,67.83,78.60714285714286,88.46428571428571,14.0,27476.0,24433.0,100.0,87.01,0.0,71.3,43.04,84.64,Adecuado,Por mejorar,Crítico,Por mejorar,Crítico,Por mejorar,55.75,Rojo,6.93,Ámbar,82.43,2025-11
75208290,José Cabrera Castillo,Atención Operativa,Los Olivos,2021-01-20,Activo,2025,11,2025-11,55.0,190.57892857142858,95.56571428571428,6.0475,73.9,84.17857142857143,86.14285714285714,15.071428571428571,25376.0,21812.0,150.0,105.66,0.0,132.0,70.89,61.43,Adecuado,Adecuado,Crítico,Adecuado,Por mejorar,Crítico,82.43,Ámbar,6.96,Ámbar,81.16,2025-12
75208290,José Cabrera Castillo,Atención Operativa,Los Olivos,2021-01-20,Activo,2025,12,2025-12,50.0,196.31392857142856,94.79571428571428,5.8675,77.5,82.39285714285714,85.92857142857143,15.142857142857142,27112.0,23418.0,100.0,95.91,13.25,150.0,61.96,59.29,Adecuado,Por mejorar,Crítico,Adecuado,Crítico,Crítico,81.16,Ámbar,7.0,Ámbar,89.45,2026-01
75208290,José Cabrera Castillo,Atención Operativa,Los Olivos,2021-01-20,Activo,2026,01,2026-01,55.0,196.00035714285715,94.64535714285714,5.840357142857143,76.7,82.71428571428571,88.57142857142857,14.821428571428571,26091.0,22985.0,150.0,92.91,15.96,150.0,63.57,85.71,Adecuado,Por mejorar,Crítico,Adecuado,Crítico,Por mejorar,89.45,Ámbar,6.96,Rojo,65.9,2026-02
75208290,José Cabrera Castillo,Atención Operativa,Los Olivos,2021-01-20,Activo,2026,02,2026-02,45.0,176.61928571428572,95.94678571428571,6.009285714285714,77.98,76.39285714285714,89.46428571428571,13.571428571428571,26463.0,23684.0,0.0,109.47,0.0,150.0,31.96,94.64,Crítico,Adecuado,Crítico,Adecuado,Crítico,Por mejorar,65.9,Rojo,6.99,Rojo,42.48,2026-03
75208290,José Cabrera Castillo,Atención Operativa,Los Olivos,2021-01-20,Activo,2026,03,2026-03,50.0,196.6317857142857,94.95035714285714,6.008214285714286,62.02,77.25,90.42857142857143,13.678571428571429,27441.0,24861.0,100.0,99.01,0.0,13.2,36.25,102.14,Adecuado,Por mejorar,Crítico,Crítico,Crítico,Adecuado,42.48,Rojo,6.97,Rojo,43.37,2026-04
75695461,María García Cabrera,Central de Emergencias,Los Olivos,2025-10-27,Activo,2024,01,2024-01,45.0,198.34892857142856,95.78035714285714,5.942857142857143,76.94,80.46428571428571,85.82142857142857,14.821428571428571,24835.0,21420.0,0.0,107.8,5.71,150.0,52.32,58.21,Crítico,Adecuado,Crítico,Adecuado,Crítico,Crítico,68.32,Rojo,6.99,Ámbar,70.39,2024-02
75695461,María García Cabrera,Central de Emergencias,Los Olivos,2025-10-27,Activo,2024,02,2024-02,50.0,182.86857142857144,95.36785714285715,6.147142857142857,72.34,80.25,88.10714285714286,15.178571428571429,26747.0,23491.0,100.0,103.68,0.0,116.4,51.25,81.07,Adecuado,Adecuado,Crítico,Adecuado,Crítico,Por mejorar,70.39,Ámbar,6.97,Ámbar,87.16,2024-03
75695461,María García Cabrera,Central de Emergencias,Los Olivos,2025-10-27,Activo,2024,03,2024-03,50.0,197.90785714285715,95.56642857142857,5.784285714285715,77.88,82.39285714285714,89.28571428571429,15.285714285714286,26154.0,23307.0,100.0,105.66,21.57,150.0,61.96,92.86,Adecuado,Adecuado,Crítico,Adecuado,Crítico,Por mejorar,87.16,Ámbar,7.0,Rojo,67.28,2024-04
75695461,María García Cabrera,Central de Emergencias,Los Olivos,2025-10-27,Activo,2024,04,2024-04,45.0,188.76357142857142,94.65678571428572,5.957857142857143,75.59,80.57142857142857,86.67857142857143,15.285714285714286,27367.0,24015.0,0.0,93.14,4.21,148.9,52.86,66.79,Crítico,Por mejorar,Crítico,Adecuado,Crítico,Crítico,67.28,Rojo,6.88,Rojo,29.89,2024-05
75695461,María García Cabrera,Central de Emergencias,Los Olivos,2025-10-27,Activo,2024,05,2024-05,45.0,195.30107142857142,94.30785714285715,5.765,61.94,74.60714285714286,87.71428571428571,13.714285714285714,26817.0,23544.0,0.0,86.16,23.5,12.4,23.04,77.14,Crítico,Por mejorar,Crítico,Crítico,Crítico,Por mejorar,29.89,Rojo,6.78,Ámbar,72.93,2024-06
75695461,María García Cabrera,Central de Emergencias,Los Olivos,2025-10-27,Activo,2024,06,2024-06,50.0,189.1075,94.82892857142858,5.9314285714285715,76.95,77.32142857142857,85.25,13.821428571428571,26567.0,22473.0,100.0,96.58,6.86,150.0,36.61,52.5,Adecuado,Por mejorar,Crítico,Adecuado,Crítico,Crítico,72.93,Ámbar,6.99,Ámbar,89.88,2024-07
75695461,María García Cabrera,Central de Emergencias,Los Olivos,2025-10-27,Activo,2024,07,2024-07,50.0,196.97642857142858,95.11678571428571,5.8810714285714285,78.94,86.25,89.57142857142857,15.964285714285714,25348.0,22520.0,100.0,101.17,11.89,150.0,81.25,95.71,Adecuado,Adecuado,Crítico,Adecuado,Por mejorar,Por mejorar,89.88,Ámbar,6.95,Ámbar,72.7,2024-08
75695461,María García Cabrera,Central de Emergencias,Los Olivos,2025-10-27,Activo,2024,08,2024-08,45.0,196.57607142857142,94.92321428571428,5.948571428571428,77.52,82.28571428571429,88.96428571428571,14.571428571428571,25874.0,23111.0,0.0,98.46,5.14,150.0,61.43,89.64,Crítico,Por mejorar,Crítico,Adecuado,Crítico,Por mejorar,72.7,Ámbar,6.87,Rojo,47.44,2024-09
75695461,María García Cabrera,Central de Emergencias,Los Olivos,2025-10-27,Activo,2024,09,2024-09,55.0,190.09785714285715,95.32428571428571,6.133214285714286,61.46,80.0,87.71428571428571,14.571428571428571,24940.0,21695.0,150.0,103.24,0.0,7.6,50.0,77.14,Adecuado,Adecuado,Crítico,Crítico,Crítico,Por mejorar,47.44,Rojo,6.94,Rojo,69.35,2024-10
75695461,María García Cabrera,Central de Emergencias,Los Olivos,2025-10-27,Activo,2024,10,2024-10,45.0,196.09285714285716,94.69071428571428,5.849285714285714,77.82,78.82142857142857,88.42857142857143,14.571428571428571,25794.0,22702.0,0.0,93.81,15.07,150.0,44.11,84.29,Crítico,Por mejorar,Crítico,Adecuado,Crítico,Por mejorar,69.35,Rojo,6.85,Rojo,57.33,2024-11
75695461,María García Cabrera,Central de Emergencias,Los Olivos,2025-10-27,Activo,2024,11,2024-11,45.0,189.21607142857144,94.88214285714285,5.963928571428571,72.67,78.39285714285714,86.42857142857143,13.607142857142858,28305.0,24412.0,0.0,97.64,3.61,119.7,41.96,64.29,Crítico,Por mejorar,Crítico,Adecuado,Crítico,Crítico,57.33,Rojo,6.93,Rojo,55.58,2024-12
75695461,María García Cabrera,Central de Emergencias,Los Olivos,2025-10-27,Activo,2024,12,2024-12,50.0,196.37785714285715,94.82821428571428,6.024642857142857,68.91,78.46428571428571,84.82142857142857,13.964285714285714,27226.0,23106.0,100.0,96.56,0.0,82.1,42.32,48.21,Adecuado,Por mejorar,Crítico,Por mejorar,Crítico,Crítico,55.58,Rojo,6.98,Rojo,47.86,2025-01
75695461,María García Cabrera,Central de Emergencias,Los Olivos,2025-10-27,Activo,2025,01,2025-01,45.0,197.8675,95.54571428571428,5.827142857142857,67.3,79.85714285714286,85.03571428571429,14.821428571428571,25128.0,21226.0,0.0,105.46,17.29,66.0,49.29,50.36,Crítico,Adecuado,Crítico,Crítico,Crítico,Crítico,47.86,Rojo,6.95,Ámbar,82.21,2025-02
75695461,María García Cabrera,Central de Emergencias,Los Olivos,2025-10-27,Activo,2025,02,2025-02,55.0,175.27214285714285,95.21428571428571,6.025357142857143,75.07,80.42857142857143,88.03571428571429,14.571428571428571,26006.0,22780.0,150.0,102.14,0.0,143.7,52.14,80.36,Adecuado,Adecuado,Crítico,Adecuado,Crítico,Por mejorar,82.21,Ámbar,6.93,Rojo,56.68,2025-03
75695461,María García Cabrera,Central de Emergencias,Los Olivos,2025-10-27,Activo,2025,03,2025-03,50.0,196.81142857142856,95.03607142857143,6.015357142857143,67.12,82.92857142857143,84.42857142857143,15.142857142857142,27701.0,23319.0,100.0,100.36,0.0,64.2,64.64,44.29,Adecuado,Adecuado,Crítico,Crítico,Crítico,Crítico,56.68,Rojo,7.0,Rojo,66.25,2025-04
75695461,María García Cabrera,Central de Emergencias,Los Olivos,2025-10-27,Activo,2025,04,2025-04,55.0,188.64607142857142,94.59821428571429,6.015357142857143,68.69,81.17857142857143,88.10714285714286,14.857142857142858,25268.0,22329.0,150.0,91.96,0.0,79.9,55.89,81.07,Adecuado,Por mejorar,Crítico,Por mejorar,Crítico,Por mejorar,66.25,Rojo,6.96,Ámbar,72.29,2025-05
75695461,María García Cabrera,Central de Emergencias,Los Olivos,2025-10-27,Activo,2025,05,2025-05,55.0,194.56821428571428,93.955,5.9314285714285715,69.69,83.42857142857143,88.75,15.785714285714286,26442.0,23450.0,150.0,79.1,6.86,89.9,67.14,87.5,Adecuado,Por mejorar,Crítico,Por mejorar,Crítico,Por mejorar,72.29,Ámbar,6.98,Rojo,32.61,2025-06
75695461,María García Cabrera,Central de Emergencias,Los Olivos,2025-10-27,Activo,2025,06,2025-06,45.0,189.46035714285713,95.005,5.903928571428572,60.76,81.57142857142857,86.07142857142857,15.071428571428571,27580.0,23659.0,0.0,100.05,9.61,0.6,57.86,60.71,Crítico,Adecuado,Crítico,Crítico,Crítico,Crítico,32.61,Rojo,6.94,Ámbar,79.93,2025-07
75695461,María García Cabrera,Central de Emergencias,Los Olivos,2025-10-27,Activo,2025,07,2025-07,50.0,197.0625,95.15857142857143,5.812857142857143,76.96,79.25,86.96428571428571,14.0,27485.0,23992.0,100.0,101.59,18.71,150.0,46.25,69.64,Adecuado,Adecuado,Crítico,Adecuado,Crítico,Crítico,79.93,Ámbar,6.98,Rojo,44.01,2025-08
75695461,María García Cabrera,Central de Emergencias,Los Olivos,2025-10-27,Activo,2025,08,2025-08,50.0,196.87785714285715,95.06785714285714,5.854642857142857,61.87,77.0,89.35714285714286,13.678571428571429,27871.0,24820.0,100.0,100.68,14.54,11.7,35.0,93.57,Adecuado,Adecuado,Crítico,Crítico,Crítico,Por mejorar,44.01,Rojo,6.92,Rojo,55.49,2025-09
75695461,María García Cabrera,Central de Emergencias,Los Olivos,2025-10-27,Activo,2025,09,2025-09,50.0,189.63357142857143,95.09321428571428,6.017857142857143,68.55,77.07142857142857,86.92857142857143,14.214285714285714,26056.0,22599.0,100.0,100.93,0.0,78.5,35.36,69.29,Adecuado,Adecuado,Crítico,Por mejorar,Crítico,Crítico,55.49,Rojo,6.79,Rojo,57.2,2025-10
75695461,María García Cabrera,Central de Emergencias,Los Olivos,2025-10-27,Activo,2025,10,2025-10,50.0,195.7275,94.51357142857142,5.946785714285714,67.83,78.42857142857143,88.75,14.142857142857142,25960.0,22931.0,100.0,90.27,5.32,71.3,42.14,87.5,Adecuado,Por mejorar,Crítico,Por mejorar,Crítico,Por mejorar,57.2,Rojo,6.82,Ámbar,82.59,2025-11
75695461,María García Cabrera,Central de Emergencias,Los Olivos,2025-10-27,Activo,2025,11,2025-11,50.0,188.42928571428573,94.48892857142857,5.962857142857143,73.9,89.03571428571429,86.07142857142857,16.392857142857142,26237.0,22648.0,100.0,89.78,3.71,132.0,95.18,60.71,Adecuado,Por mejorar,Crítico,Adecuado,Por mejorar,Crítico,82.59,Ámbar,6.96,Rojo,63.1,2025-12
75695461,María García Cabrera,Central de Emergencias,Los Olivos,2025-10-27,Activo,2025,12,2025-12,45.0,195.08285714285714,94.20142857142856,5.9089285714285715,77.5,76.5,87.25,14.25,27771.0,24277.0,0.0,84.03,9.11,150.0,32.5,72.5,Crítico,Por mejorar,Crítico,Adecuado,Crítico,Por mejorar,63.1,Rojo,6.89,Ámbar,76.44,2026-01
75695461,María García Cabrera,Central de Emergencias,Los Olivos,2025-10-27,Activo,2026,01,2026-01,45.0,199.08642857142857,96.13607142857143,5.710714285714285,76.7,79.35714285714286,90.64285714285714,14.035714285714286,26092.0,23587.0,0.0,111.36,28.93,150.0,46.79,103.21,Crítico,Adecuado,Crítico,Adecuado,Crítico,Adecuado,76.44,Ámbar,6.91,Ámbar,79.82,2026-02
75695461,María García Cabrera,Central de Emergencias,Los Olivos,2025-10-27,Activo,2026,02,2026-02,55.0,174.00357142857143,94.52714285714286,5.815357142857143,77.98,75.14285714285714,88.14285714285714,13.392857142857142,24769.0,21734.0,150.0,90.54,18.46,150.0,25.71,81.43,Adecuado,Por mejorar,Crítico,Adecuado,Crítico,Por mejorar,79.82,Ámbar,7.0,Rojo,44.88,2026-03
75695461,María García Cabrera,Central de Emergencias,Los Olivos,2025-10-27,Activo,2026,03,2026-03,55.0,195.945,94.61857142857143,5.878214285714286,62.02,75.03571428571429,88.60714285714286,13.357142857142858,27106.0,24105.0,150.0,92.37,12.18,13.2,25.18,86.07,Adecuado,Por mejorar,Crítico,Crítico,Crítico,Por mejorar,44.88,Rojo,6.93,Rojo,43.08,2026-04
76926068,Rosa Morales Morales,Central de Emergencias,Miraflores,2024-12-05,Activo,2024,01,2024-01,55.0,197.02392857142857,95.13821428571428,5.9714285714285715,76.94,79.75,88.42857142857143,14.571428571428571,26574.0,23518.0,150.0,101.38,2.86,150.0,48.75,84.29,Adecuado,Adecuado,Crítico,Adecuado,Crítico,Por mejorar,83.83,Ámbar,6.89,Rojo,48.06,2024-02
76926068,Rosa Morales Morales,Central de Emergencias,Miraflores,2024-12-05,Activo,2024,02,2024-02,45.0,181.29535714285714,94.5475,6.031428571428571,72.34,71.60714285714286,87.85714285714286,13.25,26479.0,23272.0,0.0,90.95,0.0,116.4,8.04,78.57,Crítico,Por mejorar,Crítico,Adecuado,Crítico,Por mejorar,48.06,Rojo,6.99,Ámbar,77.99,2024-03
76926068,Rosa Morales Morales,Central de Emergencias,Miraflores,2024-12-05,Activo,2024,03,2024-03,55.0,195.9475,94.62035714285715,5.990714285714286,77.88,76.82142857142857,87.53571428571429,14.178571428571429,24153.0,21192.0,150.0,92.41,0.93,150.0,34.11,75.36,Adecuado,Por mejorar,Crítico,Adecuado,Crítico,Por mejorar,77.99,Ámbar,6.94,Rojo,69.26,2024-04
76926068,Rosa Morales Morales,Central de Emergencias,Miraflores,2024-12-05,Activo,2024,04,2024-04,45.0,190.9775,95.76642857142858,6.088214285714286,75.59,79.64285714285714,89.21428571428571,14.107142857142858,26164.0,23197.0,0.0,107.66,0.0,148.9,48.21,92.14,Crítico,Adecuado,Crítico,Adecuado,Crítico,Por mejorar,69.26,Rojo,6.99,Rojo,36.83,2024-05
76926068,Rosa Morales Morales,Central de Emergencias,Miraflores,2024-12-05,Activo,2024,05,2024-05,50.0,193.8475,93.60571428571428,6.270714285714286,61.94,78.5,85.89285714285714,14.142857142857142,27095.0,23313.0,100.0,72.11,0.0,12.4,42.5,58.93,Adecuado,Por mejorar,Crítico,Crítico,Crítico,Crítico,36.83,Rojo,6.99,Ámbar,82.3,2024-06
76926068,Rosa Morales Morales,Central de Emergencias,Miraflores,2024-12-05,Activo,2024,06,2024-06,55.0,188.7925,94.67214285714286,5.854642857142857,76.95,75.96428571428571,90.17857142857143,13.714285714285714,27445.0,24815.0,150.0,93.44,14.54,150.0,29.82,100.89,Adecuado,Por mejorar,Crítico,Adecuado,Crítico,Adecuado,82.3,Ámbar,6.86,Ámbar,83.93,2024-07
76926068,Rosa Morales Morales,Central de Emergencias,Miraflores,2024-12-05,Activo,2024,07,2024-07,55.0,196.9075,95.08214285714286,5.9367857142857146,78.94,78.60714285714286,89.32142857142857,14.464285714285714,26287.0,23583.0,150.0,100.82,6.32,150.0,43.04,93.21,Adecuado,Adecuado,Crítico,Adecuado,Crítico,Por mejorar,83.93,Ámbar,6.92,Ámbar,79.56,2024-08
76926068,Rosa Morales Morales,Central de Emergencias,Miraflores,2024-12-05,Activo,2024,08,2024-08,50.0,198.31214285714285,95.76,5.848928571428571,77.52,79.39285714285714,86.53571428571429,14.535714285714286,26376.0,22964.0,100.0,107.6,15.11,150.0,46.96,65.36,Adecuado,Adecuado,Crítico,Adecuado,Crítico,Crítico,79.56,Ámbar,6.98,Rojo,43.47,2024-09
76926068,Rosa Morales Morales,Central de Emergencias,Miraflores,2024-12-05,Activo,2024,09,2024-09,50.0,189.73857142857142,95.14571428571429,5.9503571428571425,61.46,82.14285714285714,85.25,15.25,26824.0,22734.0,100.0,101.46,4.96,7.6,60.71,52.5,Adecuado,Adecuado,Crítico,Crítico,Crítico,Crítico,43.47,Rojo,7.0,Ámbar,85.62,2024-10
76926068,Rosa Morales Morales,Central de Emergencias,Miraflores,2024-12-05,Activo,2024,10,2024-10,55.0,196.45035714285714,94.86214285714286,5.775,77.82,78.28571428571429,88.53571428571429,14.107142857142858,27707.0,24462.0,150.0,97.24,22.5,150.0,41.43,85.36,Adecuado,Por mejorar,Crítico,Adecuado,Crítico,Por mejorar,85.62,Ámbar,6.98,Rojo,67.4,2024-11
76926068,Rosa Morales Morales,Central de Emergencias,Miraflores,2024-12-05,Activo,2024,11,2024-11,50.0,190.4517857142857,95.50285714285714,5.891785714285715,72.67,78.78571428571429,83.82142857142857,14.142857142857142,27137.0,22532.0,100.0,105.03,10.82,119.7,43.93,38.21,Adecuado,Adecuado,Crítico,Adecuado,Crítico,Crítico,67.4,Rojo,6.97,Rojo,62.14,2024-12
76926068,Rosa Morales Morales,Central de Emergencias,Miraflores,2024-12-05,Activo,2024,12,2024-12,55.0,197.58392857142857,95.41035714285714,5.9525,68.91,77.85714285714286,85.42857142857143,13.964285714285714,26763.0,22943.0,150.0,104.1,4.75,82.1,39.29,54.29,Adecuado,Adecuado,Crítico,Por mejorar,Crítico,Crítico,62.14,Rojo,6.94,Rojo,56.02,2025-01
76926068,Rosa Morales Morales,Central de Emergencias,Miraflores,2024-12-05,Activo,2025,01,2025-01,50.0,198.155,95.68535714285714,6.126785714285714,67.3,78.32142857142857,88.42857142857143,14.464285714285714,27845.0,24546.0,100.0,106.85,0.0,66.0,41.61,84.29,Adecuado,Adecuado,Crítico,Crítico,Crítico,Por mejorar,56.02,Rojo,6.97,Ámbar,81.58,2025-02
76926068,Rosa Morales Morales,Central de Emergencias,Miraflores,2024-12-05,Activo,2025,02,2025-02,55.0,174.7757142857143,94.94607142857143,6.150714285714286,75.07,80.03571428571429,88.21428571428571,14.75,26572.0,23382.0,150.0,98.92,0.0,143.7,50.18,82.14,Adecuado,Por mejorar,Crítico,Adecuado,Crítico,Por mejorar,81.58,Ámbar,6.93,Rojo,57.09,2025-03
76926068,Rosa Morales Morales,Central de Emergencias,Miraflores,2024-12-05,Activo,2025,03,2025-03,50.0,197.22142857142856,95.235,6.1025,67.12,78.92857142857143,89.64285714285714,14.357142857142858,28164.0,25207.0,100.0,102.35,0.0,64.2,44.64,96.43,Adecuado,Adecuado,Crítico,Crítico,Crítico,Por mejorar,57.09,Rojo,7.0,Rojo,68.0,2025-04
76926068,Rosa Morales Morales,Central de Emergencias,Miraflores,2024-12-05,Activo,2025,04,2025-04,50.0,190.27821428571428,95.41642857142857,6.045357142857143,68.69,84.0,90.21428571428571,15.357142857142858,25952.0,23270.0,100.0,104.16,0.0,79.9,70.0,101.07,Adecuado,Adecuado,Crítico,Por mejorar,Por mejorar,Adecuado,68.0,Rojo,6.96,Rojo,60.22,2025-05
76926068,Rosa Morales Morales,Central de Emergencias,Miraflores,2024-12-05,Activo,2025,05,2025-05,50.0,196.73607142857142,94.99964285714286,5.811071428571428,69.69,75.0,87.71428571428571,14.107142857142858,26371.0,23305.0,100.0,99.99,18.89,89.9,25.0,77.14,Adecuado,Por mejorar,Crítico,Por mejorar,Crítico,Por mejorar,60.22,Rojo,6.74,Rojo,28.97,2025-06
76926068,Rosa Morales Morales,Central de Emergencias,Miraflores,2024-12-05,Activo,2025,06,2025-06,45.0,191.16571428571427,95.86107142857144,5.961428571428572,60.76,77.46428571428571,87.85714285714286,14.357142857142858,25094.0,22055.0,0.0,108.61,3.86,0.6,37.32,78.57,Crítico,Adecuado,Crítico,Crítico,Crítico,Por mejorar,28.97,Rojo,6.89,Rojo,69.37,2025-07
76926068,Rosa Morales Morales,Central de Emergencias,Miraflores,2024-12-05,Activo,2025,07,2025-07,45.0,195.63214285714287,94.46642857142857,5.8342857142857145,76.96,80.78571428571429,86.14285714285714,14.678571428571429,26248.0,22642.0,0.0,89.33,16.57,150.0,53.93,61.43,Crítico,Por mejorar,Crítico,Adecuado,Crítico,Crítico,69.37,Rojo,6.92,Rojo,35.66,2025-08
76926068,Rosa Morales Morales,Central de Emergencias,Miraflores,2024-12-05,Activo,2025,08,2025-08,45.0,196.90964285714287,95.08428571428571,6.080357142857143,61.87,81.75,87.96428571428571,14.714285714285714,27096.0,23804.0,0.0,100.84,0.0,11.7,58.75,79.64,Crítico,Adecuado,Crítico,Crítico,Crítico,Por mejorar,35.66,Rojo,6.98,Rojo,62.4,2025-09
76926068,Rosa Morales Morales,Central de Emergencias,Miraflores,2024-12-05,Activo,2025,09,2025-09,55.0,188.12392857142856,94.33642857142857,6.045714285714285,68.55,78.96428571428571,87.89285714285714,14.321428571428571,25078.0,21959.0,150.0,86.73,0.0,78.5,44.82,78.93,Adecuado,Por mejorar,Crítico,Por mejorar,Crítico,Por mejorar,62.4,Rojo,7.0,Rojo,55.49,2025-10
76926068,Rosa Morales Morales,Central de Emergencias,Miraflores,2024-12-05,Activo,2025,10,2025-10,50.0,196.04107142857143,94.66535714285715,6.016785714285715,67.83,78.17857142857143,88.10714285714286,13.535714285714286,26733.0,23451.0,100.0,93.31,0.0,71.3,40.89,81.07,Adecuado,Por mejorar,Crítico,Por mejorar,Crítico,Por mejorar,55.49,Rojo,6.76,Rojo,69.66,2025-11
76926068,Rosa Morales Morales,Central de Emergencias,Miraflores,2024-12-05,Activo,2025,11,2025-11,50.0,187.75464285714287,94.15,6.173571428571429,73.9,80.57142857142857,85.14285714285714,14.75,26510.0,22523.0,100.0,83.0,0.0,132.0,52.86,51.43,Adecuado,Por mejorar,Crítico,Adecuado,Crítico,Crítico,69.66,Rojo,6.85,Ámbar,74.88,2025-12
76926068,Rosa Morales Morales,Central de Emergencias,Miraflores,2024-12-05,Activo,2025,12,2025-12,50.0,199.63321428571427,96.39892857142857,6.0685714285714285,77.5,75.64285714285714,88.92857142857143,13.321428571428571,26985.0,23914.0,100.0,113.99,0.0,150.0,28.21,89.29,Adecuado,Adecuado,Crítico,Adecuado,Crítico,Por mejorar,74.88,Ámbar,6.97,Rojo,69.44,2026-01
76926068,Rosa Morales Morales,Central de Emergencias,Miraflores,2024-12-05,Activo,2026,01,2026-01,45.0,196.1342857142857,94.70857142857143,5.852142857142857,76.7,79.67857142857143,87.46428571428571,14.678571428571429,24989.0,21763.0,0.0,94.17,14.79,150.0,48.39,74.64,Crítico,Por mejorar,Crítico,Adecuado,Crítico,Por mejorar,69.44,Rojo,6.96,Ámbar,76.41,2026-02
76926068,Rosa Morales Morales,Central de Emergencias,Miraflores,2024-12-05,Activo,2026,02,2026-02,55.0,174.9175,95.02214285714285,5.9332142857142856,77.98,75.78571428571429,85.32142857142857,13.5,27081.0,23133.0,150.0,100.22,6.68,150.0,28.93,53.21,Adecuado,Adecuado,Crítico,Adecuado,Crítico,Crítico,76.41,Ámbar,6.79,Rojo,47.13,2026-03
76926068,Rosa Morales Morales,Central de Emergencias,Miraflores,2024-12-05,Activo,2026,03,2026-03,55.0,196.8075,95.035,5.8975,62.02,78.96428571428571,85.53571428571429,14.035714285714286,26836.0,22965.0,150.0,100.35,10.25,13.2,44.82,55.36,Adecuado,Adecuado,Crítico,Crítico,Crítico,Crítico,47.13,Rojo,7.0,Rojo,32.75,2026-04
78453632,Renato Ramírez Quispe,Central de Emergencias,Ate,2021-12-05,Activo,2024,01,2024-01,45.0,196.16107142857143,94.7225,5.969285714285714,76.94,76.53571428571429,86.75,14.071428571428571,27706.0,23863.0,0.0,94.45,3.07,150.0,32.68,67.5,Crítico,Por mejorar,Crítico,Adecuado,Crítico,Crítico,62.48,Rojo,6.99,Rojo,68.24,2024-02
78453632,Renato Ramírez Quispe,Central de Emergencias,Ate,2021-12-05,Activo,2024,02,2024-02,50.0,183.96392857142857,95.93928571428572,5.762142857142857,72.34,75.64285714285714,86.39285714285714,14.214285714285714,26249.0,22603.0,100.0,109.39,23.79,116.4,28.21,63.93,Adecuado,Adecuado,Crítico,Adecuado,Crítico,Crítico,68.24,Rojo,6.87,Ámbar,78.49,2024-03
78453632,Renato Ramírez Quispe,Central de Emergencias,Ate,2021-12-05,Activo,2024,03,2024-03,50.0,198.7075,95.95214285714286,5.9835714285714285,77.88,79.42857142857143,87.92857142857143,14.428571428571429,25593.0,22533.0,100.0,109.52,1.64,150.0,47.14,79.29,Adecuado,Adecuado,Crítico,Adecuado,Crítico,Por mejorar,78.49,Ámbar,6.95,Ámbar,88.75,2024-04
78453632,Renato Ramírez Quispe,Central de Emergencias,Ate,2021-12-05,Activo,2024,04,2024-04,55.0,188.675,94.61285714285714,5.77,75.59,82.5,87.07142857142857,15.678571428571429,26984.0,23602.0,150.0,92.26,23.0,148.9,62.5,70.71,Adecuado,Por mejorar,Crítico,Adecuado,Crítico,Por mejorar,88.75,Ámbar,6.98,Rojo,47.26,2024-05
78453632,Renato Ramírez Quispe,Central de Emergencias,Ate,2021-12-05,Activo,2024,05,2024-05,50.0,197.04142857142858,95.1475,6.004642857142857,61.94,82.17857142857143,88.78571428571429,14.928571428571429,28210.0,25033.0,100.0,101.48,0.0,12.4,60.89,87.86,Adecuado,Adecuado,Crítico,Crítico,Crítico,Por mejorar,47.26,Rojo,6.99,Rojo,66.32,2024-06
78453632,Renato Ramírez Quispe,Central de Emergencias,Ate,2021-12-05,Activo,2024,06,2024-06,45.0,188.83214285714286,94.69107142857143,6.1032142857142855,76.95,78.60714285714286,88.67857142857143,14.107142857142858,26702.0,23816.0,0.0,93.82,0.0,150.0,43.04,86.79,Crítico,Por mejorar,Crítico,Adecuado,Crítico,Por mejorar,66.32,Rojo,6.94,Ámbar,70.09,2024-07
78453632,Renato Ramírez Quispe,Central de Emergencias,Ate,2021-12-05,Activo,2024,07,2024-07,45.0,196.54392857142858,94.9075,5.790357142857143,78.94,80.60714285714286,85.32142857142857,14.785714285714286,25129.0,21386.0,0.0,98.15,20.96,150.0,53.04,53.21,Crítico,Por mejorar,Crítico,Adecuado,Crítico,Crítico,70.09,Ámbar,6.98,Rojo,69.96,2024-08
78453632,Renato Ramírez Quispe,Central de Emergencias,Ate,2021-12-05,Activo,2024,08,2024-08,50.0,196.63035714285715,94.94785714285715,6.126428571428572,77.52,73.96428571428571,87.60714285714286,13.285714285714286,27175.0,23958.0,100.0,98.96,0.0,150.0,19.82,76.07,Adecuado,Por mejorar,Crítico,Adecuado,Crítico,Por mejorar,69.96,Rojo,6.99,Rojo,26.3,2024-09
78453632,Renato Ramírez Quispe,Central de Emergencias,Ate,2021-12-05,Activo,2024,09,2024-09,45.0,190.32857142857142,95.44,6.093571428571429,61.46,78.53571428571429,83.28571428571429,14.5,27588.0,22891.0,0.0,104.4,0.0,7.6,42.68,32.86,Crítico,Adecuado,Crítico,Crítico,Crítico,Crítico,26.3,Rojo,6.82,Ámbar,79.8,2024-10
78453632,Renato Ramírez Quispe,Central de Emergencias,Ate,2021-12-05,Activo,2024,10,2024-10,50.0,198.27285714285713,95.74214285714285,6.0667857142857144,77.82,80.96428571428571,87.85714285714286,14.75,27168.0,23943.0,100.0,107.42,0.0,150.0,54.82,78.57,Adecuado,Adecuado,Crítico,Adecuado,Crítico,Por mejorar,79.8,Ámbar,6.87,Ámbar,78.3,2024-11
78453632,Renato Ramírez Quispe,Central de Emergencias,Ate,2021-12-05,Activo,2024,11,2024-11,55.0,190.00892857142858,95.28107142857142,6.003214285714286,72.67,79.32142857142857,92.89285714285714,14.535714285714286,27296.0,25366.0,150.0,102.81,0.0,119.7,46.61,114.46,Adecuado,Adecuado,Crítico,Adecuado,Crítico,Adecuado,78.3,Ámbar,6.97,Rojo,55.94,2024-12
78453632,Renato Ramírez Quispe,Central de Emergencias,Ate,2021-12-05,Activo,2024,12,2024-12,50.0,197.76964285714286,95.49857142857142,6.186071428571428,68.91,78.35714285714286,84.46428571428571,14.285714285714286,25646.0,21667.0,100.0,104.99,0.0,82.1,41.79,44.64,Adecuado,Adecuado,Crítico,Por mejorar,Crítico,Crítico,55.94,Rojo,6.98,Rojo,68.18,2025-01
78453632,Renato Ramírez Quispe,Central de Emergencias,Ate,2021-12-05,Activo,2025,01,2025-01,55.0,196.8867857142857,95.07214285714285,5.856428571428571,67.3,82.78571428571429,87.75,15.142857142857142,27593.0,24310.0,150.0,100.72,14.36,66.0,63.93,77.5,Adecuado,Adecuado,Crítico,Crítico,Crítico,Por mejorar,68.18,Rojo,6.99,Ámbar,77.9,2025-02
78453632,Renato Ramírez Quispe,Central de Emergencias,Ate,2021-12-05,Activo,2025,02,2025-02,55.0,174.59,94.84464285714286,6.0096428571428575,75.07,77.71428571428571,87.64285714285714,13.642857142857142,26803.0,23489.0,150.0,96.89,0.0,143.7,38.57,76.43,Adecuado,Por mejorar,Crítico,Adecuado,Crítico,Por mejorar,77.9,Ámbar,6.99,Rojo,53.96,2025-03
78453632,Renato Ramírez Quispe,Central de Emergencias,Ate,2021-12-05,Activo,2025,03,2025-03,50.0,196.8382142857143,95.04928571428572,6.075714285714286,67.12,77.17857142857143,88.89285714285714,13.678571428571429,25747.0,22855.0,100.0,100.49,0.0,64.2,35.89,88.93,Adecuado,Adecuado,Crítico,Crítico,Crítico,Por mejorar,53.96,Rojo,6.96,Rojo,65.23,2025-04
78453632,Renato Ramírez Quispe,Central de Emergencias,Ate,2021-12-05,Activo,2025,04,2025-04,55.0,188.78035714285716,94.665,6.0175,68.69,78.64285714285714,90.25,14.392857142857142,25603.0,23053.0,150.0,93.3,0.0,79.9,43.21,101.25,Adecuado,Por mejorar,Crítico,Por mejorar,Crítico,Adecuado,65.23,Rojo,6.86,Rojo,42.33,2025-05
78453632,Renato Ramírez Quispe,Central de Emergencias,Ate,2021-12-05,Activo,2025,05,2025-05,45.0,195.2125,94.26392857142856,5.9975,69.69,73.25,87.21428571428571,13.178571428571429,25586.0,22403.0,0.0,85.28,0.25,89.9,16.25,72.14,Crítico,Por mejorar,Crítico,Por mejorar,Crítico,Por mejorar,42.33,Rojo,6.95,Rojo,35.75,2025-06
78453632,Renato Ramírez Quispe,Central de Emergencias,Ate,2021-12-05,Activo,2025,06,2025-06,45.0,188.59142857142857,94.57071428571429,6.030714285714286,60.76,83.71428571428571,89.32142857142857,15.964285714285714,26917.0,23990.0,0.0,91.41,0.0,0.6,68.57,93.21,Crítico,Por mejorar,Crítico,Crítico,Crítico,Por mejorar,35.75,Rojo,6.94,Ámbar,70.02,2025-07
78453632,Renato Ramírez Quispe,Central de Emergencias,Ate,2021-12-05,Activo,2025,07,2025-07,45.0,195.7225,94.51142857142857,5.7925,76.96,80.82142857142857,85.82142857142857,14.357142857142858,26609.0,22610.0,0.0,90.23,20.75,150.0,54.11,58.21,Crítico,Por mejorar,Crítico,Adecuado,Crítico,Crítico,70.02,Ámbar,6.68,Rojo,44.1,2025-08
78453632,Renato Ramírez Quispe,Central de Emergencias,Ate,2021-12-05,Activo,2025,08,2025-08,55.0,197.5092857142857,95.37357142857142,6.0496428571428575,61.87,78.60714285714286,85.03571428571429,14.178571428571429,24870.0,21154.0,150.0,103.74,0.0,11.7,43.04,50.36,Adecuado,Adecuado,Crítico,Crítico,Crítico,Crítico,44.1,Rojo,6.98,Rojo,61.12,2025-09
78453632,Renato Ramírez Quispe,Central de Emergencias,Ate,2021-12-05,Activo,2025,09,2025-09,50.0,189.56464285714284,95.05821428571429,5.8925,68.55,80.28571428571429,86.42857142857143,14.785714285714286,26261.0,22547.0,100.0,100.58,10.75,78.5,51.43,64.29,Adecuado,Adecuado,Crítico,Por mejorar,Crítico,Crítico,61.12,Rojo,6.95,Rojo,60.47,2025-10
78453632,Renato Ramírez Quispe,Central de Emergencias,Ate,2021-12-05,Activo,2025,10,2025-10,55.0,195.7042857142857,94.50214285714286,6.180714285714286,67.83,79.71428571428571,86.5,14.0,25458.0,22066.0,150.0,90.04,0.0,71.3,48.57,65.0,Adecuado,Por mejorar,Crítico,Por mejorar,Crítico,Crítico,60.47,Rojo,6.97,Rojo,69.82,2025-11
78453632,Renato Ramírez Quispe,Central de Emergencias,Ate,2021-12-05,Activo,2025,11,2025-11,50.0,188.8907142857143,94.71964285714286,6.229285714285714,73.9,77.07142857142857,88.53571428571429,14.285714285714286,26648.0,23606.0,100.0,94.39,0.0,132.0,35.36,85.36,Adecuado,Por mejorar,Crítico,Adecuado,Crítico,Por mejorar,69.82,Rojo,7.0,Rojo,69.86,2025-12
78453632,Renato Ramírez Quispe,Central de Emergencias,Ate,2021-12-05,Activo,2025,12,2025-12,45.0,198.50357142857143,95.85392857142857,5.880357142857143,77.5,78.46428571428571,88.53571428571429,14.25,27610.0,24512.0,0.0,108.54,11.96,150.0,42.32,85.36,Crítico,Adecuado,Crítico,Adecuado,Crítico,Por mejorar,69.86,Rojo,6.85,Ámbar,85.57,2026-01
78453632,Renato Ramírez Quispe,Central de Emergencias,Ate,2021-12-05,Activo,2026,01,2026-01,55.0,196.5182142857143,94.89535714285714,5.921428571428572,76.7,80.96428571428571,88.0,14.857142857142858,27494.0,24277.0,150.0,97.91,7.86,150.0,54.82,80.0,Adecuado,Por mejorar,Crítico,Adecuado,Crítico,Por mejorar,85.57,Ámbar,7.0,Ámbar,78.02,2026-02
78453632,Renato Ramírez Quispe,Central de Emergencias,Ate,2021-12-05,Activo,2026,02,2026-02,50.0,175.1017857142857,95.12321428571428,5.962142857142857,77.98,79.82142857142857,87.35714285714286,14.357142857142858,28067.0,24328.0,100.0,101.23,3.79,150.0,49.11,73.57,Adecuado,Adecuado,Crítico,Adecuado,Crítico,Por mejorar,78.02,Ámbar,6.88,Rojo,48.27,2026-03
78453632,Renato Ramírez Quispe,Central de Emergencias,Ate,2021-12-05,Activo,2026,03,2026-03,50.0,197.90535714285716,95.56428571428572,6.023571428571429,62.02,81.89285714285714,89.53571428571429,14.678571428571429,28022.0,24979.0,100.0,105.64,0.0,13.2,59.46,95.36,Adecuado,Adecuado,Crítico,Crítico,Crítico,Por mejorar,48.27,Rojo,6.96,Rojo,38.4,2026-04
79635809,Fiorella Medina Medina,Monitoreo de Incidencias,Lima Centro,2021-10-11,Cesado,2024,01,2024-01,55.0,165.07833333333335,79.71222222222222,6.0473333333333334,76.94,79.93333333333334,88.45454545454545,14.866666666666667,20897.0,18396.0,150.0,0.0,0.0,150.0,49.67,84.55,Adecuado,Crítico,Crítico,Adecuado,Crítico,Por mejorar,73.37,Ámbar,6.96,Rojo,40.68,2024-02
79635809,Fiorella Medina Medina,Monitoreo de Incidencias,Lima Centro,2021-10-11,Cesado,2024,02,2024-02,45.0,155.04866666666666,80.85866666666666,6.19,72.34,74.27777777777777,86.23529411764706,13.61111111111111,16405.0,14148.0,0.0,0.0,0.0,116.4,21.39,62.35,Crítico,Crítico,Crítico,Adecuado,Crítico,Crítico,40.68,Rojo,6.95,Ámbar,73.68,2024-03
79635809,Fiorella Medina Medina,Monitoreo de Incidencias,Lima Centro,2021-10-11,Cesado,2024,03,2024-03,50.0,165.2135294117647,79.77823529411765,5.827368421052632,77.88,84.0,85.23076923076923,15.4,11552.0,9691.0,100.0,0.0,17.26,150.0,70.0,52.31,Adecuado,Crítico,Crítico,Adecuado,Por mejorar,Crítico,73.68,Ámbar,6.89,Rojo,60.26,2024-04
79635809,Fiorella Medina Medina,Monitoreo de Incidencias,Lima Centro,2021-10-11,Cesado,2024,04,2024-04,50.0,160.78473684210527,80.62526315789474,6.035238095238095,75.59,75.33333333333333,86.36363636363636,13.5,20968.0,17901.0,100.0,0.0,0.0,148.9,26.67,63.64,Adecuado,Crítico,Crítico,Adecuado,Crítico,Crítico,60.26,Rojo,6.79,Rojo,35.4,2024-05
79635809,Fiorella Medina Medina,Monitoreo de Incidencias,Lima Centro,2021-10-11,Cesado,2024,05,2024-05,50.0,166.20631578947368,80.25736842105263,6.063684210526316,61.94,80.3125,89.41176470588235,14.75,15198.0,13638.0,100.0,0.0,0.0,12.4,51.56,94.12,Adecuado,Crítico,Crítico,Crítico,Crítico,Por mejorar,35.4,Rojo,7.0,Ámbar,75.74,2024-06
79635809,Fiorella Medina Medina,Monitoreo de Incidencias,Lima Centro,2021-10-11,Cesado,2024,06,2024-06,55.0,160.04222222222222,80.25333333333333,5.81625,76.95,77.78947368421052,89.82352941176471,14.31578947368421,15365.0,13751.0,150.0,0.0,18.38,150.0,38.95,98.24,Adecuado,Crítico,Crítico,Adecuado,Crítico,Por mejorar,75.74,Ámbar,6.99,Rojo,67.65,2024-07
79635809,Fiorella Medina Medina,Monitoreo de Incidencias,Lima Centro,2021-10-11,Cesado,2024,07,2024-07,50.0,165.7135294117647,80.02176470588235,5.924545454545455,78.94,78.46153846153847,88.06666666666666,14.461538461538462,14862.0,13003.0,100.0,0.0,7.55,150.0,42.31,80.67,Adecuado,Crítico,Crítico,Adecuado,Crítico,Por mejorar,67.65,Rojo,6.98,Rojo,55.08,2024-08
79635809,Fiorella Medina Medina,Monitoreo de Incidencias,Lima Centro,2021-10-11,Cesado,2024,08,2024-08,45.0,170.03142857142856,82.10642857142857,6.003333333333333,77.52,78.92307692307692,86.42105263157895,14.23076923076923,17115.0,14766.0,0.0,0.0,0.0,150.0,44.62,64.21,Crítico,Crítico,Crítico,Adecuado,Crítico,Crítico,55.08,Rojo,6.81,Rojo,23.76,2024-09
79635809,Fiorella Medina Medina,Monitoreo de Incidencias,Lima Centro,2021-10-11,Cesado,2024,09,2024-09,45.0,157.579375,79.02,6.168888888888889,61.46,81.70588235294117,87.23076923076923,14.647058823529411,12313.0,10674.0,0.0,0.0,0.0,7.6,58.53,72.31,Crítico,Crítico,Crítico,Crítico,Crítico,Por mejorar,23.76,Rojo,6.79,Rojo,68.9,2024-10
79635809,Fiorella Medina Medina,Monitoreo de Incidencias,Lima Centro,2021-10-11,Cesado,2024,10,2024-10,55.0,170.17947368421054,82.17684210526316,5.886315789473684,77.82,76.33333333333333,86.21052631578948,12.88888888888889,17742.0,15414.0,150.0,0.0,11.37,150.0,31.67,62.11,Adecuado,Crítico,Crítico,Adecuado,Crítico,Crítico,68.9,Rojo,6.91,Rojo,65.11,2024-11
79635809,Fiorella Medina Medina,Monitoreo de Incidencias,Lima Centro,2021-10-11,Cesado,2024,11,2024-11,50.0,161.15947368421052,80.81473684210526,5.93625,72.67,80.78947368421052,90.83333333333333,14.631578947368421,17923.0,16260.0,100.0,0.0,6.38,119.7,53.95,104.17,Adecuado,Crítico,Crítico,Adecuado,Crítico,Adecuado,65.11,Rojo,6.91,Rojo,43.05,2024-12
79635809,Fiorella Medina Medina,Monitoreo de Incidencias,Lima Centro,2021-10-11,Cesado,2024,12,2024-12,50.0,165.97277777777776,80.14555555555556,5.912222222222222,68.91,73.5,86.38888888888889,12.777777777777779,15410.0,13305.0,100.0,0.0,8.78,82.1,17.5,63.89,Adecuado,Crítico,Crítico,Por mejorar,Crítico,Crítico,43.05,Rojo,6.93,Rojo,24.4,2025-01
79635809,Fiorella Medina Medina,Monitoreo de Incidencias,Lima Centro,2021-10-11,Cesado,2025,01,2025-01,45.0,169.47666666666666,81.83444444444444,6.383125,67.3,73.46153846153847,83.57142857142857,12.923076923076923,19580.0,16250.0,0.0,0.0,0.0,66.0,17.31,35.71,Crítico,Crítico,Crítico,Crítico,Crítico,Crítico,24.4,Rojo,6.92,Ámbar,76.89,2025-02
79635809,Fiorella Medina Medina,Monitoreo de Incidencias,Lima Centro,2021-10-11,Cesado,2025,02,2025-02,55.0,147.003125,79.858125,5.94125,75.07,83.78947368421052,87.55555555555556,15.052631578947368,15535.0,13566.0,150.0,0.0,5.88,143.7,68.95,75.56,Adecuado,Crítico,Crítico,Adecuado,Crítico,Por mejorar,76.89,Ámbar,6.81,Rojo,52.78,2025-03
79635809,Fiorella Medina Medina,Monitoreo de Incidencias,Lima Centro,2021-10-11,Cesado,2025,03,2025-03,55.0,163.96533333333332,79.17533333333333,6.035625,67.12,80.61111111111111,88.46666666666667,15.444444444444445,14496.0,12917.0,150.0,0.0,0.0,64.2,53.06,84.67,Adecuado,Crítico,Crítico,Crítico,Crítico,Por mejorar,52.78,Rojo,6.78,Rojo,63.18,2025-04
79635809,Fiorella Medina Medina,Monitoreo de Incidencias,Lima Centro,2021-10-11,Cesado,2025,04,2025-04,55.0,159.106875,79.785625,6.11875,68.69,83.41666666666667,92.875,16.0,14810.0,13791.0,150.0,0.0,0.0,79.9,67.08,114.38,Adecuado,Crítico,Crítico,Por mejorar,Crítico,Adecuado,63.18,Rojo,7.0,Rojo,46.41,2025-05
79635809,Fiorella Medina Medina,Monitoreo de Incidencias,Lima Centro,2021-10-11,Cesado,2025,05,2025-05,55.0,175.17125,84.586875,5.920555555555556,69.69,72.4,84.35,12.6,18938.0,15837.0,150.0,0.0,7.94,89.9,12.0,43.5,Adecuado,Crítico,Crítico,Por mejorar,Crítico,Crítico,46.41,Rojo,6.88,Rojo,21.78,2025-06
79635809,Fiorella Medina Medina,Monitoreo de Incidencias,Lima Centro,2021-10-11,Cesado,2025,06,2025-06,45.0,161.43833333333333,80.95444444444445,5.843076923076923,60.76,77.52941176470588,89.07692307692308,14.294117647058824,13343.0,11823.0,0.0,0.0,15.69,0.6,37.65,90.77,Crítico,Crítico,Crítico,Crítico,Crítico,Por mejorar,21.78,Rojo,6.75,Ámbar,73.61,2025-07
79635809,Fiorella Medina Medina,Monitoreo de Incidencias,Lima Centro,2021-10-11,Cesado,2025,07,2025-07,55.0,166.9323076923077,80.60923076923076,5.9255555555555555,76.96,80.6842105263158,86.26666666666667,14.947368421052632,13558.0,11736.0,150.0,0.0,7.44,150.0,53.42,62.67,Adecuado,Crítico,Crítico,Adecuado,Crítico,Crítico,73.61,Ámbar,6.88,Rojo,28.09,2025-08
79635809,Fiorella Medina Medina,Monitoreo de Incidencias,Lima Centro,2021-10-11,Cesado,2025,08,2025-08,45.0,161.2935294117647,77.88588235294118,5.883571428571429,61.87,79.88888888888889,90.94444444444444,14.0,16684.0,15060.0,0.0,0.0,11.64,11.7,49.44,104.72,Crítico,Crítico,Crítico,Crítico,Crítico,Adecuado,28.09,Rojo,6.86,Rojo,40.02,2025-09
79635809,Fiorella Medina Medina,Monitoreo de Incidencias,Lima Centro,2021-10-11,Cesado,2025,09,2025-09,45.0,159.405,79.93416666666667,6.145263157894737,68.55,81.0,86.6470588235294,14.8,16480.0,14230.0,0.0,0.0,0.0,78.5,55.0,66.47,Crítico,Crítico,Crítico,Por mejorar,Crítico,Crítico,40.02,Rojo,6.99,Rojo,38.79,2025-10
79635809,Fiorella Medina Medina,Monitoreo de Incidencias,Lima Centro,2021-10-11,Cesado,2025,10,2025-10,45.0,164.84785714285715,79.60214285714285,6.220769230769231,67.83,79.57142857142857,89.0,14.428571428571429,18301.0,16207.0,0.0,0.0,0.0,71.3,47.86,90.0,Crítico,Crítico,Crítico,Por mejorar,Crítico,Por mejorar,38.79,Rojo,6.95,Ámbar,70.89,2025-11
79635809,Fiorella Medina Medina,Monitoreo de Incidencias,Lima Centro,2021-10-11,Cesado,2025,11,2025-11,55.0,158.09307692307692,79.27461538461539,5.8566666666666665,73.9,79.3157894736842,88.375,14.842105263157896,16453.0,14625.0,150.0,0.0,14.33,132.0,46.58,83.75,Adecuado,Crítico,Crítico,Adecuado,Crítico,Por mejorar,70.89,Ámbar,6.94,Ámbar,83.47,2025-12
79635809,Fiorella Medina Medina,Monitoreo de Incidencias,Lima Centro,2021-10-11,Cesado,2025,12,2025-12,55.0,173.0611111111111,83.56944444444444,5.784705882352942,77.5,83.33333333333333,90.0,15.222222222222221,15993.0,14409.0,150.0,0.0,21.53,150.0,66.67,100.0,Adecuado,Crítico,Crítico,Adecuado,Crítico,Adecuado,83.47,Ámbar,6.91,Ámbar,73.99,2026-01
79635809,Fiorella Medina Medina,Monitoreo de Incidencias,Lima Centro,2021-10-11,Cesado,2026,01,2026-01,50.0,167.60333333333332,80.93266666666666,6.03625,76.7,86.94444444444444,85.3125,16.11111111111111,14725.0,12622.0,100.0,0.0,0.0,150.0,84.72,53.13,Adecuado,Crítico,Crítico,Adecuado,Por mejorar,Crítico,73.99,Ámbar,6.71,Rojo,68.02,2026-02
79635809,Fiorella Medina Medina,Monitoreo de Incidencias,Lima Centro,2021-10-11,Cesado,2026,02,2026-02,50.0,152.72071428571428,82.96357142857143,5.973809523809524,77.98,77.6923076923077,90.76470588235294,13.846153846153847,15698.0,14323.0,100.0,0.0,2.62,150.0,38.46,103.82,Adecuado,Crítico,Crítico,Adecuado,Crítico,Adecuado,68.02,Rojo,6.84,Rojo,31.67,2026-03
79635809,Fiorella Medina Medina,Monitoreo de Incidencias,Lima Centro,2021-10-11,Cesado,2026,03,2026-03,50.0,166.960625,80.6225,5.961176470588235,62.02,79.57142857142857,85.625,13.928571428571429,15348.0,13104.0,100.0,0.0,3.88,13.2,47.86,56.25,Adecuado,Crítico,Crítico,Crítico,Crítico,Crítico,31.67,Rojo,6.69,Rojo,42.1,2026-04
79983105,Marco Rojas Mamani,Gestión de Reportes,Ate,2025-10-22,Activo,2024,01,2024-01,50.0,198.05428571428573,95.63642857142857,5.794642857142857,76.94,80.07142857142857,87.17857142857143,14.928571428571429,28227.0,24599.0,100.0,106.36,20.54,150.0,50.36,71.79,Adecuado,Adecuado,Crítico,Adecuado,Crítico,Por mejorar,82.01,Ámbar,6.85,Ámbar,73.15,2024-02
79983105,Marco Rojas Mamani,Gestión de Reportes,Ate,2025-10-22,Activo,2024,02,2024-02,50.0,182.18607142857144,95.01142857142857,6.031071428571429,72.34,83.57142857142857,87.07142857142857,15.321428571428571,26964.0,23467.0,100.0,100.11,0.0,116.4,67.86,70.71,Adecuado,Adecuado,Crítico,Adecuado,Crítico,Por mejorar,73.15,Ámbar,6.91,Ámbar,73.31,2024-03
79983105,Marco Rojas Mamani,Gestión de Reportes,Ate,2025-10-22,Activo,2024,03,2024-03,50.0,197.37785714285715,95.30964285714286,5.964285714285714,77.88,75.28571428571429,88.17857142857143,13.0,26712.0,23563.0,100.0,103.1,3.57,150.0,26.43,81.79,Adecuado,Adecuado,Crítico,Adecuado,Crítico,Por mejorar,73.31,Ámbar,6.92,Ámbar,78.35,2024-04
79983105,Marco Rojas Mamani,Gestión de Reportes,Ate,2025-10-22,Activo,2024,04,2024-04,55.0,190.13964285714286,95.34607142857143,5.9925,75.59,75.67857142857143,88.53571428571429,13.607142857142858,27670.0,24358.0,150.0,103.46,0.75,148.9,28.39,85.36,Adecuado,Adecuado,Crítico,Adecuado,Crítico,Por mejorar,78.35,Ámbar,6.99,Rojo,44.51,2024-05
79983105,Marco Rojas Mamani,Gestión de Reportes,Ate,2025-10-22,Activo,2024,05,2024-05,50.0,195.34428571428572,94.32857142857142,6.111428571428571,61.94,81.0,89.0,15.178571428571429,25030.0,22238.0,100.0,86.57,0.0,12.4,55.0,90.0,Adecuado,Por mejorar,Crítico,Crítico,Crítico,Por mejorar,44.51,Rojo,6.96,Ámbar,81.71,2024-06
79983105,Marco Rojas Mamani,Gestión de Reportes,Ate,2025-10-22,Activo,2024,06,2024-06,55.0,191.36,95.95714285714286,5.8742857142857146,76.95,76.39285714285714,87.75,13.178571428571429,28203.0,24526.0,150.0,109.57,12.57,150.0,31.96,77.5,Adecuado,Adecuado,Crítico,Adecuado,Crítico,Por mejorar,81.71,Ámbar,6.77,Rojo,63.59,2024-07
79983105,Marco Rojas Mamani,Gestión de Reportes,Ate,2025-10-22,Activo,2024,07,2024-07,45.0,194.18392857142857,93.76785714285714,5.9157142857142855,78.94,76.60714285714286,88.60714285714286,13.821428571428571,26428.0,23379.0,0.0,75.36,8.43,150.0,33.04,86.07,Crítico,Por mejorar,Crítico,Adecuado,Crítico,Por mejorar,63.59,Rojo,6.89,Ámbar,74.61,2024-08
79983105,Marco Rojas Mamani,Gestión de Reportes,Ate,2025-10-22,Activo,2024,08,2024-08,50.0,197.50107142857144,95.37,6.047142857142857,77.52,79.10714285714286,85.35714285714286,14.571428571428571,25562.0,21885.0,100.0,103.7,0.0,150.0,45.54,53.57,Adecuado,Adecuado,Crítico,Adecuado,Crítico,Crítico,74.61,Ámbar,6.97,Rojo,31.91,2024-09
79983105,Marco Rojas Mamani,Gestión de Reportes,Ate,2025-10-22,Activo,2024,09,2024-09,45.0,190.10321428571427,95.32785714285714,5.9825,61.46,81.32142857142857,85.17857142857143,15.214285714285714,26543.0,22674.0,0.0,103.28,1.75,7.6,56.61,51.79,Crítico,Adecuado,Crítico,Crítico,Crítico,Crítico,31.91,Rojo,6.92,Rojo,69.35,2024-10
79983105,Marco Rojas Mamani,Gestión de Reportes,Ate,2025-10-22,Activo,2024,10,2024-10,50.0,198.15321428571428,95.68535714285714,5.960357142857143,77.82,71.21428571428571,88.85714285714286,12.821428571428571,27039.0,24133.0,100.0,106.85,3.96,150.0,6.07,88.57,Adecuado,Adecuado,Crítico,Adecuado,Crítico,Por mejorar,69.35,Rojo,6.99,Ámbar,75.28,2024-11
79983105,Marco Rojas Mamani,Gestión de Reportes,Ate,2025-10-22,Activo,2024,11,2024-11,55.0,189.5467857142857,95.04892857142858,5.726428571428571,72.67,76.64285714285714,86.53571428571429,13.892857142857142,24564.0,21057.0,150.0,100.49,27.36,119.7,33.21,65.36,Adecuado,Adecuado,Crítico,Adecuado,Crítico,Crítico,75.28,Ámbar,6.92,Rojo,48.47,2024-12
79983105,Marco Rojas Mamani,Gestión de Reportes,Ate,2025-10-22,Activo,2024,12,2024-12,45.0,197.86285714285714,95.54428571428572,5.9957142857142856,68.91,76.67857142857143,88.96428571428571,13.642857142857142,25722.0,22798.0,0.0,105.44,0.43,82.1,33.39,89.64,Crítico,Adecuado,Crítico,Por mejorar,Crítico,Por mejorar,48.47,Rojo,6.94,Rojo,65.66,2025-01
79983105,Marco Rojas Mamani,Gestión de Reportes,Ate,2025-10-22,Activo,2025,01,2025-01,55.0,198.1782142857143,95.69642857142857,6.126785714285714,67.3,80.85714285714286,89.89285714285714,14.607142857142858,25718.0,23195.0,150.0,106.96,0.0,66.0,54.29,98.93,Adecuado,Adecuado,Crítico,Crítico,Crítico,Por mejorar,65.66,Rojo,6.97,Ámbar,76.74,2025-02
79983105,Marco Rojas Mamani,Gestión de Reportes,Ate,2025-10-22,Activo,2025,02,2025-02,50.0,175.755,95.47714285714285,5.961071428571429,75.07,78.82142857142857,88.53571428571429,14.107142857142858,26134.0,23174.0,100.0,104.77,3.89,143.7,44.11,85.36,Adecuado,Adecuado,Crítico,Adecuado,Crítico,Por mejorar,76.74,Ámbar,6.87,Rojo,62.28,2025-03
79983105,Marco Rojas Mamani,Gestión de Reportes,Ate,2025-10-22,Activo,2025,03,2025-03,55.0,194.59678571428572,93.96821428571428,6.040357142857143,67.12,81.75,88.60714285714286,15.178571428571429,27757.0,24567.0,150.0,79.36,0.0,64.2,58.75,86.07,Adecuado,Por mejorar,Crítico,Crítico,Crítico,Por mejorar,62.28,Rojo,6.91,Rojo,61.75,2025-04
79983105,Marco Rojas Mamani,Gestión de Reportes,Ate,2025-10-22,Activo,2025,04,2025-04,50.0,190.4507142857143,95.50214285714286,5.773928571428572,68.69,76.0,89.25,13.928571428571429,26485.0,23421.0,100.0,105.02,22.61,79.9,30.0,92.5,Adecuado,Adecuado,Crítico,Por mejorar,Crítico,Por mejorar,61.75,Rojo,6.92,Rojo,62.72,2025-05
79983105,Marco Rojas Mamani,Gestión de Reportes,Ate,2025-10-22,Activo,2025,05,2025-05,50.0,198.5625,95.8825,6.142857142857143,69.69,80.57142857142857,86.14285714285714,14.607142857142858,25238.0,21809.0,100.0,108.83,0.0,89.9,52.86,61.43,Adecuado,Adecuado,Crítico,Por mejorar,Crítico,Crítico,62.72,Rojo,7.0,Rojo,25.6,2025-06
79983105,Marco Rojas Mamani,Gestión de Reportes,Ate,2025-10-22,Activo,2025,06,2025-06,45.0,189.34035714285713,94.94571428571429,5.8742857142857146,60.76,74.89285714285714,86.92857142857143,13.571428571428571,26199.0,22829.0,0.0,98.91,12.57,0.6,24.46,69.29,Crítico,Por mejorar,Crítico,Crítico,Crítico,Crítico,25.6,Rojo,6.92,Ámbar,88.93,2025-07
79983105,Marco Rojas Mamani,Gestión de Reportes,Ate,2025-10-22,Activo,2025,07,2025-07,55.0,198.41571428571427,95.8125,5.8075,76.96,82.21428571428571,86.5,14.678571428571429,25594.0,22130.0,150.0,108.13,19.25,150.0,61.07,65.0,Adecuado,Adecuado,Crítico,Adecuado,Crítico,Crítico,88.93,Ámbar,6.82,Rojo,32.8,2025-08
79983105,Marco Rojas Mamani,Gestión de Reportes,Ate,2025-10-22,Activo,2025,08,2025-08,45.0,193.8907142857143,93.62607142857142,5.724285714285714,61.87,78.28571428571429,86.75,14.392857142857142,25510.0,22212.0,0.0,72.52,27.57,11.7,41.43,67.5,Crítico,Por mejorar,Crítico,Crítico,Crítico,Crítico,32.8,Rojo,6.95,Rojo,63.66,2025-09
79983105,Marco Rojas Mamani,Gestión de Reportes,Ate,2025-10-22,Activo,2025,09,2025-09,50.0,190.08607142857142,95.31857142857143,5.7492857142857146,68.55,79.10714285714286,87.32142857142857,14.357142857142858,27588.0,23895.0,100.0,103.19,25.07,78.5,45.54,73.21,Adecuado,Adecuado,Crítico,Por mejorar,Crítico,Por mejorar,63.66,Rojo,6.75,Rojo,61.28,2025-10
79983105,Marco Rojas Mamani,Gestión de Reportes,Ate,2025-10-22,Activo,2025,10,2025-10,55.0,197.9875,95.60428571428571,5.8689285714285715,67.83,76.92857142857143,86.57142857142857,13.75,27442.0,23821.0,150.0,106.04,13.11,71.3,34.64,65.71,Adecuado,Adecuado,Crítico,Por mejorar,Crítico,Crítico,61.28,Rojo,6.93,Ámbar,72.49,2025-11
79983105,Marco Rojas Mamani,Gestión de Reportes,Ate,2025-10-22,Activo,2025,11,2025-11,50.0,188.67642857142857,94.6125,5.7839285714285715,73.9,77.07142857142857,87.10714285714286,14.821428571428571,26469.0,23192.0,100.0,92.25,21.61,132.0,35.36,71.07,Adecuado,Por mejorar,Crítico,Adecuado,Crítico,Por mejorar,72.49,Ámbar,6.99,Ámbar,70.45,2025-12
79983105,Marco Rojas Mamani,Gestión de Reportes,Ate,2025-10-22,Activo,2025,12,2025-12,50.0,196.1092857142857,94.69678571428571,6.036785714285714,77.5,78.21428571428571,83.28571428571429,14.285714285714286,26479.0,22133.0,100.0,93.94,0.0,150.0,41.07,32.86,Adecuado,Por mejorar,Crítico,Adecuado,Crítico,Crítico,70.45,Ámbar,6.99,Ámbar,83.12,2026-01
79983105,Marco Rojas Mamani,Gestión de Reportes,Ate,2025-10-22,Activo,2026,01,2026-01,55.0,196.1875,94.735,5.932857142857143,76.7,80.5,86.67857142857143,14.5,27313.0,23681.0,150.0,94.7,6.71,150.0,52.5,66.79,Adecuado,Por mejorar,Crítico,Adecuado,Crítico,Crítico,83.12,Ámbar,6.84,Rojo,68.75,2026-02
79983105,Marco Rojas Mamani,Gestión de Reportes,Ate,2025-10-22,Activo,2026,02,2026-02,45.0,174.29,94.68142857142857,5.962857142857143,77.98,82.85714285714286,85.07142857142857,15.035714285714286,25472.0,21672.0,0.0,93.63,3.71,150.0,64.29,50.71,Crítico,Por mejorar,Crítico,Adecuado,Crítico,Crítico,68.75,Rojo,6.92,Rojo,44.82,2026-03
79983105,Marco Rojas Mamani,Gestión de Reportes,Ate,2025-10-22,Activo,2026,03,2026-03,50.0,195.13107142857143,94.22535714285715,5.9817857142857145,62.02,80.82142857142857,89.17857142857143,14.428571428571429,25758.0,22948.0,100.0,84.51,1.82,13.2,54.11,91.79,Adecuado,Por mejorar,Crítico,Crítico,Crítico,Por mejorar,44.82,Rojo,6.85,Rojo,51.22,2026-04
